payment_id,order_id,amount,currency,status,captured_at,method,merchant_reference
PAY_10001,ORDER_10001,6412.01,INR,captured,2026-05-12T13:51:00Z,card,MREF_10001
PAY_10002,ORDER_10002,8242.18,INR,captured,2026-05-03T10:37:00Z,upi,MREF_10002
PAY_10003,ORDER_10003,3020.46,INR,captured,2026-03-30T20:44:00Z,card,MREF_10003
PAY_10004,ORDER_10004,185.93,INR,captured,2026-04-30T16:36:00Z,upi,MREF_10004
PAY_10005,ORDER_10005,444.87,INR,captured,2026-06-09T06:35:00Z,upi,MREF_10005
PAY_10006,ORDER_10006,5108.63,INR,captured,2026-03-08T08:47:00Z,card,MREF_10006
PAY_10007,ORDER_10007,7714.36,INR,captured,2026-03-21T19:29:00Z,upi,MREF_10007
PAY_10008,ORDER_10008,5354.20,INR,captured,2026-04-23T06:03:00Z,netbanking,MREF_10008
PAY_10009,ORDER_10009,2988.93,INR,captured,2026-03-30T16:12:00Z,netbanking,MREF_10009
PAY_10010,ORDER_10010,2807.33,INR,captured,2026-06-12T14:12:00Z,upi,MREF_10010
PAY_10011,ORDER_10011,6630.37,INR,captured,2026-03-09T16:40:00Z,wallet,MREF_10011
PAY_10012,ORDER_10012,8960.45,INR,captured,2026-03-11T21:25:00Z,card,MREF_10012
PAY_10013,ORDER_10013,4654.10,INR,captured,2026-03-14T06:21:00Z,netbanking,MREF_10013
PAY_10014,ORDER_10014,8891.01,INR,captured,2026-06-16T07:43:00Z,upi,MREF_10014
PAY_10015,ORDER_10015,7834.68,INR,captured,2026-05-24T08:31:00Z,card,MREF_10015
PAY_10016,ORDER_10016,4207.80,INR,captured,2026-06-28T15:54:00Z,netbanking,MREF_10016
PAY_10017,ORDER_10017,6970.02,INR,captured,2026-04-10T15:19:00Z,upi,MREF_10017
PAY_10018,ORDER_10018,9444.00,INR,captured,2026-04-23T19:41:00Z,wallet,MREF_10018
PAY_10019,ORDER_10019,1093.20,INR,captured,2026-04-21T14:17:00Z,netbanking,MREF_10019
PAY_10020,ORDER_10020,1025.54,INR,captured,2026-04-07T18:54:00Z,upi,MREF_10020
PAY_10021,ORDER_10021,1817.99,INR,captured,2026-06-07T08:58:00Z,netbanking,MREF_10021
PAY_10022,ORDER_10022,1678.14,INR,captured,2026-05-23T09:24:00Z,netbanking,MREF_10022
PAY_10023,ORDER_10023,8442.31,INR,captured,2026-04-10T09:37:00Z,upi,MREF_10023
PAY_10024,ORDER_10024,8225.61,INR,captured,2026-06-04T12:07:00Z,upi,MREF_10024
PAY_10025,ORDER_10025,8339.88,INR,captured,2026-03-02T17:38:00Z,wallet,MREF_10025
PAY_10026,ORDER_10026,1870.61,INR,captured,2026-03-26T15:29:00Z,card,MREF_10026
PAY_10027,ORDER_10027,2725.78,INR,captured,2026-05-24T17:17:00Z,upi,MREF_10027
PAY_10028,ORDER_10028,5501.48,INR,captured,2026-03-04T09:59:00Z,wallet,MREF_10028
PAY_10029,ORDER_10029,2884.90,INR,captured,2026-03-20T08:33:00Z,upi,MREF_10029
PAY_10030,ORDER_10030,3876.10,INR,captured,2026-04-22T12:41:00Z,upi,MREF_10030
PAY_10031,ORDER_10031,5861.63,INR,captured,2026-06-16T11:29:00Z,netbanking,MREF_10031
PAY_10032,ORDER_10032,2943.59,INR,captured,2026-05-10T09:19:00Z,upi,MREF_10032
PAY_10033,ORDER_10033,6648.12,INR,captured,2026-05-20T09:10:00Z,upi,MREF_10033
PAY_10034,ORDER_10034,5549.96,INR,captured,2026-03-15T11:02:00Z,card,MREF_10034
PAY_10035,ORDER_10035,8683.07,INR,captured,2026-04-27T12:42:00Z,wallet,MREF_10035
PAY_10036,ORDER_10036,5065.06,INR,captured,2026-04-22T08:52:00Z,wallet,MREF_10036
PAY_10037,ORDER_10037,5935.25,INR,captured,2026-06-16T13:08:00Z,wallet,MREF_10037
PAY_10038,ORDER_10038,9354.99,INR,captured,2026-03-26T12:32:00Z,upi,MREF_10038
PAY_10039,ORDER_10039,650.64,INR,captured,2026-06-12T19:44:00Z,card,MREF_10039
PAY_10040,ORDER_10040,7263.47,INR,captured,2026-03-21T14:40:00Z,wallet,MREF_10040
PAY_10041,ORDER_10041,8125.21,INR,captured,2026-06-06T16:50:00Z,netbanking,MREF_10041
PAY_10042,ORDER_10042,6517.24,INR,captured,2026-04-12T13:52:00Z,upi,MREF_10042
PAY_10043,ORDER_10043,8047.66,INR,captured,2026-06-21T16:19:00Z,card,MREF_10043
PAY_10044,ORDER_10044,6205.58,INR,captured,2026-04-13T06:05:00Z,netbanking,MREF_10044
PAY_10045,ORDER_10045,6764.91,INR,captured,2026-06-23T20:27:00Z,card,MREF_10045
PAY_10046,ORDER_10046,2870.70,INR,captured,2026-04-02T08:02:00Z,upi,MREF_10046
PAY_10047,ORDER_10047,7487.79,INR,captured,2026-05-08T17:47:00Z,card,MREF_10047
PAY_10048,ORDER_10048,4535.41,INR,captured,2026-05-19T14:26:00Z,upi,MREF_10048
PAY_10049,ORDER_10049,1530.48,INR,captured,2026-04-21T11:18:00Z,netbanking,MREF_10049
PAY_10050,ORDER_10050,6202.95,INR,captured,2026-04-02T14:32:00Z,upi,MREF_10050
PAY_10051,ORDER_10051,8969.29,INR,captured,2026-03-17T06:08:00Z,card,MREF_10051
PAY_10052,ORDER_10052,1073.69,INR,captured,2026-06-13T12:30:00Z,wallet,MREF_10052
PAY_10053,ORDER_10053,6720.84,INR,captured,2026-03-07T11:13:00Z,netbanking,MREF_10053
PAY_10054,ORDER_10054,6332.22,INR,captured,2026-03-12T21:45:00Z,wallet,MREF_10054
PAY_10055,ORDER_10055,1803.38,INR,captured,2026-05-05T18:31:00Z,card,MREF_10055
PAY_10056,ORDER_10056,6434.51,INR,captured,2026-03-12T06:15:00Z,netbanking,MREF_10056
PAY_10057,ORDER_10057,3859.74,INR,captured,2026-05-07T21:01:00Z,upi,MREF_10057
PAY_10058,ORDER_10058,2066.43,INR,captured,2026-04-04T19:32:00Z,wallet,MREF_10058
PAY_10059,ORDER_10059,8191.14,INR,captured,2026-06-23T10:31:00Z,wallet,MREF_10059
PAY_10060,ORDER_10060,3066.97,INR,captured,2026-05-22T15:48:00Z,upi,MREF_10060
PAY_10061,ORDER_10061,5332.58,INR,captured,2026-05-30T14:41:00Z,netbanking,MREF_10061
PAY_10062,ORDER_10062,3036.52,INR,captured,2026-06-25T21:45:00Z,netbanking,MREF_10062
PAY_10063,ORDER_10063,8358.64,INR,captured,2026-05-20T19:23:00Z,upi,MREF_10063
PAY_10064,ORDER_10064,5132.24,INR,captured,2026-06-14T12:20:00Z,wallet,MREF_10064
PAY_10065,ORDER_10065,1560.54,INR,captured,2026-05-14T19:41:00Z,upi,MREF_10065
PAY_10066,ORDER_10066,6047.65,INR,captured,2026-06-24T13:16:00Z,wallet,MREF_10066
PAY_10067,ORDER_10067,8066.94,INR,captured,2026-05-28T17:11:00Z,wallet,MREF_10067
PAY_10068,ORDER_10068,4824.12,INR,captured,2026-05-05T13:04:00Z,wallet,MREF_10068
PAY_10069,ORDER_10069,5908.31,INR,captured,2026-05-21T12:26:00Z,netbanking,MREF_10069
PAY_10070,ORDER_10070,1062.19,INR,captured,2026-05-02T06:10:00Z,card,MREF_10070
PAY_10071,ORDER_10071,6539.32,INR,captured,2026-04-15T19:50:00Z,card,MREF_10071
PAY_10072,ORDER_10072,2671.43,INR,captured,2026-03-04T10:42:00Z,wallet,MREF_10072
PAY_10073,ORDER_10073,3376.49,INR,captured,2026-05-15T20:53:00Z,card,MREF_10073
PAY_10074,ORDER_10074,2756.14,INR,captured,2026-05-15T09:28:00Z,upi,MREF_10074
PAY_10075,ORDER_10075,5684.50,INR,captured,2026-05-26T14:29:00Z,card,MREF_10075
PAY_10076,ORDER_10076,1240.12,INR,captured,2026-06-02T17:55:00Z,card,MREF_10076
PAY_10077,ORDER_10077,2299.83,INR,captured,2026-03-04T11:14:00Z,wallet,MREF_10077
PAY_10078,ORDER_10078,6219.48,INR,captured,2026-05-09T19:20:00Z,card,MREF_10078
PAY_10079,ORDER_10079,2061.48,INR,captured,2026-05-28T18:22:00Z,wallet,MREF_10079
PAY_10080,ORDER_10080,7373.38,INR,captured,2026-04-30T08:04:00Z,upi,MREF_10080
PAY_10081,ORDER_10081,9047.30,INR,captured,2026-06-13T18:29:00Z,card,MREF_10081
PAY_10082,ORDER_10082,2081.34,INR,captured,2026-03-18T14:40:00Z,wallet,MREF_10082
PAY_10083,ORDER_10083,5786.06,INR,captured,2026-03-29T08:39:00Z,netbanking,MREF_10083
PAY_10084,ORDER_10084,7116.82,INR,captured,2026-03-25T20:31:00Z,card,MREF_10084
PAY_10085,ORDER_10085,590.06,INR,captured,2026-06-23T15:17:00Z,upi,MREF_10085
PAY_10086,ORDER_10086,8216.95,INR,captured,2026-05-25T18:15:00Z,upi,MREF_10086
PAY_10087,ORDER_10087,1911.37,INR,captured,2026-03-22T16:30:00Z,wallet,MREF_10087
PAY_10088,ORDER_10088,2129.03,INR,captured,2026-03-11T08:59:00Z,upi,MREF_10088
PAY_10089,ORDER_10089,6454.39,INR,captured,2026-05-01T15:29:00Z,card,MREF_10089
PAY_10090,ORDER_10090,2065.58,INR,captured,2026-06-26T19:20:00Z,netbanking,MREF_10090
PAY_10091,ORDER_10091,2507.93,INR,captured,2026-05-31T13:29:00Z,upi,MREF_10091
PAY_10092,ORDER_10092,4133.39,INR,captured,2026-03-05T19:21:00Z,upi,MREF_10092
PAY_10093,ORDER_10093,755.54,INR,captured,2026-04-30T06:39:00Z,wallet,MREF_10093
PAY_10094,ORDER_10094,652.63,INR,captured,2026-05-31T16:48:00Z,netbanking,MREF_10094
PAY_10095,ORDER_10095,4594.86,INR,captured,2026-05-05T13:30:00Z,upi,MREF_10095
PAY_10096,ORDER_10096,184.64,INR,captured,2026-05-09T06:42:00Z,netbanking,MREF_10096
PAY_10097,ORDER_10097,8855.98,INR,captured,2026-03-22T11:43:00Z,upi,MREF_10097
PAY_10098,ORDER_10098,576.34,INR,captured,2026-05-14T20:27:00Z,netbanking,MREF_10098
PAY_10099,ORDER_10099,7198.09,INR,captured,2026-04-29T13:28:00Z,card,MREF_10099
PAY_10100,ORDER_10100,7939.69,INR,captured,2026-05-25T15:56:00Z,upi,MREF_10100
PAY_10101,ORDER_10101,4975.34,INR,captured,2026-03-01T20:03:00Z,upi,MREF_10101
PAY_10102,ORDER_10102,8115.52,INR,captured,2026-05-21T14:36:00Z,netbanking,MREF_10102
PAY_10103,ORDER_10103,7738.96,INR,captured,2026-06-27T21:58:00Z,wallet,MREF_10103
PAY_10104,ORDER_10104,9434.11,INR,captured,2026-06-06T08:05:00Z,card,MREF_10104
PAY_10105,ORDER_10105,7406.42,INR,captured,2026-04-28T19:40:00Z,upi,MREF_10105
PAY_10106,ORDER_10106,6281.04,INR,captured,2026-06-09T13:55:00Z,upi,MREF_10106
PAY_10107,ORDER_10107,621.15,INR,captured,2026-03-19T11:43:00Z,card,MREF_10107
PAY_10108,ORDER_10108,6091.24,INR,captured,2026-03-29T15:22:00Z,wallet,MREF_10108
PAY_10109,ORDER_10109,299.91,INR,captured,2026-04-19T18:44:00Z,netbanking,MREF_10109
PAY_10110,ORDER_10110,8559.97,INR,captured,2026-06-14T10:35:00Z,upi,MREF_10110
PAY_10111,ORDER_10111,3096.26,INR,captured,2026-04-15T19:37:00Z,upi,MREF_10111
PAY_10112,ORDER_10112,5709.06,INR,captured,2026-05-03T21:10:00Z,card,MREF_10112
PAY_10113,ORDER_10113,5725.94,INR,captured,2026-05-17T18:26:00Z,wallet,MREF_10113
PAY_10114,ORDER_10114,9280.54,INR,captured,2026-04-17T15:10:00Z,card,MREF_10114
PAY_10115,ORDER_10115,5260.63,INR,captured,2026-05-21T17:34:00Z,netbanking,MREF_10115
PAY_10116,ORDER_10116,714.74,INR,captured,2026-06-16T18:00:00Z,card,MREF_10116
PAY_10117,ORDER_10117,5048.86,INR,captured,2026-06-18T06:02:00Z,card,MREF_10117
PAY_10118,ORDER_10118,3943.42,INR,captured,2026-05-29T16:00:00Z,wallet,MREF_10118
PAY_10119,ORDER_10119,6252.38,INR,captured,2026-04-11T09:44:00Z,card,MREF_10119
PAY_10120,ORDER_10120,5573.35,INR,captured,2026-05-15T15:51:00Z,upi,MREF_10120
PAY_10121,ORDER_10121,1969.57,INR,captured,2026-05-10T12:35:00Z,card,MREF_10121
PAY_10122,ORDER_10122,8782.86,INR,captured,2026-05-24T17:16:00Z,wallet,MREF_10122
PAY_10123,ORDER_10123,6378.78,INR,captured,2026-04-21T15:20:00Z,wallet,MREF_10123
PAY_10124,ORDER_10124,8651.16,INR,captured,2026-06-15T17:20:00Z,netbanking,MREF_10124
PAY_10125,ORDER_10125,3140.82,INR,captured,2026-06-19T09:09:00Z,wallet,MREF_10125
PAY_10126,ORDER_10126,6244.27,INR,captured,2026-04-30T21:01:00Z,netbanking,MREF_10126
PAY_10127,ORDER_10127,2243.29,INR,captured,2026-06-27T10:57:00Z,wallet,MREF_10127
PAY_10128,ORDER_10128,2177.91,INR,captured,2026-04-06T14:23:00Z,upi,MREF_10128
PAY_10129,ORDER_10129,4923.62,INR,captured,2026-06-22T16:18:00Z,upi,MREF_10129
PAY_10130,ORDER_10130,8563.25,INR,captured,2026-04-23T08:34:00Z,netbanking,MREF_10130
PAY_10131,ORDER_10131,8136.69,INR,captured,2026-05-04T20:35:00Z,upi,MREF_10131
PAY_10132,ORDER_10132,6323.77,INR,captured,2026-05-15T13:35:00Z,netbanking,MREF_10132
PAY_10133,ORDER_10133,6789.14,INR,captured,2026-04-19T08:00:00Z,upi,MREF_10133
PAY_10134,ORDER_10134,6218.59,INR,captured,2026-04-09T06:07:00Z,upi,MREF_10134
PAY_10135,ORDER_10135,1427.14,INR,captured,2026-03-06T13:41:00Z,netbanking,MREF_10135
PAY_10136,ORDER_10136,3330.90,INR,captured,2026-03-26T10:37:00Z,upi,MREF_10136
PAY_10137,ORDER_10137,938.23,INR,captured,2026-05-13T13:48:00Z,card,MREF_10137
PAY_10138,ORDER_10138,9059.16,INR,captured,2026-04-11T20:51:00Z,upi,MREF_10138
PAY_10139,ORDER_10139,7181.68,INR,captured,2026-03-21T16:36:00Z,wallet,MREF_10139
PAY_10140,ORDER_10140,8581.63,INR,captured,2026-04-18T12:09:00Z,netbanking,MREF_10140
PAY_10141,ORDER_10141,1038.22,INR,captured,2026-03-21T06:51:00Z,netbanking,MREF_10141
PAY_10142,ORDER_10142,5066.85,INR,captured,2026-05-02T15:58:00Z,netbanking,MREF_10142
PAY_10143,ORDER_10143,972.58,INR,captured,2026-05-02T20:53:00Z,card,MREF_10143
PAY_10144,ORDER_10144,5163.36,INR,captured,2026-06-19T12:42:00Z,upi,MREF_10144
PAY_10145,ORDER_10145,6180.10,INR,captured,2026-04-08T11:20:00Z,wallet,MREF_10145
PAY_10146,ORDER_10146,4754.79,INR,captured,2026-06-14T09:35:00Z,netbanking,MREF_10146
PAY_10147,ORDER_10147,9472.78,INR,captured,2026-05-27T15:24:00Z,card,MREF_10147
PAY_10148,ORDER_10148,602.29,INR,captured,2026-04-21T06:09:00Z,card,MREF_10148
PAY_10149,ORDER_10149,4370.74,INR,captured,2026-04-10T18:31:00Z,upi,MREF_10149
PAY_10150,ORDER_10150,3408.76,INR,captured,2026-06-28T17:26:00Z,netbanking,MREF_10150
PAY_10151,ORDER_10151,1204.52,INR,captured,2026-04-04T15:15:00Z,wallet,MREF_10151
PAY_10152,ORDER_10152,558.42,INR,captured,2026-04-15T07:56:00Z,wallet,MREF_10152
PAY_10153,ORDER_10153,8341.11,INR,captured,2026-05-09T07:37:00Z,card,MREF_10153
PAY_10154,ORDER_10154,4367.06,INR,captured,2026-06-10T09:58:00Z,upi,MREF_10154
PAY_10155,ORDER_10155,3729.38,INR,captured,2026-03-03T12:03:00Z,upi,MREF_10155
PAY_10156,ORDER_10156,7308.72,INR,captured,2026-04-18T06:57:00Z,card,MREF_10156
PAY_10157,ORDER_10157,7563.14,INR,captured,2026-03-15T09:41:00Z,wallet,MREF_10157
PAY_10158,ORDER_10158,6755.12,INR,captured,2026-06-11T20:14:00Z,netbanking,MREF_10158
PAY_10159,ORDER_10159,8018.22,INR,captured,2026-06-07T09:00:00Z,wallet,MREF_10159
PAY_10160,ORDER_10160,250.57,INR,captured,2026-06-20T09:08:00Z,wallet,MREF_10160
PAY_10161,ORDER_10161,6086.00,INR,captured,2026-05-20T16:05:00Z,netbanking,MREF_10161
PAY_10162,ORDER_10162,2266.33,INR,captured,2026-06-04T06:50:00Z,netbanking,MREF_10162
PAY_10163,ORDER_10163,8566.57,INR,captured,2026-04-14T07:16:00Z,wallet,MREF_10163
PAY_10164,ORDER_10164,7727.82,INR,captured,2026-05-06T09:02:00Z,card,MREF_10164
PAY_10165,ORDER_10165,9028.05,INR,captured,2026-06-20T11:57:00Z,wallet,MREF_10165
PAY_10166,ORDER_10166,794.53,INR,captured,2026-03-18T11:16:00Z,netbanking,MREF_10166
PAY_10167,ORDER_10167,5672.29,INR,captured,2026-05-05T15:39:00Z,card,MREF_10167
PAY_10168,ORDER_10168,4053.35,INR,captured,2026-06-14T16:37:00Z,wallet,MREF_10168
PAY_10169,ORDER_10169,8926.95,INR,captured,2026-03-27T12:06:00Z,card,MREF_10169
PAY_10170,ORDER_10170,5372.27,INR,captured,2026-03-28T15:36:00Z,upi,MREF_10170
PAY_10171,ORDER_10171,6922.45,INR,captured,2026-04-18T11:25:00Z,card,MREF_10171
PAY_10172,ORDER_10172,8359.61,INR,captured,2026-05-14T16:38:00Z,wallet,MREF_10172
PAY_10173,ORDER_10173,4441.25,INR,captured,2026-04-28T18:08:00Z,netbanking,MREF_10173
PAY_10174,ORDER_10174,8771.34,INR,captured,2026-04-18T09:58:00Z,upi,MREF_10174
PAY_10175,ORDER_10175,4793.16,INR,captured,2026-06-19T20:05:00Z,wallet,MREF_10175
PAY_10176,ORDER_10176,3365.15,INR,captured,2026-04-02T13:47:00Z,netbanking,MREF_10176
PAY_10177,ORDER_10177,9020.95,INR,captured,2026-04-12T21:03:00Z,netbanking,MREF_10177
PAY_10178,ORDER_10178,3592.10,INR,captured,2026-04-25T10:16:00Z,upi,MREF_10178
PAY_10179,ORDER_10179,1603.25,INR,captured,2026-03-25T06:42:00Z,upi,MREF_10179
PAY_10180,ORDER_10180,7006.66,INR,captured,2026-03-05T18:05:00Z,netbanking,MREF_10180
PAY_10181,ORDER_10181,5678.21,INR,captured,2026-04-24T11:38:00Z,upi,MREF_10181
PAY_10182,ORDER_10182,6377.68,INR,captured,2026-06-02T19:44:00Z,upi,MREF_10182
PAY_10183,ORDER_10183,2943.12,INR,captured,2026-04-14T15:58:00Z,upi,MREF_10183
PAY_10184,ORDER_10184,3463.14,INR,captured,2026-04-19T10:40:00Z,card,MREF_10184
PAY_10185,ORDER_10185,9392.35,INR,captured,2026-05-17T18:33:00Z,wallet,MREF_10185
PAY_10186,ORDER_10186,3783.31,INR,captured,2026-06-17T15:30:00Z,wallet,MREF_10186
PAY_10187,ORDER_10187,325.60,INR,captured,2026-03-31T06:36:00Z,card,MREF_10187
PAY_10188,ORDER_10188,1764.99,INR,captured,2026-05-27T08:14:00Z,upi,MREF_10188
PAY_10189,ORDER_10189,8174.07,INR,captured,2026-06-25T13:43:00Z,wallet,MREF_10189
PAY_10190,ORDER_10190,2540.89,INR,captured,2026-04-01T19:21:00Z,card,MREF_10190
PAY_10191,ORDER_10191,4725.43,INR,captured,2026-05-26T18:53:00Z,upi,MREF_10191
PAY_10192,ORDER_10192,8495.74,INR,captured,2026-05-13T16:16:00Z,wallet,MREF_10192
PAY_10193,ORDER_10193,8685.26,INR,captured,2026-05-15T16:30:00Z,upi,MREF_10193
PAY_10194,ORDER_10194,8339.21,INR,captured,2026-06-23T19:05:00Z,netbanking,MREF_10194
PAY_10195,ORDER_10195,7995.37,INR,captured,2026-06-09T09:07:00Z,upi,MREF_10195
PAY_10196,ORDER_10196,3579.72,INR,captured,2026-05-07T19:24:00Z,netbanking,MREF_10196
PAY_10197,ORDER_10197,9130.81,INR,captured,2026-03-06T10:57:00Z,netbanking,MREF_10197
PAY_10198,ORDER_10198,8356.03,INR,captured,2026-05-03T09:05:00Z,upi,MREF_10198
PAY_10199,ORDER_10199,2459.43,INR,captured,2026-04-04T21:39:00Z,upi,MREF_10199
PAY_10200,ORDER_10200,9390.20,INR,captured,2026-03-25T09:53:00Z,netbanking,MREF_10200
PAY_10201,ORDER_10201,5544.53,INR,captured,2026-04-16T18:10:00Z,upi,MREF_10201
PAY_10202,ORDER_10202,4598.12,INR,captured,2026-05-11T11:29:00Z,upi,MREF_10202
PAY_10203,ORDER_10203,7727.70,INR,captured,2026-05-19T09:41:00Z,netbanking,MREF_10203
PAY_10204,ORDER_10204,8318.02,INR,captured,2026-03-17T11:10:00Z,card,MREF_10204
PAY_10205,ORDER_10205,423.38,INR,captured,2026-05-03T18:16:00Z,upi,MREF_10205
PAY_10206,ORDER_10206,2353.23,INR,captured,2026-03-09T18:28:00Z,netbanking,MREF_10206
PAY_10207,ORDER_10207,9303.46,INR,captured,2026-05-07T14:50:00Z,card,MREF_10207
PAY_10208,ORDER_10208,5043.54,INR,captured,2026-03-01T19:47:00Z,card,MREF_10208
PAY_10209,ORDER_10209,4475.87,INR,captured,2026-04-02T09:48:00Z,card,MREF_10209
PAY_10210,ORDER_10210,7006.76,INR,captured,2026-04-04T15:43:00Z,wallet,MREF_10210
PAY_10211,ORDER_10211,6728.25,INR,captured,2026-04-29T19:54:00Z,wallet,MREF_10211
PAY_10212,ORDER_10212,4885.92,INR,captured,2026-04-13T09:03:00Z,netbanking,MREF_10212
PAY_10213,ORDER_10213,6910.84,INR,captured,2026-04-03T21:58:00Z,wallet,MREF_10213
PAY_10214,ORDER_10214,2955.34,INR,captured,2026-03-30T18:04:00Z,netbanking,MREF_10214
PAY_10215,ORDER_10215,7146.60,INR,captured,2026-05-16T21:45:00Z,wallet,MREF_10215
PAY_10216,ORDER_10216,5768.00,INR,captured,2026-06-28T18:51:00Z,wallet,MREF_10216
PAY_10217,ORDER_10217,3593.95,INR,captured,2026-04-14T14:02:00Z,card,MREF_10217
PAY_10218,ORDER_10218,2218.93,INR,captured,2026-05-28T09:40:00Z,wallet,MREF_10218
PAY_10219,ORDER_10219,1923.50,INR,captured,2026-04-05T06:08:00Z,wallet,MREF_10219
PAY_10220,ORDER_10220,8547.93,INR,captured,2026-06-25T11:19:00Z,netbanking,MREF_10220
PAY_10221,ORDER_10221,5581.53,INR,captured,2026-03-28T11:10:00Z,wallet,MREF_10221
PAY_10222,ORDER_10222,6652.06,INR,captured,2026-05-24T18:50:00Z,netbanking,MREF_10222
PAY_10223,ORDER_10223,2272.11,INR,captured,2026-03-30T10:24:00Z,wallet,MREF_10223
PAY_10224,ORDER_10224,3301.37,INR,captured,2026-03-19T14:49:00Z,wallet,MREF_10224
PAY_10225,ORDER_10225,2003.22,INR,captured,2026-06-22T17:11:00Z,netbanking,MREF_10225
PAY_10226,ORDER_10226,745.78,INR,captured,2026-06-15T12:49:00Z,card,MREF_10226
PAY_10227,ORDER_10227,6037.25,INR,captured,2026-05-13T12:07:00Z,wallet,MREF_10227
PAY_10228,ORDER_10228,1964.62,INR,captured,2026-03-25T07:02:00Z,card,MREF_10228
PAY_10229,ORDER_10229,4799.46,INR,captured,2026-06-21T20:23:00Z,upi,MREF_10229
PAY_10230,ORDER_10230,6586.20,INR,captured,2026-04-30T09:15:00Z,upi,MREF_10230
PAY_10231,ORDER_10231,739.21,INR,captured,2026-04-27T21:32:00Z,wallet,MREF_10231
PAY_10232,ORDER_10232,1512.01,INR,captured,2026-05-01T16:07:00Z,netbanking,MREF_10232
PAY_10233,ORDER_10233,2199.13,INR,captured,2026-06-26T11:13:00Z,upi,MREF_10233
PAY_10234,ORDER_10234,4337.02,INR,captured,2026-04-18T11:31:00Z,card,MREF_10234
PAY_10235,ORDER_10235,373.91,INR,captured,2026-04-29T17:07:00Z,upi,MREF_10235
PAY_10236,ORDER_10236,8358.34,INR,captured,2026-03-28T12:55:00Z,netbanking,MREF_10236
PAY_10237,ORDER_10237,8724.45,INR,captured,2026-04-19T16:13:00Z,card,MREF_10237
PAY_10238,ORDER_10238,5880.96,INR,captured,2026-05-23T19:30:00Z,upi,MREF_10238
PAY_10239,ORDER_10239,4735.23,INR,captured,2026-05-18T15:15:00Z,card,MREF_10239
PAY_10240,ORDER_10240,4785.01,INR,captured,2026-04-14T13:08:00Z,upi,MREF_10240
PAY_10241,ORDER_10241,2420.75,INR,captured,2026-03-29T11:19:00Z,wallet,MREF_10241
PAY_10242,ORDER_10242,6339.65,INR,captured,2026-03-06T12:49:00Z,upi,MREF_10242
PAY_10243,ORDER_10243,1886.37,INR,captured,2026-03-11T15:07:00Z,wallet,MREF_10243
PAY_10244,ORDER_10244,7341.17,INR,captured,2026-03-27T14:24:00Z,netbanking,MREF_10244
PAY_10245,ORDER_10245,3788.68,INR,captured,2026-04-29T19:37:00Z,card,MREF_10245
PAY_10246,ORDER_10246,7343.45,INR,captured,2026-05-22T20:56:00Z,wallet,MREF_10246
PAY_10247,ORDER_10247,1291.57,INR,captured,2026-05-17T08:11:00Z,wallet,MREF_10247
PAY_10248,ORDER_10248,2862.20,INR,captured,2026-05-25T13:32:00Z,netbanking,MREF_10248
PAY_10249,ORDER_10249,9450.55,INR,captured,2026-06-13T11:24:00Z,wallet,MREF_10249
PAY_10250,ORDER_10250,8742.63,INR,captured,2026-05-28T06:31:00Z,card,MREF_10250
PAY_10251,ORDER_10251,2774.50,INR,captured,2026-03-13T06:25:00Z,wallet,MREF_10251
PAY_10252,ORDER_10252,8883.01,INR,captured,2026-06-11T15:03:00Z,upi,MREF_10252
PAY_10253,ORDER_10253,7586.49,INR,captured,2026-05-13T11:28:00Z,netbanking,MREF_10253
PAY_10254,ORDER_10254,1106.89,INR,captured,2026-06-10T11:10:00Z,upi,MREF_10254
PAY_10255,ORDER_10255,5779.53,INR,captured,2026-03-26T18:33:00Z,wallet,MREF_10255
PAY_10256,ORDER_10256,1634.67,INR,captured,2026-05-16T17:17:00Z,card,MREF_10256
PAY_10257,ORDER_10257,563.65,INR,captured,2026-03-03T18:03:00Z,card,MREF_10257
PAY_10258,ORDER_10258,1057.40,INR,captured,2026-04-04T13:27:00Z,netbanking,MREF_10258
PAY_10259,ORDER_10259,3664.89,INR,captured,2026-06-24T13:28:00Z,card,MREF_10259
PAY_10260,ORDER_10260,1654.62,INR,captured,2026-06-27T15:05:00Z,card,MREF_10260
PAY_10261,ORDER_10261,6850.60,INR,captured,2026-03-05T09:43:00Z,upi,MREF_10261
PAY_10262,ORDER_10262,1240.45,INR,captured,2026-03-26T12:45:00Z,card,MREF_10262
PAY_10263,ORDER_10263,777.04,INR,captured,2026-04-23T21:24:00Z,card,MREF_10263
PAY_10264,ORDER_10264,4472.77,INR,captured,2026-06-25T15:59:00Z,upi,MREF_10264
PAY_10265,ORDER_10265,6415.31,INR,captured,2026-04-19T07:47:00Z,card,MREF_10265
PAY_10266,ORDER_10266,4162.46,INR,captured,2026-06-18T21:36:00Z,upi,MREF_10266
PAY_10267,ORDER_10267,6356.48,INR,captured,2026-05-23T09:11:00Z,wallet,MREF_10267
PAY_10268,ORDER_10268,8617.59,INR,captured,2026-04-15T21:10:00Z,upi,MREF_10268
PAY_10269,ORDER_10269,4921.84,INR,captured,2026-04-17T12:21:00Z,wallet,MREF_10269
PAY_10270,ORDER_10270,1564.08,INR,captured,2026-05-31T13:02:00Z,card,MREF_10270
PAY_10271,ORDER_10271,7292.77,INR,captured,2026-06-05T14:01:00Z,netbanking,MREF_10271
PAY_10272,ORDER_10272,6983.98,INR,captured,2026-05-28T13:39:00Z,wallet,MREF_10272
PAY_10273,ORDER_10273,4935.51,INR,captured,2026-03-21T18:25:00Z,wallet,MREF_10273
PAY_10274,ORDER_10274,4368.24,INR,captured,2026-06-03T15:11:00Z,card,MREF_10274
PAY_10275,ORDER_10275,9075.95,INR,captured,2026-06-15T21:34:00Z,upi,MREF_10275
PAY_10276,ORDER_10276,1077.24,INR,captured,2026-03-21T17:33:00Z,card,MREF_10276
PAY_10277,ORDER_10277,9146.46,INR,captured,2026-05-04T08:59:00Z,netbanking,MREF_10277
PAY_10278,ORDER_10278,2493.73,INR,captured,2026-04-06T13:27:00Z,upi,MREF_10278
PAY_10279,ORDER_10279,1416.63,INR,captured,2026-04-05T07:59:00Z,upi,MREF_10279
PAY_10280,ORDER_10280,4155.62,INR,captured,2026-03-09T08:55:00Z,netbanking,MREF_10280
PAY_10281,ORDER_10281,7105.34,INR,captured,2026-05-19T21:24:00Z,netbanking,MREF_10281
PAY_10282,ORDER_10282,1251.28,INR,captured,2026-04-23T06:17:00Z,wallet,MREF_10282
PAY_10283,ORDER_10283,2640.78,INR,captured,2026-06-02T18:30:00Z,upi,MREF_10283
PAY_10284,ORDER_10284,8969.64,INR,captured,2026-05-08T17:11:00Z,wallet,MREF_10284
PAY_10285,ORDER_10285,5202.37,INR,captured,2026-03-06T11:52:00Z,card,MREF_10285
PAY_10286,ORDER_10286,7262.84,INR,captured,2026-03-04T18:57:00Z,card,MREF_10286
PAY_10287,ORDER_10287,2647.25,INR,captured,2026-04-06T11:12:00Z,wallet,MREF_10287
PAY_10288,ORDER_10288,1903.59,INR,captured,2026-03-12T11:07:00Z,card,MREF_10288
PAY_10289,ORDER_10289,3148.80,INR,captured,2026-03-29T21:15:00Z,netbanking,MREF_10289
PAY_10290,ORDER_10290,6666.30,INR,captured,2026-03-26T20:31:00Z,card,MREF_10290
PAY_10291,ORDER_10291,7561.16,INR,captured,2026-06-15T14:09:00Z,netbanking,MREF_10291
PAY_10292,ORDER_10292,9445.86,INR,captured,2026-03-09T07:05:00Z,netbanking,MREF_10292
PAY_10293,ORDER_10293,3084.22,INR,captured,2026-04-14T17:10:00Z,card,MREF_10293
PAY_10294,ORDER_10294,6661.18,INR,captured,2026-06-09T11:18:00Z,upi,MREF_10294
PAY_10295,ORDER_10295,5781.28,INR,captured,2026-04-11T08:37:00Z,netbanking,MREF_10295
PAY_10296,ORDER_10296,4623.37,INR,captured,2026-05-25T06:19:00Z,netbanking,MREF_10296
PAY_10297,ORDER_10297,7368.93,INR,captured,2026-03-12T20:36:00Z,netbanking,MREF_10297
PAY_10298,ORDER_10298,212.53,INR,captured,2026-05-04T21:11:00Z,netbanking,MREF_10298
PAY_10299,ORDER_10299,4959.51,INR,captured,2026-03-14T21:51:00Z,card,MREF_10299
PAY_10300,ORDER_10300,841.83,INR,captured,2026-06-16T19:12:00Z,wallet,MREF_10300
PAY_10301,ORDER_10301,3805.42,INR,captured,2026-04-19T08:39:00Z,upi,MREF_10301
PAY_10302,ORDER_10302,473.60,INR,captured,2026-03-22T20:53:00Z,wallet,MREF_10302
PAY_10303,ORDER_10303,8896.86,INR,captured,2026-04-11T10:45:00Z,netbanking,MREF_10303
PAY_10304,ORDER_10304,9286.43,INR,captured,2026-06-19T08:50:00Z,netbanking,MREF_10304
PAY_10305,ORDER_10305,4870.27,INR,captured,2026-03-29T18:53:00Z,netbanking,MREF_10305
PAY_10306,ORDER_10306,9165.94,INR,captured,2026-04-05T07:50:00Z,card,MREF_10306
PAY_10307,ORDER_10307,6494.92,INR,captured,2026-05-28T15:30:00Z,card,MREF_10307
PAY_10308,ORDER_10308,1737.31,INR,captured,2026-05-19T11:38:00Z,card,MREF_10308
PAY_10309,ORDER_10309,3417.72,INR,captured,2026-03-11T13:08:00Z,wallet,MREF_10309
PAY_10310,ORDER_10310,1186.52,INR,captured,2026-03-15T16:01:00Z,wallet,MREF_10310
PAY_10311,ORDER_10311,2494.96,INR,captured,2026-03-06T18:14:00Z,upi,MREF_10311
PAY_10312,ORDER_10312,6417.52,INR,captured,2026-05-06T14:59:00Z,netbanking,MREF_10312
PAY_10313,ORDER_10313,868.07,INR,captured,2026-04-16T15:28:00Z,netbanking,MREF_10313
PAY_10314,ORDER_10314,8746.54,INR,captured,2026-06-22T08:02:00Z,wallet,MREF_10314
PAY_10315,ORDER_10315,6400.08,INR,captured,2026-03-28T06:33:00Z,upi,MREF_10315
PAY_10316,ORDER_10316,4223.62,INR,captured,2026-06-03T07:49:00Z,card,MREF_10316
PAY_10317,ORDER_10317,6859.91,INR,captured,2026-06-22T21:40:00Z,netbanking,MREF_10317
PAY_10318,ORDER_10318,7737.46,INR,captured,2026-04-20T06:16:00Z,card,MREF_10318
PAY_10319,ORDER_10319,1692.61,INR,captured,2026-05-21T17:39:00Z,wallet,MREF_10319
PAY_10320,ORDER_10320,2426.75,INR,captured,2026-04-30T19:45:00Z,wallet,MREF_10320
PAY_10321,ORDER_10321,6112.79,INR,captured,2026-05-09T06:11:00Z,wallet,MREF_10321
PAY_10322,ORDER_10322,6016.51,INR,captured,2026-04-02T14:19:00Z,card,MREF_10322
PAY_10323,ORDER_10323,1335.49,INR,captured,2026-04-03T14:05:00Z,card,MREF_10323
PAY_10324,ORDER_10324,7139.03,INR,captured,2026-06-08T08:10:00Z,upi,MREF_10324
PAY_10325,ORDER_10325,6353.65,INR,captured,2026-04-08T06:36:00Z,netbanking,MREF_10325
PAY_10326,ORDER_10326,1399.68,INR,captured,2026-03-17T15:48:00Z,wallet,MREF_10326
PAY_10327,ORDER_10327,5764.42,INR,captured,2026-03-06T12:21:00Z,upi,MREF_10327
PAY_10328,ORDER_10328,6919.79,INR,captured,2026-03-08T13:24:00Z,upi,MREF_10328
PAY_10329,ORDER_10329,5210.24,INR,captured,2026-06-27T15:47:00Z,wallet,MREF_10329
PAY_10330,ORDER_10330,8598.80,INR,captured,2026-05-15T08:52:00Z,card,MREF_10330
PAY_10331,ORDER_10331,5258.76,INR,captured,2026-04-17T21:26:00Z,upi,MREF_10331
PAY_10332,ORDER_10332,8559.78,INR,captured,2026-04-03T14:20:00Z,upi,MREF_10332
PAY_10333,ORDER_10333,1904.95,INR,captured,2026-04-01T18:32:00Z,netbanking,MREF_10333
PAY_10334,ORDER_10334,8782.07,INR,captured,2026-04-09T16:37:00Z,upi,MREF_10334
PAY_10335,ORDER_10335,7158.20,INR,captured,2026-03-26T11:19:00Z,wallet,MREF_10335
PAY_10336,ORDER_10336,559.75,INR,captured,2026-04-29T20:15:00Z,netbanking,MREF_10336
PAY_10337,ORDER_10337,7823.66,INR,captured,2026-06-17T14:39:00Z,netbanking,MREF_10337
PAY_10338,ORDER_10338,2661.00,INR,captured,2026-05-22T13:23:00Z,wallet,MREF_10338
PAY_10339,ORDER_10339,613.85,INR,captured,2026-03-14T12:43:00Z,wallet,MREF_10339
PAY_10340,ORDER_10340,1225.45,INR,captured,2026-05-20T12:29:00Z,upi,MREF_10340
PAY_10341,ORDER_10341,2602.67,INR,captured,2026-04-08T20:59:00Z,wallet,MREF_10341
PAY_10342,ORDER_10342,6180.02,INR,captured,2026-03-05T20:43:00Z,card,MREF_10342
PAY_10343,ORDER_10343,1745.65,INR,captured,2026-06-24T08:03:00Z,card,MREF_10343
PAY_10344,ORDER_10344,600.14,INR,captured,2026-06-24T19:15:00Z,card,MREF_10344
PAY_10345,ORDER_10345,8958.93,INR,captured,2026-06-27T17:52:00Z,upi,MREF_10345
PAY_10346,ORDER_10346,1867.80,INR,captured,2026-06-12T21:40:00Z,wallet,MREF_10346
PAY_10347,ORDER_10347,3010.15,INR,captured,2026-03-09T14:33:00Z,netbanking,MREF_10347
PAY_10348,ORDER_10348,7074.67,INR,captured,2026-04-01T12:10:00Z,wallet,MREF_10348
PAY_10349,ORDER_10349,5996.65,INR,captured,2026-05-20T16:31:00Z,netbanking,MREF_10349
PAY_10350,ORDER_10350,1308.39,INR,captured,2026-05-06T07:12:00Z,upi,MREF_10350
PAY_10351,ORDER_10351,8560.82,INR,captured,2026-03-22T09:06:00Z,upi,MREF_10351
PAY_10352,ORDER_10352,8089.21,INR,captured,2026-05-19T17:28:00Z,wallet,MREF_10352
PAY_10353,ORDER_10353,8063.41,INR,captured,2026-03-14T21:56:00Z,card,MREF_10353
PAY_10354,ORDER_10354,6383.77,INR,captured,2026-04-28T11:29:00Z,netbanking,MREF_10354
PAY_10355,ORDER_10355,4343.30,INR,captured,2026-04-03T16:23:00Z,card,MREF_10355
PAY_10356,ORDER_10356,1253.40,INR,captured,2026-03-07T09:26:00Z,wallet,MREF_10356
PAY_10357,ORDER_10357,614.19,INR,captured,2026-04-09T09:34:00Z,netbanking,MREF_10357
PAY_10358,ORDER_10358,6896.82,INR,captured,2026-03-18T08:15:00Z,netbanking,MREF_10358
PAY_10359,ORDER_10359,4780.04,INR,captured,2026-06-26T11:21:00Z,card,MREF_10359
PAY_10360,ORDER_10360,1339.33,INR,captured,2026-06-07T09:06:00Z,upi,MREF_10360
PAY_10361,ORDER_10361,2242.86,INR,captured,2026-04-05T15:42:00Z,card,MREF_10361
PAY_10362,ORDER_10362,3589.67,INR,captured,2026-04-10T10:54:00Z,card,MREF_10362
PAY_10363,ORDER_10363,2966.08,INR,captured,2026-03-22T09:45:00Z,wallet,MREF_10363
PAY_10364,ORDER_10364,6524.05,INR,captured,2026-03-22T13:50:00Z,netbanking,MREF_10364
PAY_10365,ORDER_10365,6180.14,INR,captured,2026-04-21T20:01:00Z,netbanking,MREF_10365
PAY_10366,ORDER_10366,8602.90,INR,captured,2026-05-22T21:54:00Z,card,MREF_10366
PAY_10367,ORDER_10367,2295.71,INR,captured,2026-06-26T11:16:00Z,card,MREF_10367
PAY_10368,ORDER_10368,6588.77,INR,captured,2026-06-26T13:08:00Z,upi,MREF_10368
PAY_10369,ORDER_10369,1868.56,INR,captured,2026-03-25T19:36:00Z,wallet,MREF_10369
PAY_10370,ORDER_10370,4198.07,INR,captured,2026-06-14T13:33:00Z,card,MREF_10370
PAY_10371,ORDER_10371,5741.07,INR,captured,2026-03-19T13:05:00Z,netbanking,MREF_10371
PAY_10372,ORDER_10372,1318.81,INR,captured,2026-03-03T16:18:00Z,wallet,MREF_10372
PAY_10373,ORDER_10373,2651.36,INR,captured,2026-03-17T09:07:00Z,wallet,MREF_10373
PAY_10374,ORDER_10374,9059.79,INR,captured,2026-03-04T16:55:00Z,netbanking,MREF_10374
PAY_10375,ORDER_10375,5300.92,INR,captured,2026-03-26T15:14:00Z,card,MREF_10375
PAY_10376,ORDER_10376,9121.82,INR,captured,2026-03-30T12:44:00Z,card,MREF_10376
PAY_10377,ORDER_10377,6213.77,INR,captured,2026-05-15T08:05:00Z,card,MREF_10377
PAY_10378,ORDER_10378,4464.13,INR,captured,2026-05-06T06:42:00Z,upi,MREF_10378
PAY_10379,ORDER_10379,5362.26,INR,captured,2026-06-24T21:45:00Z,card,MREF_10379
PAY_10380,ORDER_10380,6522.75,INR,captured,2026-06-14T18:23:00Z,netbanking,MREF_10380
PAY_10381,ORDER_10381,9401.21,INR,captured,2026-04-08T10:29:00Z,wallet,MREF_10381
PAY_10382,ORDER_10382,200.23,INR,captured,2026-04-27T14:43:00Z,card,MREF_10382
PAY_10383,ORDER_10383,5059.85,INR,captured,2026-03-04T08:52:00Z,wallet,MREF_10383
PAY_10384,ORDER_10384,276.66,INR,captured,2026-04-16T09:46:00Z,upi,MREF_10384
PAY_10385,ORDER_10385,351.77,INR,captured,2026-04-04T18:28:00Z,netbanking,MREF_10385
PAY_10386,ORDER_10386,7748.39,INR,captured,2026-04-26T10:08:00Z,netbanking,MREF_10386
PAY_10387,ORDER_10387,7895.18,INR,captured,2026-05-23T21:21:00Z,card,MREF_10387
PAY_10388,ORDER_10388,2944.98,INR,captured,2026-05-29T07:55:00Z,card,MREF_10388
PAY_10389,ORDER_10389,8421.35,INR,captured,2026-05-31T14:19:00Z,wallet,MREF_10389
PAY_10390,ORDER_10390,6061.72,INR,captured,2026-05-11T18:31:00Z,netbanking,MREF_10390
PAY_10391,ORDER_10391,879.77,INR,captured,2026-03-21T13:18:00Z,netbanking,MREF_10391
PAY_10392,ORDER_10392,7302.52,INR,captured,2026-06-25T06:13:00Z,card,MREF_10392
PAY_10393,ORDER_10393,2472.23,INR,captured,2026-06-20T19:22:00Z,wallet,MREF_10393
PAY_10394,ORDER_10394,3251.57,INR,captured,2026-04-15T21:02:00Z,card,MREF_10394
PAY_10395,ORDER_10395,5345.78,INR,captured,2026-05-13T06:53:00Z,netbanking,MREF_10395
PAY_10396,ORDER_10396,8331.88,INR,captured,2026-04-10T16:32:00Z,netbanking,MREF_10396
PAY_10397,ORDER_10397,823.87,INR,captured,2026-05-16T13:23:00Z,upi,MREF_10397
PAY_10398,ORDER_10398,8021.30,INR,captured,2026-05-25T14:58:00Z,netbanking,MREF_10398
PAY_10399,ORDER_10399,766.11,INR,captured,2026-06-17T17:50:00Z,upi,MREF_10399
PAY_10400,ORDER_10400,4501.16,INR,captured,2026-05-18T14:41:00Z,wallet,MREF_10400
PAY_10401,ORDER_10401,1941.57,INR,captured,2026-04-24T09:26:00Z,wallet,MREF_10401
PAY_10402,ORDER_10402,6565.22,INR,captured,2026-03-06T16:40:00Z,wallet,MREF_10402
PAY_10403,ORDER_10403,699.09,INR,captured,2026-04-27T10:12:00Z,netbanking,MREF_10403
PAY_10404,ORDER_10404,5858.70,INR,captured,2026-03-29T06:51:00Z,upi,MREF_10404
PAY_10405,ORDER_10405,6058.45,INR,captured,2026-04-27T08:06:00Z,card,MREF_10405
PAY_10406,ORDER_10406,2284.17,INR,captured,2026-03-19T06:06:00Z,card,MREF_10406
PAY_10407,ORDER_10407,3725.42,INR,captured,2026-05-27T06:51:00Z,wallet,MREF_10407
PAY_10408,ORDER_10408,4093.39,INR,captured,2026-03-11T06:33:00Z,wallet,MREF_10408
PAY_10409,ORDER_10409,2296.89,INR,captured,2026-03-28T19:53:00Z,card,MREF_10409
PAY_10410,ORDER_10410,703.54,INR,captured,2026-04-27T08:58:00Z,upi,MREF_10410
PAY_10411,ORDER_10411,9351.58,INR,captured,2026-05-11T14:48:00Z,upi,MREF_10411
PAY_10412,ORDER_10412,275.33,INR,captured,2026-05-04T06:55:00Z,netbanking,MREF_10412
PAY_10413,ORDER_10413,5395.73,INR,captured,2026-06-04T15:56:00Z,card,MREF_10413
PAY_10414,ORDER_10414,1561.95,INR,captured,2026-06-06T15:03:00Z,upi,MREF_10414
PAY_10415,ORDER_10415,6172.43,INR,captured,2026-03-24T12:29:00Z,card,MREF_10415
PAY_10416,ORDER_10416,8222.19,INR,captured,2026-04-07T08:18:00Z,upi,MREF_10416
PAY_10417,ORDER_10417,4522.90,INR,captured,2026-05-29T18:53:00Z,netbanking,MREF_10417
PAY_10418,ORDER_10418,1922.08,INR,captured,2026-03-24T15:13:00Z,wallet,MREF_10418
PAY_10419,ORDER_10419,9193.68,INR,captured,2026-04-12T15:36:00Z,netbanking,MREF_10419
PAY_10420,ORDER_10420,5449.58,INR,captured,2026-03-01T20:52:00Z,wallet,MREF_10420
PAY_10421,ORDER_10421,2018.24,INR,captured,2026-04-23T14:32:00Z,wallet,MREF_10421
PAY_10422,ORDER_10422,7542.85,INR,captured,2026-04-17T21:53:00Z,wallet,MREF_10422
PAY_10423,ORDER_10423,7655.13,INR,captured,2026-03-09T13:11:00Z,wallet,MREF_10423
PAY_10424,ORDER_10424,5868.57,INR,captured,2026-04-04T19:17:00Z,upi,MREF_10424
PAY_10425,ORDER_10425,6130.84,INR,captured,2026-05-25T20:51:00Z,netbanking,MREF_10425
PAY_10426,ORDER_10426,6561.12,INR,captured,2026-05-19T09:38:00Z,wallet,MREF_10426
PAY_10427,ORDER_10427,6250.17,INR,captured,2026-03-12T10:41:00Z,upi,MREF_10427
PAY_10428,ORDER_10428,3516.86,INR,captured,2026-05-23T18:03:00Z,wallet,MREF_10428
PAY_10429,ORDER_10429,6669.27,INR,captured,2026-04-07T07:06:00Z,wallet,MREF_10429
PAY_10430,ORDER_10430,472.79,INR,captured,2026-05-03T11:34:00Z,netbanking,MREF_10430
PAY_10431,ORDER_10431,8538.06,INR,captured,2026-05-23T19:58:00Z,netbanking,MREF_10431
PAY_10432,ORDER_10432,4016.77,INR,captured,2026-03-16T14:48:00Z,card,MREF_10432
PAY_10433,ORDER_10433,2567.10,INR,captured,2026-06-07T11:28:00Z,netbanking,MREF_10433
PAY_10434,ORDER_10434,5720.46,INR,captured,2026-03-11T07:41:00Z,upi,MREF_10434
PAY_10435,ORDER_10435,6263.66,INR,captured,2026-03-02T18:43:00Z,netbanking,MREF_10435
PAY_10436,ORDER_10436,1834.54,INR,captured,2026-04-08T10:19:00Z,wallet,MREF_10436
PAY_10437,ORDER_10437,4154.36,INR,captured,2026-05-01T08:58:00Z,card,MREF_10437
PAY_10438,ORDER_10438,1574.10,INR,captured,2026-04-11T07:24:00Z,card,MREF_10438
PAY_10439,ORDER_10439,8998.61,INR,captured,2026-04-20T18:05:00Z,wallet,MREF_10439
PAY_10440,ORDER_10440,2891.74,INR,captured,2026-05-08T07:01:00Z,wallet,MREF_10440
PAY_10441,ORDER_10441,5725.77,INR,captured,2026-05-29T15:19:00Z,netbanking,MREF_10441
PAY_10442,ORDER_10442,6641.52,INR,captured,2026-05-08T19:22:00Z,upi,MREF_10442
PAY_10443,ORDER_10443,5942.67,INR,captured,2026-06-27T16:54:00Z,wallet,MREF_10443
PAY_10444,ORDER_10444,9159.28,INR,captured,2026-03-12T06:36:00Z,card,MREF_10444
PAY_10445,ORDER_10445,6622.74,INR,captured,2026-05-12T08:57:00Z,upi,MREF_10445
PAY_10446,ORDER_10446,4672.23,INR,captured,2026-04-05T16:51:00Z,wallet,MREF_10446
PAY_10447,ORDER_10447,7574.22,INR,captured,2026-03-15T12:15:00Z,netbanking,MREF_10447
PAY_10448,ORDER_10448,7337.10,INR,captured,2026-05-30T16:06:00Z,wallet,MREF_10448
PAY_10449,ORDER_10449,1502.08,INR,captured,2026-05-17T20:07:00Z,upi,MREF_10449
PAY_10450,ORDER_10450,880.21,INR,captured,2026-05-17T08:28:00Z,wallet,MREF_10450
PAY_10451,ORDER_10451,212.36,INR,captured,2026-05-05T17:16:00Z,wallet,MREF_10451
PAY_10452,ORDER_10452,827.27,INR,captured,2026-05-04T09:02:00Z,wallet,MREF_10452
PAY_10453,ORDER_10453,2972.81,INR,captured,2026-05-19T12:25:00Z,upi,MREF_10453
PAY_10454,ORDER_10454,1434.73,INR,captured,2026-05-09T08:31:00Z,card,MREF_10454
PAY_10455,ORDER_10455,3782.43,INR,captured,2026-03-29T10:11:00Z,wallet,MREF_10455
PAY_10456,ORDER_10456,3008.94,INR,captured,2026-03-21T12:17:00Z,wallet,MREF_10456
PAY_10457,ORDER_10457,4631.80,INR,captured,2026-03-12T19:11:00Z,upi,MREF_10457
PAY_10458,ORDER_10458,7843.07,INR,captured,2026-04-02T15:25:00Z,netbanking,MREF_10458
PAY_10459,ORDER_10459,7733.07,INR,captured,2026-06-15T06:14:00Z,netbanking,MREF_10459
PAY_10460,ORDER_10460,8482.65,INR,captured,2026-05-26T09:41:00Z,upi,MREF_10460
PAY_10461,ORDER_10461,6760.59,INR,captured,2026-06-12T10:10:00Z,netbanking,MREF_10461
PAY_10462,ORDER_10462,7641.45,INR,captured,2026-03-08T10:51:00Z,card,MREF_10462
PAY_10463,ORDER_10463,4501.22,INR,captured,2026-05-11T21:22:00Z,netbanking,MREF_10463
PAY_10464,ORDER_10464,7694.37,INR,captured,2026-05-07T19:47:00Z,card,MREF_10464
PAY_10465,ORDER_10465,9348.87,INR,captured,2026-03-06T17:45:00Z,netbanking,MREF_10465
PAY_10466,ORDER_10466,3499.03,INR,captured,2026-03-20T09:48:00Z,netbanking,MREF_10466
PAY_10467,ORDER_10467,868.50,INR,captured,2026-03-14T12:28:00Z,card,MREF_10467
PAY_10468,ORDER_10468,654.10,INR,captured,2026-05-26T12:39:00Z,netbanking,MREF_10468
PAY_10469,ORDER_10469,4898.70,INR,captured,2026-04-12T15:05:00Z,card,MREF_10469
PAY_10470,ORDER_10470,7088.33,INR,captured,2026-06-18T14:07:00Z,upi,MREF_10470
PAY_10471,ORDER_10471,3501.34,INR,captured,2026-04-22T19:02:00Z,netbanking,MREF_10471
PAY_10472,ORDER_10472,3674.76,INR,captured,2026-03-07T20:42:00Z,card,MREF_10472
PAY_10473,ORDER_10473,3011.13,INR,captured,2026-06-24T08:13:00Z,card,MREF_10473
PAY_10474,ORDER_10474,4347.29,INR,captured,2026-05-20T09:42:00Z,netbanking,MREF_10474
PAY_10475,ORDER_10475,8201.67,INR,captured,2026-03-21T19:42:00Z,wallet,MREF_10475
PAY_10476,ORDER_10476,5104.19,INR,captured,2026-06-14T08:16:00Z,netbanking,MREF_10476
PAY_10477,ORDER_10477,7932.47,INR,captured,2026-03-23T07:27:00Z,netbanking,MREF_10477
PAY_10478,ORDER_10478,5734.18,INR,captured,2026-06-28T08:50:00Z,card,MREF_10478
PAY_10479,ORDER_10479,5440.28,INR,captured,2026-04-16T11:17:00Z,netbanking,MREF_10479
PAY_10480,ORDER_10480,2947.53,INR,captured,2026-03-21T21:20:00Z,card,MREF_10480
PAY_10481,ORDER_10481,3591.05,INR,captured,2026-05-23T20:19:00Z,netbanking,MREF_10481
PAY_10482,ORDER_10482,3787.11,INR,captured,2026-03-08T20:16:00Z,card,MREF_10482
PAY_10483,ORDER_10483,8770.11,INR,captured,2026-05-06T18:22:00Z,upi,MREF_10483
PAY_10484,ORDER_10484,2909.88,INR,captured,2026-05-06T20:42:00Z,wallet,MREF_10484
PAY_10485,ORDER_10485,7529.11,INR,captured,2026-05-09T20:53:00Z,card,MREF_10485
PAY_10486,ORDER_10486,3533.99,INR,captured,2026-03-28T19:21:00Z,card,MREF_10486
PAY_10487,ORDER_10487,1972.00,INR,captured,2026-06-28T10:24:00Z,upi,MREF_10487
PAY_10488,ORDER_10488,3075.91,INR,captured,2026-04-04T16:39:00Z,netbanking,MREF_10488
PAY_10489,ORDER_10489,7167.03,INR,captured,2026-05-13T19:40:00Z,card,MREF_10489
PAY_10490,ORDER_10490,7927.85,INR,captured,2026-06-08T14:15:00Z,wallet,MREF_10490
PAY_10491,ORDER_10491,6567.50,INR,captured,2026-05-11T06:14:00Z,upi,MREF_10491
PAY_10492,ORDER_10492,4768.67,INR,captured,2026-05-09T21:28:00Z,wallet,MREF_10492
PAY_10493,ORDER_10493,2795.66,INR,captured,2026-04-19T12:30:00Z,wallet,MREF_10493
PAY_10494,ORDER_10494,7938.16,INR,captured,2026-03-10T07:31:00Z,card,MREF_10494
PAY_10495,ORDER_10495,4718.57,INR,captured,2026-05-21T18:05:00Z,wallet,MREF_10495
PAY_10496,ORDER_10496,2309.83,INR,captured,2026-03-08T10:11:00Z,netbanking,MREF_10496
PAY_10497,ORDER_10497,7349.66,INR,captured,2026-06-17T19:31:00Z,card,MREF_10497
PAY_10498,ORDER_10498,8344.49,INR,captured,2026-03-13T12:12:00Z,netbanking,MREF_10498
PAY_10499,ORDER_10499,2426.12,INR,captured,2026-03-01T13:31:00Z,card,MREF_10499
PAY_10500,ORDER_10500,3801.61,INR,captured,2026-03-24T18:24:00Z,wallet,MREF_10500
PAY_10501,ORDER_10501,1623.77,INR,captured,2026-03-05T09:39:00Z,wallet,MREF_10501
PAY_10502,ORDER_10502,837.77,INR,captured,2026-06-14T19:00:00Z,netbanking,MREF_10502
PAY_10503,ORDER_10503,3121.42,INR,captured,2026-06-09T20:06:00Z,wallet,MREF_10503
PAY_10504,ORDER_10504,4675.75,INR,captured,2026-03-21T12:05:00Z,card,MREF_10504
PAY_10505,ORDER_10505,1184.40,INR,captured,2026-05-20T08:52:00Z,upi,MREF_10505
PAY_10506,ORDER_10506,1521.67,INR,captured,2026-06-24T14:31:00Z,netbanking,MREF_10506
PAY_10507,ORDER_10507,6088.99,INR,captured,2026-06-05T08:09:00Z,upi,MREF_10507
PAY_10508,ORDER_10508,3221.89,INR,captured,2026-06-03T19:14:00Z,wallet,MREF_10508
PAY_10509,ORDER_10509,2463.39,INR,captured,2026-03-25T21:55:00Z,wallet,MREF_10509
PAY_10510,ORDER_10510,1979.64,INR,captured,2026-05-31T09:17:00Z,card,MREF_10510
PAY_10511,ORDER_10511,1282.07,INR,captured,2026-03-06T07:57:00Z,upi,MREF_10511
PAY_10512,ORDER_10512,5121.89,INR,captured,2026-06-09T18:55:00Z,card,MREF_10512
PAY_10513,ORDER_10513,5320.19,INR,captured,2026-05-18T16:53:00Z,upi,MREF_10513
PAY_10514,ORDER_10514,1344.06,INR,captured,2026-05-17T07:34:00Z,upi,MREF_10514
PAY_10515,ORDER_10515,8177.60,INR,captured,2026-05-24T12:09:00Z,card,MREF_10515
PAY_10516,ORDER_10516,985.34,INR,captured,2026-06-25T07:36:00Z,card,MREF_10516
PAY_10517,ORDER_10517,240.81,INR,captured,2026-03-07T18:18:00Z,wallet,MREF_10517
PAY_10518,ORDER_10518,7437.10,INR,captured,2026-05-28T15:39:00Z,card,MREF_10518
PAY_10519,ORDER_10519,7846.46,INR,captured,2026-03-06T09:36:00Z,wallet,MREF_10519
PAY_10520,ORDER_10520,6429.06,INR,captured,2026-06-25T11:12:00Z,netbanking,MREF_10520
PAY_10521,ORDER_10521,9362.60,INR,captured,2026-05-25T14:47:00Z,card,MREF_10521
PAY_10522,ORDER_10522,3821.77,INR,captured,2026-03-19T15:59:00Z,card,MREF_10522
PAY_10523,ORDER_10523,2099.11,INR,captured,2026-05-31T08:01:00Z,card,MREF_10523
PAY_10524,ORDER_10524,4901.07,INR,captured,2026-05-17T09:19:00Z,netbanking,MREF_10524
PAY_10525,ORDER_10525,6466.05,INR,captured,2026-05-05T17:26:00Z,wallet,MREF_10525
PAY_10526,ORDER_10526,3596.23,INR,captured,2026-04-14T18:33:00Z,netbanking,MREF_10526
PAY_10527,ORDER_10527,2932.74,INR,captured,2026-05-16T07:52:00Z,netbanking,MREF_10527
PAY_10528,ORDER_10528,7506.74,INR,captured,2026-06-20T13:31:00Z,wallet,MREF_10528
PAY_10529,ORDER_10529,4891.02,INR,captured,2026-04-10T11:40:00Z,upi,MREF_10529
PAY_10530,ORDER_10530,9015.52,INR,captured,2026-06-09T17:17:00Z,netbanking,MREF_10530
PAY_10531,ORDER_10531,260.35,INR,captured,2026-05-29T15:32:00Z,upi,MREF_10531
PAY_10532,ORDER_10532,3228.09,INR,captured,2026-03-31T06:40:00Z,wallet,MREF_10532
PAY_10533,ORDER_10533,8181.96,INR,captured,2026-04-22T09:45:00Z,wallet,MREF_10533
PAY_10534,ORDER_10534,3484.73,INR,captured,2026-03-26T09:49:00Z,netbanking,MREF_10534
PAY_10535,ORDER_10535,4280.55,INR,captured,2026-03-29T21:59:00Z,netbanking,MREF_10535
PAY_10536,ORDER_10536,5652.81,INR,captured,2026-06-11T09:29:00Z,wallet,MREF_10536
PAY_10537,ORDER_10537,4122.58,INR,captured,2026-03-01T07:37:00Z,netbanking,MREF_10537
PAY_10538,ORDER_10538,1248.86,INR,captured,2026-04-09T10:45:00Z,card,MREF_10538
PAY_10539,ORDER_10539,162.18,INR,captured,2026-04-11T13:52:00Z,netbanking,MREF_10539
PAY_10540,ORDER_10540,5645.34,INR,captured,2026-04-06T10:26:00Z,netbanking,MREF_10540
PAY_10541,ORDER_10541,3243.07,INR,captured,2026-06-06T06:52:00Z,card,MREF_10541
PAY_10542,ORDER_10542,7798.46,INR,captured,2026-04-02T18:15:00Z,card,MREF_10542
PAY_10543,ORDER_10543,8660.30,INR,captured,2026-04-21T20:37:00Z,upi,MREF_10543
PAY_10544,ORDER_10544,8847.50,INR,captured,2026-04-26T19:36:00Z,card,MREF_10544
PAY_10545,ORDER_10545,7122.20,INR,captured,2026-03-16T07:30:00Z,upi,MREF_10545
PAY_10546,ORDER_10546,5838.25,INR,captured,2026-06-23T19:01:00Z,card,MREF_10546
PAY_10547,ORDER_10547,5058.51,INR,captured,2026-04-06T11:04:00Z,netbanking,MREF_10547
PAY_10548,ORDER_10548,3405.66,INR,captured,2026-06-10T15:19:00Z,wallet,MREF_10548
PAY_10549,ORDER_10549,7046.12,INR,captured,2026-06-06T18:47:00Z,netbanking,MREF_10549
PAY_10550,ORDER_10550,7082.38,INR,captured,2026-04-30T10:48:00Z,upi,MREF_10550
PAY_10551,ORDER_10551,7608.74,INR,captured,2026-05-31T18:33:00Z,netbanking,MREF_10551
PAY_10552,ORDER_10552,7742.51,INR,captured,2026-04-25T12:15:00Z,netbanking,MREF_10552
PAY_10553,ORDER_10553,3324.98,INR,captured,2026-05-13T12:43:00Z,upi,MREF_10553
PAY_10554,ORDER_10554,4094.81,INR,captured,2026-04-16T09:25:00Z,card,MREF_10554
PAY_10555,ORDER_10555,4599.45,INR,captured,2026-03-18T21:31:00Z,netbanking,MREF_10555
PAY_10556,ORDER_10556,8114.62,INR,captured,2026-03-01T18:20:00Z,netbanking,MREF_10556
PAY_10557,ORDER_10557,6358.19,INR,captured,2026-06-22T16:51:00Z,upi,MREF_10557
PAY_10558,ORDER_10558,4512.31,INR,captured,2026-05-10T11:17:00Z,upi,MREF_10558
PAY_10559,ORDER_10559,2992.75,INR,captured,2026-06-11T21:03:00Z,upi,MREF_10559
PAY_10560,ORDER_10560,6024.24,INR,captured,2026-06-07T18:00:00Z,netbanking,MREF_10560
PAY_10561,ORDER_10561,2494.66,INR,captured,2026-05-21T13:54:00Z,wallet,MREF_10561
PAY_10562,ORDER_10562,4761.41,INR,captured,2026-03-22T16:27:00Z,upi,MREF_10562
PAY_10563,ORDER_10563,1927.85,INR,captured,2026-04-29T10:45:00Z,upi,MREF_10563
PAY_10564,ORDER_10564,6000.72,INR,captured,2026-06-04T06:11:00Z,card,MREF_10564
PAY_10565,ORDER_10565,814.52,INR,captured,2026-04-25T12:11:00Z,card,MREF_10565
PAY_10566,ORDER_10566,1506.43,INR,captured,2026-05-28T18:58:00Z,netbanking,MREF_10566
PAY_10567,ORDER_10567,8907.20,INR,captured,2026-06-18T21:31:00Z,wallet,MREF_10567
PAY_10568,ORDER_10568,2057.76,INR,captured,2026-06-09T13:52:00Z,netbanking,MREF_10568
PAY_10569,ORDER_10569,6711.43,INR,captured,2026-06-24T11:59:00Z,card,MREF_10569
PAY_10570,ORDER_10570,8103.29,INR,captured,2026-04-04T15:54:00Z,card,MREF_10570
PAY_10571,ORDER_10571,7082.20,INR,captured,2026-04-25T20:07:00Z,wallet,MREF_10571
PAY_10572,ORDER_10572,2722.50,INR,captured,2026-04-28T07:45:00Z,netbanking,MREF_10572
PAY_10573,ORDER_10573,3831.92,INR,captured,2026-06-24T16:23:00Z,upi,MREF_10573
PAY_10574,ORDER_10574,5608.88,INR,captured,2026-03-13T15:35:00Z,upi,MREF_10574
PAY_10575,ORDER_10575,5073.05,INR,captured,2026-03-27T09:38:00Z,wallet,MREF_10575
PAY_10576,ORDER_10576,8747.69,INR,captured,2026-04-21T10:48:00Z,card,MREF_10576
PAY_10577,ORDER_10577,4657.49,INR,captured,2026-03-30T12:47:00Z,netbanking,MREF_10577
PAY_10578,ORDER_10578,3131.54,INR,captured,2026-04-07T12:21:00Z,wallet,MREF_10578
PAY_10579,ORDER_10579,4726.40,INR,captured,2026-06-23T08:45:00Z,netbanking,MREF_10579
PAY_10580,ORDER_10580,2672.22,INR,captured,2026-05-12T15:09:00Z,wallet,MREF_10580
PAY_10581,ORDER_10581,4106.39,INR,captured,2026-05-09T20:50:00Z,upi,MREF_10581
PAY_10582,ORDER_10582,4035.40,INR,captured,2026-05-30T21:38:00Z,upi,MREF_10582
PAY_10583,ORDER_10583,5390.31,INR,captured,2026-04-18T12:31:00Z,upi,MREF_10583
PAY_10584,ORDER_10584,1188.00,INR,captured,2026-04-18T10:46:00Z,upi,MREF_10584
PAY_10585,ORDER_10585,8563.11,INR,captured,2026-03-24T09:03:00Z,card,MREF_10585
PAY_10586,ORDER_10586,9016.95,INR,captured,2026-06-24T21:43:00Z,upi,MREF_10586
PAY_10587,ORDER_10587,7544.83,INR,captured,2026-04-08T12:04:00Z,upi,MREF_10587
PAY_10588,ORDER_10588,4694.53,INR,captured,2026-06-07T06:09:00Z,upi,MREF_10588
PAY_10589,ORDER_10589,4794.78,INR,captured,2026-05-19T20:38:00Z,netbanking,MREF_10589
PAY_10590,ORDER_10590,4542.73,INR,captured,2026-04-07T21:10:00Z,card,MREF_10590
PAY_10591,ORDER_10591,4291.78,INR,captured,2026-03-07T20:51:00Z,wallet,MREF_10591
PAY_10592,ORDER_10592,816.18,INR,captured,2026-03-26T18:51:00Z,netbanking,MREF_10592
PAY_10593,ORDER_10593,7443.03,INR,captured,2026-06-28T07:39:00Z,netbanking,MREF_10593
PAY_10594,ORDER_10594,4416.20,INR,captured,2026-06-12T15:22:00Z,netbanking,MREF_10594
PAY_10595,ORDER_10595,8693.73,INR,captured,2026-04-01T18:01:00Z,upi,MREF_10595
PAY_10596,ORDER_10596,2959.65,INR,captured,2026-04-15T11:46:00Z,wallet,MREF_10596
PAY_10597,ORDER_10597,5136.69,INR,captured,2026-03-30T12:29:00Z,card,MREF_10597
PAY_10598,ORDER_10598,1336.89,INR,captured,2026-04-06T08:02:00Z,card,MREF_10598
PAY_10599,ORDER_10599,5936.16,INR,captured,2026-03-13T17:48:00Z,upi,MREF_10599
PAY_10600,ORDER_10600,5201.13,INR,captured,2026-06-09T18:10:00Z,upi,MREF_10600
PAY_10601,ORDER_10601,4186.42,INR,captured,2026-03-15T13:36:00Z,netbanking,MREF_10601
PAY_10602,ORDER_10602,690.34,INR,captured,2026-03-10T15:14:00Z,wallet,MREF_10602
PAY_10603,ORDER_10603,4452.42,INR,captured,2026-06-10T09:47:00Z,card,MREF_10603
PAY_10604,ORDER_10604,6526.48,INR,captured,2026-06-15T09:25:00Z,wallet,MREF_10604
PAY_10605,ORDER_10605,2758.37,INR,captured,2026-04-12T14:45:00Z,upi,MREF_10605
PAY_10606,ORDER_10606,3643.79,INR,captured,2026-05-14T18:36:00Z,netbanking,MREF_10606
PAY_10607,ORDER_10607,4274.78,INR,captured,2026-05-12T11:22:00Z,wallet,MREF_10607
PAY_10608,ORDER_10608,6863.57,INR,captured,2026-05-01T13:04:00Z,upi,MREF_10608
PAY_10609,ORDER_10609,2119.24,INR,captured,2026-03-04T17:48:00Z,card,MREF_10609
PAY_10610,ORDER_10610,8870.80,INR,captured,2026-05-26T07:04:00Z,wallet,MREF_10610
PAY_10611,ORDER_10611,736.26,INR,captured,2026-04-23T20:16:00Z,card,MREF_10611
PAY_10612,ORDER_10612,8287.90,INR,captured,2026-03-22T12:32:00Z,netbanking,MREF_10612
PAY_10613,ORDER_10613,4267.19,INR,captured,2026-04-10T06:56:00Z,card,MREF_10613
PAY_10614,ORDER_10614,6587.82,INR,captured,2026-06-24T10:01:00Z,wallet,MREF_10614
PAY_10615,ORDER_10615,6106.37,INR,captured,2026-05-13T21:49:00Z,netbanking,MREF_10615
PAY_10616,ORDER_10616,4159.56,INR,captured,2026-04-17T06:50:00Z,netbanking,MREF_10616
PAY_10617,ORDER_10617,1694.37,INR,captured,2026-03-12T15:15:00Z,netbanking,MREF_10617
PAY_10618,ORDER_10618,3775.05,INR,captured,2026-03-27T14:47:00Z,card,MREF_10618
PAY_10619,ORDER_10619,6361.00,INR,captured,2026-06-27T17:44:00Z,upi,MREF_10619
PAY_10620,ORDER_10620,8424.78,INR,captured,2026-03-13T14:41:00Z,card,MREF_10620
PAY_10621,ORDER_10621,7972.67,INR,captured,2026-04-27T19:39:00Z,netbanking,MREF_10621
PAY_10622,ORDER_10622,4413.06,INR,captured,2026-06-19T18:04:00Z,upi,MREF_10622
PAY_10623,ORDER_10623,4957.59,INR,captured,2026-03-27T21:10:00Z,wallet,MREF_10623
PAY_10624,ORDER_10624,6567.36,INR,captured,2026-04-09T15:39:00Z,card,MREF_10624
PAY_10625,ORDER_10625,1129.56,INR,captured,2026-04-06T21:28:00Z,upi,MREF_10625
PAY_10626,ORDER_10626,5125.26,INR,captured,2026-04-19T07:47:00Z,netbanking,MREF_10626
PAY_10627,ORDER_10627,8505.11,INR,captured,2026-05-19T10:21:00Z,card,MREF_10627
PAY_10628,ORDER_10628,3381.48,INR,captured,2026-05-19T14:26:00Z,upi,MREF_10628
PAY_10629,ORDER_10629,5521.18,INR,captured,2026-03-16T16:32:00Z,netbanking,MREF_10629
PAY_10630,ORDER_10630,1934.15,INR,captured,2026-05-06T08:57:00Z,card,MREF_10630
PAY_10631,ORDER_10631,5656.95,INR,captured,2026-04-10T21:56:00Z,upi,MREF_10631
PAY_10632,ORDER_10632,4744.35,INR,captured,2026-04-03T16:23:00Z,wallet,MREF_10632
PAY_10633,ORDER_10633,5835.80,INR,captured,2026-04-11T09:10:00Z,netbanking,MREF_10633
PAY_10634,ORDER_10634,4844.01,INR,captured,2026-04-23T14:23:00Z,card,MREF_10634
PAY_10635,ORDER_10635,2979.00,INR,captured,2026-04-30T15:02:00Z,upi,MREF_10635
PAY_10636,ORDER_10636,6488.70,INR,captured,2026-04-21T06:28:00Z,netbanking,MREF_10636
PAY_10637,ORDER_10637,401.98,INR,captured,2026-05-26T07:22:00Z,wallet,MREF_10637
PAY_10638,ORDER_10638,3699.63,INR,captured,2026-04-28T21:56:00Z,wallet,MREF_10638
PAY_10639,ORDER_10639,9014.26,INR,captured,2026-06-15T16:13:00Z,netbanking,MREF_10639
PAY_10640,ORDER_10640,6830.68,INR,captured,2026-03-27T18:25:00Z,card,MREF_10640
PAY_10641,ORDER_10641,3896.57,INR,captured,2026-04-10T17:00:00Z,upi,MREF_10641
PAY_10642,ORDER_10642,236.15,INR,captured,2026-06-09T08:27:00Z,wallet,MREF_10642
PAY_10643,ORDER_10643,8046.21,INR,captured,2026-06-14T20:14:00Z,netbanking,MREF_10643
PAY_10644,ORDER_10644,3030.15,INR,captured,2026-06-26T20:17:00Z,netbanking,MREF_10644
PAY_10645,ORDER_10645,3202.20,INR,captured,2026-04-05T06:47:00Z,netbanking,MREF_10645
PAY_10646,ORDER_10646,7597.45,INR,captured,2026-06-06T21:18:00Z,upi,MREF_10646
PAY_10647,ORDER_10647,600.31,INR,captured,2026-04-10T15:30:00Z,netbanking,MREF_10647
PAY_10648,ORDER_10648,1016.79,INR,captured,2026-04-15T20:39:00Z,netbanking,MREF_10648
PAY_10649,ORDER_10649,4654.35,INR,captured,2026-06-11T12:57:00Z,card,MREF_10649
PAY_10650,ORDER_10650,852.83,INR,captured,2026-03-19T16:40:00Z,card,MREF_10650
PAY_10651,ORDER_10651,8041.00,INR,captured,2026-03-25T20:19:00Z,netbanking,MREF_10651
PAY_10652,ORDER_10652,3412.20,INR,captured,2026-04-06T12:11:00Z,netbanking,MREF_10652
PAY_10653,ORDER_10653,8523.34,INR,captured,2026-04-05T09:32:00Z,wallet,MREF_10653
PAY_10654,ORDER_10654,4665.78,INR,captured,2026-03-30T06:47:00Z,netbanking,MREF_10654
PAY_10655,ORDER_10655,5837.94,INR,captured,2026-05-01T16:54:00Z,wallet,MREF_10655
PAY_10656,ORDER_10656,474.13,INR,captured,2026-05-12T14:45:00Z,netbanking,MREF_10656
PAY_10657,ORDER_10657,1749.29,INR,captured,2026-06-14T09:28:00Z,netbanking,MREF_10657
PAY_10658,ORDER_10658,2798.74,INR,captured,2026-04-26T08:30:00Z,card,MREF_10658
PAY_10659,ORDER_10659,8648.54,INR,captured,2026-06-18T16:06:00Z,upi,MREF_10659
PAY_10660,ORDER_10660,8681.45,INR,captured,2026-06-03T17:31:00Z,wallet,MREF_10660
PAY_10661,ORDER_10661,6530.81,INR,captured,2026-05-07T08:21:00Z,netbanking,MREF_10661
PAY_10662,ORDER_10662,2957.57,INR,captured,2026-04-25T06:50:00Z,card,MREF_10662
PAY_10663,ORDER_10663,2150.75,INR,captured,2026-03-15T11:41:00Z,wallet,MREF_10663
PAY_10664,ORDER_10664,2076.01,INR,captured,2026-06-28T16:49:00Z,card,MREF_10664
PAY_10665,ORDER_10665,7196.41,INR,captured,2026-03-06T16:55:00Z,card,MREF_10665
PAY_10666,ORDER_10666,3013.55,INR,captured,2026-05-30T20:00:00Z,upi,MREF_10666
PAY_10667,ORDER_10667,8806.35,INR,captured,2026-05-04T12:26:00Z,upi,MREF_10667
PAY_10668,ORDER_10668,2856.18,INR,captured,2026-05-30T08:19:00Z,card,MREF_10668
PAY_10669,ORDER_10669,2052.55,INR,captured,2026-03-11T15:02:00Z,card,MREF_10669
PAY_10670,ORDER_10670,8298.75,INR,captured,2026-05-19T20:53:00Z,upi,MREF_10670
PAY_10671,ORDER_10671,5807.56,INR,captured,2026-05-25T10:57:00Z,netbanking,MREF_10671
PAY_10672,ORDER_10672,2776.54,INR,captured,2026-04-28T15:53:00Z,wallet,MREF_10672
PAY_10673,ORDER_10673,549.40,INR,captured,2026-05-06T18:56:00Z,card,MREF_10673
PAY_10674,ORDER_10674,5425.49,INR,captured,2026-06-15T17:37:00Z,wallet,MREF_10674
PAY_10675,ORDER_10675,5771.59,INR,captured,2026-03-02T08:37:00Z,upi,MREF_10675
PAY_10676,ORDER_10676,6595.27,INR,captured,2026-03-26T09:20:00Z,netbanking,MREF_10676
PAY_10677,ORDER_10677,8399.19,INR,captured,2026-03-18T14:44:00Z,netbanking,MREF_10677
PAY_10678,ORDER_10678,1939.12,INR,captured,2026-04-06T08:03:00Z,card,MREF_10678
PAY_10679,ORDER_10679,3505.01,INR,captured,2026-04-01T10:32:00Z,wallet,MREF_10679
PAY_10680,ORDER_10680,4625.03,INR,captured,2026-05-21T20:40:00Z,netbanking,MREF_10680
PAY_10681,ORDER_10681,5283.98,INR,captured,2026-06-21T08:27:00Z,wallet,MREF_10681
PAY_10682,ORDER_10682,5018.76,INR,captured,2026-05-26T12:28:00Z,card,MREF_10682
PAY_10683,ORDER_10683,2080.66,INR,captured,2026-06-03T12:06:00Z,upi,MREF_10683
PAY_10684,ORDER_10684,6141.94,INR,captured,2026-06-19T07:26:00Z,upi,MREF_10684
PAY_10685,ORDER_10685,8570.99,INR,captured,2026-05-12T17:29:00Z,netbanking,MREF_10685
PAY_10686,ORDER_10686,1162.72,INR,captured,2026-04-14T20:57:00Z,upi,MREF_10686
PAY_10687,ORDER_10687,8009.17,INR,captured,2026-03-21T15:17:00Z,upi,MREF_10687
PAY_10688,ORDER_10688,2877.31,INR,captured,2026-03-30T11:56:00Z,upi,MREF_10688
PAY_10689,ORDER_10689,969.23,INR,captured,2026-03-20T14:46:00Z,upi,MREF_10689
PAY_10690,ORDER_10690,2032.14,INR,captured,2026-03-06T08:48:00Z,netbanking,MREF_10690
PAY_10691,ORDER_10691,3452.35,INR,captured,2026-03-02T16:29:00Z,upi,MREF_10691
PAY_10692,ORDER_10692,6475.05,INR,captured,2026-06-09T10:16:00Z,netbanking,MREF_10692
PAY_10693,ORDER_10693,2749.53,INR,captured,2026-06-07T20:02:00Z,card,MREF_10693
PAY_10694,ORDER_10694,2103.44,INR,captured,2026-05-24T19:49:00Z,netbanking,MREF_10694
PAY_10695,ORDER_10695,2325.62,INR,captured,2026-06-13T16:58:00Z,upi,MREF_10695
PAY_10696,ORDER_10696,6562.90,INR,captured,2026-04-12T06:34:00Z,upi,MREF_10696
PAY_10697,ORDER_10697,3529.53,INR,captured,2026-03-03T07:46:00Z,netbanking,MREF_10697
PAY_10698,ORDER_10698,5437.95,INR,captured,2026-04-07T07:08:00Z,upi,MREF_10698
PAY_10699,ORDER_10699,7547.90,INR,captured,2026-05-26T21:56:00Z,card,MREF_10699
PAY_10700,ORDER_10700,7752.37,INR,captured,2026-04-05T13:09:00Z,netbanking,MREF_10700
PAY_10701,ORDER_10701,6674.25,INR,captured,2026-05-23T11:45:00Z,netbanking,MREF_10701
PAY_10702,ORDER_10702,1503.89,INR,captured,2026-06-17T19:40:00Z,wallet,MREF_10702
PAY_10703,ORDER_10703,4830.52,INR,captured,2026-06-04T10:08:00Z,netbanking,MREF_10703
PAY_10704,ORDER_10704,9247.52,INR,captured,2026-06-16T21:53:00Z,upi,MREF_10704
PAY_10705,ORDER_10705,9456.16,INR,captured,2026-05-13T14:05:00Z,card,MREF_10705
PAY_10706,ORDER_10706,2798.62,INR,captured,2026-06-18T13:12:00Z,wallet,MREF_10706
PAY_10707,ORDER_10707,9233.91,INR,captured,2026-03-23T18:25:00Z,netbanking,MREF_10707
PAY_10708,ORDER_10708,3142.71,INR,captured,2026-03-09T17:53:00Z,card,MREF_10708
PAY_10709,ORDER_10709,2211.53,INR,captured,2026-03-17T16:41:00Z,upi,MREF_10709
PAY_10710,ORDER_10710,8022.47,INR,captured,2026-05-18T10:58:00Z,upi,MREF_10710
PAY_10711,ORDER_10711,5877.32,INR,captured,2026-04-18T08:22:00Z,upi,MREF_10711
PAY_10712,ORDER_10712,7362.63,INR,captured,2026-05-01T15:28:00Z,card,MREF_10712
PAY_10713,ORDER_10713,9050.43,INR,captured,2026-04-14T14:36:00Z,wallet,MREF_10713
PAY_10714,ORDER_10714,4682.73,INR,captured,2026-04-16T18:40:00Z,wallet,MREF_10714
PAY_10715,ORDER_10715,8820.12,INR,captured,2026-04-29T15:05:00Z,card,MREF_10715
PAY_10716,ORDER_10716,5143.12,INR,captured,2026-04-26T21:48:00Z,wallet,MREF_10716
PAY_10717,ORDER_10717,1966.64,INR,captured,2026-05-29T09:11:00Z,upi,MREF_10717
PAY_10718,ORDER_10718,6758.32,INR,captured,2026-04-21T13:49:00Z,upi,MREF_10718
PAY_10719,ORDER_10719,6216.78,INR,captured,2026-05-27T19:25:00Z,card,MREF_10719
PAY_10720,ORDER_10720,6985.20,INR,captured,2026-05-20T20:05:00Z,wallet,MREF_10720
PAY_10721,ORDER_10721,1196.67,INR,captured,2026-05-23T18:40:00Z,netbanking,MREF_10721
PAY_10722,ORDER_10722,5563.56,INR,captured,2026-03-19T17:55:00Z,upi,MREF_10722
PAY_10723,ORDER_10723,2593.18,INR,captured,2026-04-27T21:19:00Z,netbanking,MREF_10723
PAY_10724,ORDER_10724,2570.43,INR,captured,2026-05-09T16:11:00Z,upi,MREF_10724
PAY_10725,ORDER_10725,5505.38,INR,captured,2026-04-13T12:59:00Z,card,MREF_10725
PAY_10726,ORDER_10726,6433.31,INR,captured,2026-05-12T09:30:00Z,wallet,MREF_10726
PAY_10727,ORDER_10727,1079.36,INR,captured,2026-06-15T20:04:00Z,netbanking,MREF_10727
PAY_10728,ORDER_10728,5579.27,INR,captured,2026-05-10T13:12:00Z,upi,MREF_10728
PAY_10729,ORDER_10729,5167.55,INR,captured,2026-03-21T20:12:00Z,card,MREF_10729
PAY_10730,ORDER_10730,2066.88,INR,captured,2026-06-12T08:39:00Z,wallet,MREF_10730
PAY_10731,ORDER_10731,4466.31,INR,captured,2026-03-28T10:47:00Z,upi,MREF_10731
PAY_10732,ORDER_10732,1365.99,INR,captured,2026-03-14T15:27:00Z,wallet,MREF_10732
PAY_10733,ORDER_10733,6904.89,INR,captured,2026-06-28T21:05:00Z,wallet,MREF_10733
PAY_10734,ORDER_10734,2873.45,INR,captured,2026-03-31T19:27:00Z,wallet,MREF_10734
PAY_10735,ORDER_10735,3455.08,INR,captured,2026-03-22T10:06:00Z,netbanking,MREF_10735
PAY_10736,ORDER_10736,3053.64,INR,captured,2026-03-29T21:53:00Z,wallet,MREF_10736
PAY_10737,ORDER_10737,4668.21,INR,captured,2026-04-12T13:11:00Z,upi,MREF_10737
PAY_10738,ORDER_10738,9320.04,INR,captured,2026-05-28T15:35:00Z,wallet,MREF_10738
PAY_10739,ORDER_10739,6926.59,INR,captured,2026-04-26T14:45:00Z,netbanking,MREF_10739
PAY_10740,ORDER_10740,4378.96,INR,captured,2026-03-31T17:49:00Z,wallet,MREF_10740
PAY_10741,ORDER_10741,1849.50,INR,captured,2026-05-04T18:23:00Z,netbanking,MREF_10741
PAY_10742,ORDER_10742,6021.49,INR,captured,2026-04-23T06:46:00Z,card,MREF_10742
PAY_10743,ORDER_10743,4159.31,INR,captured,2026-04-12T17:34:00Z,card,MREF_10743
PAY_10744,ORDER_10744,5787.09,INR,captured,2026-06-23T19:10:00Z,upi,MREF_10744
PAY_10745,ORDER_10745,3777.57,INR,captured,2026-03-19T08:39:00Z,card,MREF_10745
PAY_10746,ORDER_10746,5758.47,INR,captured,2026-04-28T14:29:00Z,wallet,MREF_10746
PAY_10747,ORDER_10747,3866.56,INR,captured,2026-03-19T10:18:00Z,upi,MREF_10747
PAY_10748,ORDER_10748,5297.96,INR,captured,2026-04-18T09:38:00Z,upi,MREF_10748
PAY_10749,ORDER_10749,1494.70,INR,captured,2026-06-04T13:05:00Z,wallet,MREF_10749
PAY_10750,ORDER_10750,8612.64,INR,captured,2026-06-02T16:04:00Z,netbanking,MREF_10750
PAY_10751,ORDER_10751,8741.38,INR,captured,2026-06-08T06:36:00Z,netbanking,MREF_10751
PAY_10752,ORDER_10752,1145.93,INR,captured,2026-04-08T12:02:00Z,wallet,MREF_10752
PAY_10753,ORDER_10753,6104.86,INR,captured,2026-06-09T07:18:00Z,card,MREF_10753
PAY_10754,ORDER_10754,4560.52,INR,captured,2026-04-21T09:52:00Z,upi,MREF_10754
PAY_10755,ORDER_10755,1107.20,INR,captured,2026-04-14T11:29:00Z,upi,MREF_10755
PAY_10756,ORDER_10756,6942.28,INR,captured,2026-04-16T06:35:00Z,netbanking,MREF_10756
PAY_10757,ORDER_10757,4715.73,INR,captured,2026-06-26T13:20:00Z,card,MREF_10757
PAY_10758,ORDER_10758,8891.95,INR,captured,2026-03-29T06:12:00Z,upi,MREF_10758
PAY_10759,ORDER_10759,2649.16,INR,captured,2026-03-04T07:24:00Z,wallet,MREF_10759
PAY_10760,ORDER_10760,2803.65,INR,captured,2026-04-06T10:05:00Z,netbanking,MREF_10760
PAY_10761,ORDER_10761,7458.53,INR,captured,2026-06-03T08:18:00Z,wallet,MREF_10761
PAY_10762,ORDER_10762,5762.19,INR,captured,2026-03-15T10:41:00Z,card,MREF_10762
PAY_10763,ORDER_10763,4178.53,INR,captured,2026-03-29T08:39:00Z,wallet,MREF_10763
PAY_10764,ORDER_10764,8606.68,INR,captured,2026-05-17T13:21:00Z,upi,MREF_10764
PAY_10765,ORDER_10765,4145.05,INR,captured,2026-03-08T14:39:00Z,upi,MREF_10765
PAY_10766,ORDER_10766,7869.77,INR,captured,2026-04-30T08:42:00Z,wallet,MREF_10766
PAY_10767,ORDER_10767,4253.49,INR,captured,2026-06-06T11:25:00Z,netbanking,MREF_10767
PAY_10768,ORDER_10768,8796.10,INR,captured,2026-04-01T06:01:00Z,card,MREF_10768
PAY_10769,ORDER_10769,8020.69,INR,captured,2026-03-04T17:08:00Z,netbanking,MREF_10769
PAY_10770,ORDER_10770,3740.55,INR,captured,2026-03-28T07:11:00Z,netbanking,MREF_10770
PAY_10771,ORDER_10771,3301.34,INR,captured,2026-06-15T21:41:00Z,wallet,MREF_10771
PAY_10772,ORDER_10772,5021.86,INR,captured,2026-04-07T16:28:00Z,netbanking,MREF_10772
PAY_10773,ORDER_10773,6449.82,INR,captured,2026-04-09T08:35:00Z,netbanking,MREF_10773
PAY_10774,ORDER_10774,957.80,INR,captured,2026-05-22T12:01:00Z,upi,MREF_10774
PAY_10775,ORDER_10775,5355.94,INR,captured,2026-03-30T18:49:00Z,card,MREF_10775
PAY_10776,ORDER_10776,7831.98,INR,captured,2026-05-04T20:30:00Z,card,MREF_10776
PAY_10777,ORDER_10777,8245.14,INR,captured,2026-06-23T15:59:00Z,netbanking,MREF_10777
PAY_10778,ORDER_10778,5275.70,INR,captured,2026-03-26T09:59:00Z,card,MREF_10778
PAY_10779,ORDER_10779,6074.89,INR,captured,2026-04-18T14:30:00Z,upi,MREF_10779
PAY_10780,ORDER_10780,1175.74,INR,captured,2026-03-23T10:00:00Z,upi,MREF_10780
PAY_10781,ORDER_10781,5598.37,INR,captured,2026-03-31T19:52:00Z,netbanking,MREF_10781
PAY_10782,ORDER_10782,3847.35,INR,captured,2026-04-21T10:13:00Z,card,MREF_10782
PAY_10783,ORDER_10783,5230.39,INR,captured,2026-06-23T18:30:00Z,card,MREF_10783
PAY_10784,ORDER_10784,3083.13,INR,captured,2026-03-31T09:06:00Z,wallet,MREF_10784
PAY_10785,ORDER_10785,7096.39,INR,captured,2026-05-23T06:08:00Z,card,MREF_10785
PAY_10786,ORDER_10786,5595.58,INR,captured,2026-04-20T07:03:00Z,wallet,MREF_10786
PAY_10787,ORDER_10787,1294.95,INR,captured,2026-04-21T13:46:00Z,netbanking,MREF_10787
PAY_10788,ORDER_10788,6699.37,INR,captured,2026-03-08T17:45:00Z,netbanking,MREF_10788
PAY_10789,ORDER_10789,8357.54,INR,captured,2026-06-12T12:11:00Z,netbanking,MREF_10789
PAY_10790,ORDER_10790,437.17,INR,captured,2026-04-28T16:26:00Z,wallet,MREF_10790
PAY_10791,ORDER_10791,8099.00,INR,captured,2026-05-22T20:34:00Z,wallet,MREF_10791
PAY_10792,ORDER_10792,2840.24,INR,captured,2026-03-11T10:58:00Z,netbanking,MREF_10792
PAY_10793,ORDER_10793,4984.51,INR,captured,2026-06-20T17:59:00Z,upi,MREF_10793
PAY_10794,ORDER_10794,6808.17,INR,captured,2026-06-11T13:30:00Z,netbanking,MREF_10794
PAY_10795,ORDER_10795,7183.06,INR,captured,2026-03-17T20:12:00Z,card,MREF_10795
PAY_10796,ORDER_10796,6700.93,INR,captured,2026-03-14T09:11:00Z,upi,MREF_10796
PAY_10797,ORDER_10797,1592.13,INR,captured,2026-06-10T19:24:00Z,netbanking,MREF_10797
PAY_10798,ORDER_10798,6590.22,INR,captured,2026-05-18T15:17:00Z,upi,MREF_10798
PAY_10799,ORDER_10799,3375.90,INR,captured,2026-05-28T07:12:00Z,wallet,MREF_10799
PAY_10800,ORDER_10800,7767.48,INR,captured,2026-06-05T14:15:00Z,wallet,MREF_10800
PAY_10801,ORDER_10801,7089.83,INR,captured,2026-05-29T12:29:00Z,wallet,MREF_10801
PAY_10802,ORDER_10802,887.60,INR,captured,2026-05-14T11:05:00Z,upi,MREF_10802
PAY_10803,ORDER_10803,8930.99,INR,captured,2026-06-06T11:03:00Z,wallet,MREF_10803
PAY_10804,ORDER_10804,8651.21,INR,captured,2026-04-29T20:12:00Z,card,MREF_10804
PAY_10805,ORDER_10805,3137.45,INR,captured,2026-03-02T13:48:00Z,wallet,MREF_10805
PAY_10806,ORDER_10806,5965.32,INR,captured,2026-05-17T14:56:00Z,netbanking,MREF_10806
PAY_10807,ORDER_10807,6707.29,INR,captured,2026-03-13T12:26:00Z,card,MREF_10807
PAY_10808,ORDER_10808,4840.82,INR,captured,2026-05-17T06:50:00Z,upi,MREF_10808
PAY_10809,ORDER_10809,263.80,INR,captured,2026-03-29T14:29:00Z,wallet,MREF_10809
PAY_10810,ORDER_10810,9318.25,INR,captured,2026-03-15T17:31:00Z,card,MREF_10810
PAY_10811,ORDER_10811,4068.75,INR,captured,2026-06-22T07:44:00Z,upi,MREF_10811
PAY_10812,ORDER_10812,7215.46,INR,captured,2026-04-01T06:45:00Z,wallet,MREF_10812
PAY_10813,ORDER_10813,1297.37,INR,captured,2026-04-30T06:37:00Z,upi,MREF_10813
PAY_10814,ORDER_10814,9038.61,INR,captured,2026-04-25T06:26:00Z,card,MREF_10814
PAY_10815,ORDER_10815,270.11,INR,captured,2026-04-03T21:11:00Z,upi,MREF_10815
PAY_10816,ORDER_10816,5271.70,INR,captured,2026-05-11T16:50:00Z,card,MREF_10816
PAY_10817,ORDER_10817,5124.06,INR,captured,2026-06-11T20:59:00Z,card,MREF_10817
PAY_10818,ORDER_10818,3956.87,INR,captured,2026-05-17T21:55:00Z,wallet,MREF_10818
PAY_10819,ORDER_10819,9288.87,INR,captured,2026-06-20T10:06:00Z,netbanking,MREF_10819
PAY_10820,ORDER_10820,2471.42,INR,captured,2026-03-12T18:01:00Z,upi,MREF_10820
PAY_10821,ORDER_10821,1888.29,INR,captured,2026-03-18T11:48:00Z,wallet,MREF_10821
PAY_10822,ORDER_10822,4826.97,INR,captured,2026-05-26T15:13:00Z,wallet,MREF_10822
PAY_10823,ORDER_10823,3080.03,INR,captured,2026-06-16T16:17:00Z,wallet,MREF_10823
PAY_10824,ORDER_10824,2954.04,INR,captured,2026-04-11T08:44:00Z,upi,MREF_10824
PAY_10825,ORDER_10825,7578.19,INR,captured,2026-06-27T15:51:00Z,wallet,MREF_10825
PAY_10826,ORDER_10826,6641.22,INR,captured,2026-03-12T06:10:00Z,wallet,MREF_10826
PAY_10827,ORDER_10827,2970.99,INR,captured,2026-04-04T06:49:00Z,upi,MREF_10827
PAY_10828,ORDER_10828,5646.57,INR,captured,2026-05-01T16:15:00Z,netbanking,MREF_10828
PAY_10829,ORDER_10829,8128.67,INR,captured,2026-06-04T14:15:00Z,card,MREF_10829
PAY_10830,ORDER_10830,4222.19,INR,captured,2026-03-15T18:21:00Z,wallet,MREF_10830
PAY_10831,ORDER_10831,3888.16,INR,captured,2026-06-07T13:37:00Z,upi,MREF_10831
PAY_10832,ORDER_10832,864.57,INR,captured,2026-03-19T21:01:00Z,wallet,MREF_10832
PAY_10833,ORDER_10833,7028.94,INR,captured,2026-03-30T09:13:00Z,card,MREF_10833
PAY_10834,ORDER_10834,9217.85,INR,captured,2026-05-01T09:49:00Z,netbanking,MREF_10834
PAY_10835,ORDER_10835,9395.95,INR,captured,2026-06-14T16:24:00Z,wallet,MREF_10835
PAY_10836,ORDER_10836,8301.74,INR,captured,2026-03-24T12:42:00Z,upi,MREF_10836
PAY_10837,ORDER_10837,7951.81,INR,captured,2026-04-08T07:31:00Z,netbanking,MREF_10837
PAY_10838,ORDER_10838,2730.21,INR,captured,2026-04-24T15:26:00Z,netbanking,MREF_10838
PAY_10839,ORDER_10839,2268.08,INR,captured,2026-04-16T19:07:00Z,card,MREF_10839
PAY_10840,ORDER_10840,7634.79,INR,captured,2026-06-10T19:40:00Z,upi,MREF_10840
PAY_10841,ORDER_10841,5501.14,INR,captured,2026-05-13T08:21:00Z,upi,MREF_10841
PAY_10842,ORDER_10842,8051.72,INR,captured,2026-04-09T19:02:00Z,upi,MREF_10842
PAY_10843,ORDER_10843,7718.13,INR,captured,2026-04-22T18:56:00Z,netbanking,MREF_10843
PAY_10844,ORDER_10844,1528.05,INR,captured,2026-04-15T07:25:00Z,upi,MREF_10844
PAY_10845,ORDER_10845,424.82,INR,captured,2026-04-04T17:58:00Z,wallet,MREF_10845
PAY_10846,ORDER_10846,4609.54,INR,captured,2026-06-23T09:26:00Z,card,MREF_10846
PAY_10847,ORDER_10847,1048.30,INR,captured,2026-06-13T21:30:00Z,upi,MREF_10847
PAY_10848,ORDER_10848,6669.94,INR,captured,2026-06-25T13:56:00Z,card,MREF_10848
PAY_10849,ORDER_10849,4504.21,INR,captured,2026-05-18T10:15:00Z,card,MREF_10849
PAY_10850,ORDER_10850,4929.51,INR,captured,2026-03-23T21:47:00Z,wallet,MREF_10850
PAY_10851,ORDER_10851,6623.23,INR,captured,2026-06-26T10:46:00Z,wallet,MREF_10851
PAY_10852,ORDER_10852,2882.52,INR,captured,2026-04-09T10:43:00Z,upi,MREF_10852
PAY_10853,ORDER_10853,4970.64,INR,captured,2026-04-21T08:33:00Z,upi,MREF_10853
PAY_10854,ORDER_10854,5733.92,INR,captured,2026-04-16T17:33:00Z,upi,MREF_10854
PAY_10855,ORDER_10855,3549.66,INR,captured,2026-05-27T20:54:00Z,wallet,MREF_10855
PAY_10856,ORDER_10856,602.33,INR,captured,2026-04-10T12:29:00Z,wallet,MREF_10856
PAY_10857,ORDER_10857,3642.91,INR,captured,2026-05-08T07:20:00Z,netbanking,MREF_10857
PAY_10858,ORDER_10858,1816.70,INR,captured,2026-04-09T18:40:00Z,wallet,MREF_10858
PAY_10859,ORDER_10859,3714.82,INR,captured,2026-03-26T13:41:00Z,upi,MREF_10859
PAY_10860,ORDER_10860,4902.06,INR,captured,2026-05-24T09:06:00Z,upi,MREF_10860
PAY_10861,ORDER_10861,7568.56,INR,captured,2026-04-19T19:15:00Z,upi,MREF_10861
PAY_10862,ORDER_10862,7152.08,INR,captured,2026-03-17T17:07:00Z,upi,MREF_10862
PAY_10863,ORDER_10863,4020.13,INR,captured,2026-03-29T14:17:00Z,netbanking,MREF_10863
PAY_10864,ORDER_10864,5851.80,INR,captured,2026-04-12T06:42:00Z,wallet,MREF_10864
PAY_10865,ORDER_10865,8679.35,INR,captured,2026-03-11T06:51:00Z,wallet,MREF_10865
PAY_10866,ORDER_10866,7408.26,INR,captured,2026-05-27T16:26:00Z,card,MREF_10866
PAY_10867,ORDER_10867,1039.24,INR,captured,2026-04-13T19:10:00Z,upi,MREF_10867
PAY_10868,ORDER_10868,576.70,INR,captured,2026-06-12T13:35:00Z,card,MREF_10868
PAY_10869,ORDER_10869,195.59,INR,captured,2026-06-03T10:53:00Z,card,MREF_10869
PAY_10870,ORDER_10870,8138.72,INR,captured,2026-04-13T21:01:00Z,upi,MREF_10870
PAY_10871,ORDER_10871,3287.30,INR,captured,2026-04-20T20:19:00Z,wallet,MREF_10871
PAY_10872,ORDER_10872,7476.65,INR,captured,2026-03-04T16:45:00Z,netbanking,MREF_10872
PAY_10873,ORDER_10873,7258.45,INR,captured,2026-03-01T07:04:00Z,card,MREF_10873
PAY_10874,ORDER_10874,5250.70,INR,captured,2026-05-26T18:35:00Z,wallet,MREF_10874
PAY_10875,ORDER_10875,4798.12,INR,captured,2026-04-12T17:57:00Z,netbanking,MREF_10875
PAY_10876,ORDER_10876,3102.49,INR,captured,2026-06-14T20:05:00Z,card,MREF_10876
PAY_10877,ORDER_10877,9240.02,INR,captured,2026-06-02T10:47:00Z,upi,MREF_10877
PAY_10878,ORDER_10878,763.94,INR,captured,2026-04-26T13:04:00Z,upi,MREF_10878
PAY_10879,ORDER_10879,6334.72,INR,captured,2026-06-11T15:37:00Z,card,MREF_10879
PAY_10880,ORDER_10880,9208.85,INR,captured,2026-06-25T09:20:00Z,upi,MREF_10880
PAY_10881,ORDER_10881,287.99,INR,captured,2026-03-18T20:58:00Z,netbanking,MREF_10881
PAY_10882,ORDER_10882,2548.99,INR,captured,2026-06-02T17:55:00Z,upi,MREF_10882
PAY_10883,ORDER_10883,1206.49,INR,captured,2026-06-22T14:52:00Z,netbanking,MREF_10883
PAY_10884,ORDER_10884,8905.26,INR,captured,2026-03-15T17:03:00Z,wallet,MREF_10884
PAY_10885,ORDER_10885,1604.24,INR,captured,2026-06-12T16:23:00Z,upi,MREF_10885
PAY_10886,ORDER_10886,7949.09,INR,captured,2026-05-23T11:09:00Z,wallet,MREF_10886
PAY_10887,ORDER_10887,4581.17,INR,captured,2026-06-20T21:21:00Z,card,MREF_10887
PAY_10888,ORDER_10888,2801.97,INR,captured,2026-03-29T08:32:00Z,upi,MREF_10888
PAY_10889,ORDER_10889,6801.93,INR,captured,2026-04-22T13:36:00Z,wallet,MREF_10889
PAY_10890,ORDER_10890,2049.94,INR,captured,2026-06-24T19:12:00Z,wallet,MREF_10890
PAY_10891,ORDER_10891,8649.91,INR,captured,2026-04-07T16:23:00Z,upi,MREF_10891
PAY_10892,ORDER_10892,8503.28,INR,captured,2026-06-05T09:15:00Z,card,MREF_10892
PAY_10893,ORDER_10893,7912.01,INR,captured,2026-05-25T06:12:00Z,card,MREF_10893
PAY_10894,ORDER_10894,4663.48,INR,captured,2026-04-10T10:27:00Z,netbanking,MREF_10894
PAY_10895,ORDER_10895,2770.51,INR,captured,2026-06-12T14:30:00Z,card,MREF_10895
PAY_10896,ORDER_10896,1526.25,INR,captured,2026-03-02T18:52:00Z,card,MREF_10896
PAY_10897,ORDER_10897,1057.34,INR,captured,2026-03-19T19:30:00Z,netbanking,MREF_10897
PAY_10898,ORDER_10898,8063.89,INR,captured,2026-06-05T15:54:00Z,netbanking,MREF_10898
PAY_10899,ORDER_10899,2329.33,INR,captured,2026-04-27T09:36:00Z,upi,MREF_10899
PAY_10900,ORDER_10900,7984.30,INR,captured,2026-03-04T13:01:00Z,netbanking,MREF_10900
PAY_10901,ORDER_10901,7016.20,INR,captured,2026-04-30T09:28:00Z,wallet,MREF_10901
PAY_10902,ORDER_10902,5497.11,INR,captured,2026-06-23T06:53:00Z,card,MREF_10902
PAY_10903,ORDER_10903,6559.10,INR,captured,2026-05-07T17:22:00Z,card,MREF_10903
PAY_10904,ORDER_10904,5721.86,INR,captured,2026-05-03T06:13:00Z,wallet,MREF_10904
PAY_10905,ORDER_10905,6390.42,INR,captured,2026-05-02T12:43:00Z,wallet,MREF_10905
PAY_10906,ORDER_10906,528.10,INR,captured,2026-05-30T14:08:00Z,netbanking,MREF_10906
PAY_10907,ORDER_10907,5990.18,INR,captured,2026-04-23T16:48:00Z,wallet,MREF_10907
PAY_10908,ORDER_10908,282.84,INR,captured,2026-05-05T16:41:00Z,netbanking,MREF_10908
PAY_10909,ORDER_10909,9328.09,INR,captured,2026-04-19T12:00:00Z,wallet,MREF_10909
PAY_10910,ORDER_10910,1539.15,INR,captured,2026-06-02T12:50:00Z,netbanking,MREF_10910
PAY_10911,ORDER_10911,6230.17,INR,captured,2026-06-21T16:12:00Z,upi,MREF_10911
PAY_10912,ORDER_10912,389.29,INR,captured,2026-03-02T12:02:00Z,wallet,MREF_10912
PAY_10913,ORDER_10913,693.22,INR,captured,2026-03-22T06:35:00Z,card,MREF_10913
PAY_10914,ORDER_10914,9100.86,INR,captured,2026-04-08T07:04:00Z,netbanking,MREF_10914
PAY_10915,ORDER_10915,2626.25,INR,captured,2026-04-01T13:20:00Z,wallet,MREF_10915
PAY_10916,ORDER_10916,5327.25,INR,captured,2026-03-13T10:56:00Z,wallet,MREF_10916
PAY_10917,ORDER_10917,6863.02,INR,captured,2026-04-28T19:02:00Z,netbanking,MREF_10917
PAY_10918,ORDER_10918,3161.40,INR,captured,2026-03-01T14:19:00Z,netbanking,MREF_10918
PAY_10919,ORDER_10919,5591.60,INR,captured,2026-04-30T09:22:00Z,upi,MREF_10919
PAY_10920,ORDER_10920,361.08,INR,captured,2026-04-05T14:33:00Z,netbanking,MREF_10920
PAY_10921,ORDER_10921,5038.43,INR,captured,2026-04-12T08:49:00Z,wallet,MREF_10921
PAY_10922,ORDER_10922,8789.36,INR,captured,2026-03-05T07:38:00Z,card,MREF_10922
PAY_10923,ORDER_10923,6670.52,INR,captured,2026-03-15T07:50:00Z,wallet,MREF_10923
PAY_10924,ORDER_10924,8243.74,INR,captured,2026-03-12T06:07:00Z,upi,MREF_10924
PAY_10925,ORDER_10925,8529.39,INR,captured,2026-05-23T07:12:00Z,upi,MREF_10925
PAY_10926,ORDER_10926,8289.71,INR,captured,2026-06-16T17:51:00Z,upi,MREF_10926
PAY_10927,ORDER_10927,5762.54,INR,captured,2026-05-22T11:42:00Z,wallet,MREF_10927
PAY_10928,ORDER_10928,7409.94,INR,captured,2026-06-05T11:52:00Z,card,MREF_10928
PAY_10929,ORDER_10929,3393.75,INR,captured,2026-05-10T07:11:00Z,card,MREF_10929
PAY_10930,ORDER_10930,594.74,INR,captured,2026-03-27T14:15:00Z,card,MREF_10930
PAY_10931,ORDER_10931,6605.92,INR,captured,2026-05-21T12:11:00Z,card,MREF_10931
PAY_10932,ORDER_10932,8327.86,INR,captured,2026-05-27T11:21:00Z,netbanking,MREF_10932
PAY_10933,ORDER_10933,9142.53,INR,captured,2026-03-19T09:12:00Z,card,MREF_10933
PAY_10934,ORDER_10934,8351.98,INR,captured,2026-06-20T13:47:00Z,card,MREF_10934
PAY_10935,ORDER_10935,9129.35,INR,captured,2026-04-26T10:58:00Z,upi,MREF_10935
PAY_10936,ORDER_10936,782.88,INR,captured,2026-03-24T21:21:00Z,wallet,MREF_10936
PAY_10937,ORDER_10937,6471.34,INR,captured,2026-03-12T12:54:00Z,card,MREF_10937
PAY_10938,ORDER_10938,2403.44,INR,captured,2026-04-14T16:59:00Z,upi,MREF_10938
PAY_10939,ORDER_10939,3327.96,INR,captured,2026-03-24T08:37:00Z,wallet,MREF_10939
PAY_10940,ORDER_10940,1789.74,INR,captured,2026-05-23T08:45:00Z,wallet,MREF_10940
PAY_10941,ORDER_10941,4104.93,INR,captured,2026-03-24T12:23:00Z,netbanking,MREF_10941
PAY_10942,ORDER_10942,4056.23,INR,captured,2026-05-31T17:37:00Z,netbanking,MREF_10942
PAY_10943,ORDER_10943,562.36,INR,captured,2026-05-02T08:03:00Z,netbanking,MREF_10943
PAY_10944,ORDER_10944,7807.96,INR,captured,2026-06-21T14:57:00Z,netbanking,MREF_10944
PAY_10945,ORDER_10945,3088.25,INR,captured,2026-04-13T20:34:00Z,card,MREF_10945
PAY_10946,ORDER_10946,3470.57,INR,captured,2026-04-22T18:09:00Z,wallet,MREF_10946
PAY_10947,ORDER_10947,2433.67,INR,captured,2026-03-04T11:29:00Z,upi,MREF_10947
PAY_10948,ORDER_10948,8290.74,INR,captured,2026-04-23T14:01:00Z,wallet,MREF_10948
PAY_10949,ORDER_10949,2757.89,INR,captured,2026-05-04T09:59:00Z,netbanking,MREF_10949
PAY_10950,ORDER_10950,9216.86,INR,captured,2026-06-26T08:26:00Z,netbanking,MREF_10950
PAY_10951,ORDER_10951,2601.77,INR,captured,2026-06-08T16:44:00Z,upi,MREF_10951
PAY_10952,ORDER_10952,4416.94,INR,captured,2026-05-29T12:58:00Z,netbanking,MREF_10952
PAY_10953,ORDER_10953,1542.70,INR,captured,2026-06-22T14:19:00Z,card,MREF_10953
PAY_10954,ORDER_10954,7938.72,INR,captured,2026-04-15T21:48:00Z,upi,MREF_10954
PAY_10955,ORDER_10955,9054.11,INR,captured,2026-06-11T17:23:00Z,wallet,MREF_10955
PAY_10956,ORDER_10956,395.88,INR,captured,2026-03-23T21:32:00Z,upi,MREF_10956
PAY_10957,ORDER_10957,1807.25,INR,captured,2026-03-06T15:34:00Z,upi,MREF_10957
PAY_10958,ORDER_10958,3144.22,INR,captured,2026-06-24T18:08:00Z,card,MREF_10958
PAY_10959,ORDER_10959,6160.84,INR,captured,2026-03-16T15:53:00Z,netbanking,MREF_10959
PAY_10960,ORDER_10960,5389.26,INR,captured,2026-05-30T20:59:00Z,netbanking,MREF_10960
PAY_10961,ORDER_10961,6790.45,INR,captured,2026-06-01T21:43:00Z,wallet,MREF_10961
PAY_10962,ORDER_10962,6654.57,INR,captured,2026-04-03T15:58:00Z,card,MREF_10962
PAY_10963,ORDER_10963,8255.31,INR,captured,2026-06-14T09:01:00Z,wallet,MREF_10963
PAY_10964,ORDER_10964,574.96,INR,captured,2026-03-25T16:30:00Z,netbanking,MREF_10964
PAY_10965,ORDER_10965,8331.94,INR,captured,2026-06-12T06:21:00Z,wallet,MREF_10965
PAY_10966,ORDER_10966,8311.18,INR,captured,2026-05-14T13:59:00Z,netbanking,MREF_10966
PAY_10967,ORDER_10967,528.65,INR,captured,2026-06-28T19:56:00Z,netbanking,MREF_10967
PAY_10968,ORDER_10968,163.47,INR,captured,2026-04-02T10:43:00Z,netbanking,MREF_10968
PAY_10969,ORDER_10969,5320.16,INR,captured,2026-05-13T10:42:00Z,wallet,MREF_10969
PAY_10970,ORDER_10970,346.38,INR,captured,2026-06-05T21:32:00Z,wallet,MREF_10970
PAY_10971,ORDER_10971,1031.61,INR,captured,2026-06-22T08:13:00Z,card,MREF_10971
PAY_10972,ORDER_10972,6673.94,INR,captured,2026-04-26T15:04:00Z,wallet,MREF_10972
PAY_10973,ORDER_10973,1199.66,INR,captured,2026-03-26T14:09:00Z,card,MREF_10973
PAY_10974,ORDER_10974,9000.30,INR,captured,2026-05-04T11:38:00Z,card,MREF_10974
PAY_10975,ORDER_10975,2073.24,INR,captured,2026-06-10T18:37:00Z,netbanking,MREF_10975
PAY_10976,ORDER_10976,8771.36,INR,captured,2026-04-08T16:33:00Z,wallet,MREF_10976
PAY_10977,ORDER_10977,7859.69,INR,captured,2026-06-27T07:51:00Z,card,MREF_10977
PAY_10978,ORDER_10978,1115.61,INR,captured,2026-06-04T10:50:00Z,upi,MREF_10978
PAY_10979,ORDER_10979,5897.54,INR,captured,2026-06-02T08:12:00Z,upi,MREF_10979
PAY_10980,ORDER_10980,4112.16,INR,captured,2026-06-17T17:24:00Z,wallet,MREF_10980
PAY_10981,ORDER_10981,2330.89,INR,captured,2026-04-02T13:32:00Z,card,MREF_10981
PAY_10982,ORDER_10982,7144.39,INR,captured,2026-03-01T09:04:00Z,wallet,MREF_10982
PAY_10983,ORDER_10983,6659.56,INR,captured,2026-05-19T21:30:00Z,card,MREF_10983
PAY_10984,ORDER_10984,9318.98,INR,captured,2026-06-03T07:45:00Z,card,MREF_10984
PAY_10985,ORDER_10985,6395.88,INR,captured,2026-05-10T20:45:00Z,card,MREF_10985
PAY_10986,ORDER_10986,2047.23,INR,captured,2026-03-10T08:07:00Z,card,MREF_10986
PAY_10987,ORDER_10987,7562.84,INR,captured,2026-06-11T06:07:00Z,card,MREF_10987
PAY_10988,ORDER_10988,3737.60,INR,captured,2026-04-23T10:57:00Z,wallet,MREF_10988
PAY_10989,ORDER_10989,2085.79,INR,captured,2026-04-14T13:22:00Z,netbanking,MREF_10989
PAY_10990,ORDER_10990,2817.57,INR,captured,2026-05-09T14:35:00Z,wallet,MREF_10990
PAY_10991,ORDER_10991,3651.83,INR,captured,2026-03-16T17:06:00Z,wallet,MREF_10991
PAY_10992,ORDER_10992,8537.71,INR,captured,2026-06-01T16:01:00Z,upi,MREF_10992
PAY_10993,ORDER_10993,2702.53,INR,captured,2026-03-01T16:45:00Z,wallet,MREF_10993
PAY_10994,ORDER_10994,563.40,INR,captured,2026-06-04T18:14:00Z,netbanking,MREF_10994
PAY_10995,ORDER_10995,7117.44,INR,captured,2026-05-18T07:19:00Z,wallet,MREF_10995
PAY_10996,ORDER_10996,5193.72,INR,captured,2026-05-28T17:54:00Z,upi,MREF_10996
PAY_10997,ORDER_10997,2681.57,INR,captured,2026-03-21T21:01:00Z,upi,MREF_10997
PAY_10998,ORDER_10998,4416.20,INR,captured,2026-03-21T13:42:00Z,netbanking,MREF_10998
PAY_10999,ORDER_10999,5423.26,INR,captured,2026-06-17T16:33:00Z,wallet,MREF_10999
PAY_11000,ORDER_11000,8812.58,INR,captured,2026-03-15T09:06:00Z,wallet,MREF_11000
PAY_11001,ORDER_11001,4443.17,INR,captured,2026-03-15T17:17:00Z,card,MREF_11001
PAY_11002,ORDER_11002,5304.32,INR,captured,2026-06-20T08:10:00Z,netbanking,MREF_11002
PAY_11003,ORDER_11003,2972.19,INR,captured,2026-05-21T08:02:00Z,wallet,MREF_11003
PAY_11004,ORDER_11004,3823.80,INR,captured,2026-04-16T11:21:00Z,card,MREF_11004
PAY_11005,ORDER_11005,6716.27,INR,captured,2026-03-14T16:54:00Z,netbanking,MREF_11005
PAY_11006,ORDER_11006,8464.61,INR,captured,2026-05-05T08:08:00Z,netbanking,MREF_11006
PAY_11007,ORDER_11007,1846.74,INR,captured,2026-06-10T19:17:00Z,netbanking,MREF_11007
PAY_11008,ORDER_11008,1914.44,INR,captured,2026-03-21T13:51:00Z,upi,MREF_11008
PAY_11009,ORDER_11009,3771.58,INR,captured,2026-04-17T16:41:00Z,upi,MREF_11009
PAY_11010,ORDER_11010,640.08,INR,captured,2026-05-28T18:16:00Z,card,MREF_11010
PAY_11011,ORDER_11011,7047.83,INR,captured,2026-05-06T16:03:00Z,upi,MREF_11011
PAY_11012,ORDER_11012,3638.41,INR,captured,2026-03-20T15:56:00Z,wallet,MREF_11012
PAY_11013,ORDER_11013,8499.02,INR,captured,2026-05-08T06:58:00Z,upi,MREF_11013
PAY_11014,ORDER_11014,5185.33,INR,captured,2026-06-18T15:00:00Z,upi,MREF_11014
PAY_11015,ORDER_11015,1879.87,INR,captured,2026-05-30T09:57:00Z,wallet,MREF_11015
PAY_11016,ORDER_11016,8805.13,INR,captured,2026-04-08T20:40:00Z,wallet,MREF_11016
PAY_11017,ORDER_11017,8463.74,INR,captured,2026-04-11T06:45:00Z,card,MREF_11017
PAY_11018,ORDER_11018,6779.64,INR,captured,2026-05-04T21:47:00Z,wallet,MREF_11018
PAY_11019,ORDER_11019,6371.26,INR,captured,2026-04-15T08:41:00Z,wallet,MREF_11019
PAY_11020,ORDER_11020,4522.24,INR,captured,2026-06-21T20:19:00Z,card,MREF_11020
PAY_11021,ORDER_11021,5079.83,INR,captured,2026-04-02T12:35:00Z,wallet,MREF_11021
PAY_11022,ORDER_11022,3423.01,INR,captured,2026-05-08T10:41:00Z,wallet,MREF_11022
PAY_11023,ORDER_11023,7915.45,INR,captured,2026-04-29T07:38:00Z,netbanking,MREF_11023
PAY_11024,ORDER_11024,8029.68,INR,captured,2026-04-15T15:00:00Z,wallet,MREF_11024
PAY_11025,ORDER_11025,3406.23,INR,captured,2026-05-12T08:53:00Z,wallet,MREF_11025
PAY_11026,ORDER_11026,3924.71,INR,captured,2026-03-09T10:00:00Z,upi,MREF_11026
PAY_11027,ORDER_11027,3501.87,INR,captured,2026-06-01T12:11:00Z,upi,MREF_11027
PAY_11028,ORDER_11028,7909.09,INR,captured,2026-05-19T13:19:00Z,card,MREF_11028
PAY_11029,ORDER_11029,7717.13,INR,captured,2026-05-09T12:38:00Z,wallet,MREF_11029
PAY_11030,ORDER_11030,1475.47,INR,captured,2026-05-04T06:35:00Z,upi,MREF_11030
PAY_11031,ORDER_11031,4727.90,INR,captured,2026-04-27T14:47:00Z,upi,MREF_11031
PAY_11032,ORDER_11032,1393.64,INR,captured,2026-06-24T13:42:00Z,upi,MREF_11032
PAY_11033,ORDER_11033,6603.46,INR,captured,2026-06-14T15:51:00Z,upi,MREF_11033
PAY_11034,ORDER_11034,7103.30,INR,captured,2026-06-01T16:13:00Z,card,MREF_11034
PAY_11035,ORDER_11035,336.73,INR,captured,2026-04-18T08:11:00Z,card,MREF_11035
PAY_11036,ORDER_11036,6515.66,INR,captured,2026-06-17T18:50:00Z,netbanking,MREF_11036
PAY_11037,ORDER_11037,4550.26,INR,captured,2026-04-24T11:44:00Z,card,MREF_11037
PAY_11038,ORDER_11038,3449.68,INR,captured,2026-05-19T14:34:00Z,upi,MREF_11038
PAY_11039,ORDER_11039,9395.01,INR,captured,2026-03-07T17:41:00Z,upi,MREF_11039
PAY_11040,ORDER_11040,9436.53,INR,captured,2026-03-01T08:36:00Z,netbanking,MREF_11040
PAY_11041,ORDER_11041,9352.88,INR,captured,2026-06-19T12:09:00Z,upi,MREF_11041
PAY_11042,ORDER_11042,5438.62,INR,captured,2026-06-24T19:06:00Z,upi,MREF_11042
PAY_11043,ORDER_11043,2173.09,INR,captured,2026-05-19T19:38:00Z,wallet,MREF_11043
PAY_11044,ORDER_11044,2170.74,INR,captured,2026-03-23T16:16:00Z,netbanking,MREF_11044
PAY_11045,ORDER_11045,7692.79,INR,captured,2026-05-14T11:53:00Z,upi,MREF_11045
PAY_11046,ORDER_11046,342.82,INR,captured,2026-05-06T07:50:00Z,netbanking,MREF_11046
PAY_11047,ORDER_11047,7872.79,INR,captured,2026-05-13T09:29:00Z,netbanking,MREF_11047
PAY_11048,ORDER_11048,955.87,INR,captured,2026-04-24T07:26:00Z,netbanking,MREF_11048
PAY_11049,ORDER_11049,890.37,INR,captured,2026-06-04T16:54:00Z,netbanking,MREF_11049
PAY_11050,ORDER_11050,6537.54,INR,captured,2026-03-29T21:43:00Z,netbanking,MREF_11050
PAY_11051,ORDER_11051,9290.69,INR,captured,2026-03-08T06:26:00Z,card,MREF_11051
PAY_11052,ORDER_11052,5625.80,INR,captured,2026-03-31T17:36:00Z,upi,MREF_11052
PAY_11053,ORDER_11053,6047.26,INR,captured,2026-05-10T18:50:00Z,wallet,MREF_11053
PAY_11054,ORDER_11054,5508.07,INR,captured,2026-06-10T09:55:00Z,wallet,MREF_11054
PAY_11055,ORDER_11055,4037.13,INR,captured,2026-04-04T17:57:00Z,wallet,MREF_11055
PAY_11056,ORDER_11056,3837.48,INR,captured,2026-06-19T15:20:00Z,card,MREF_11056
PAY_11057,ORDER_11057,3265.13,INR,captured,2026-03-03T10:19:00Z,upi,MREF_11057
PAY_11058,ORDER_11058,4498.07,INR,captured,2026-05-20T08:20:00Z,wallet,MREF_11058
PAY_11059,ORDER_11059,2349.16,INR,captured,2026-05-19T17:40:00Z,card,MREF_11059
PAY_11060,ORDER_11060,6313.90,INR,captured,2026-05-06T14:07:00Z,netbanking,MREF_11060
PAY_11061,ORDER_11061,4195.43,INR,captured,2026-05-05T13:33:00Z,wallet,MREF_11061
PAY_11062,ORDER_11062,4688.24,INR,captured,2026-03-07T09:01:00Z,card,MREF_11062
PAY_11063,ORDER_11063,4603.21,INR,captured,2026-05-08T09:27:00Z,wallet,MREF_11063
PAY_11064,ORDER_11064,2223.93,INR,captured,2026-03-06T16:02:00Z,upi,MREF_11064
PAY_11065,ORDER_11065,773.50,INR,captured,2026-05-23T10:06:00Z,card,MREF_11065
PAY_11066,ORDER_11066,2035.47,INR,captured,2026-05-15T16:07:00Z,upi,MREF_11066
PAY_11067,ORDER_11067,4201.04,INR,captured,2026-06-11T13:39:00Z,netbanking,MREF_11067
PAY_11068,ORDER_11068,7196.31,INR,captured,2026-05-05T18:25:00Z,wallet,MREF_11068
PAY_11069,ORDER_11069,5206.55,INR,captured,2026-04-16T16:07:00Z,card,MREF_11069
PAY_11070,ORDER_11070,2645.47,INR,captured,2026-04-06T15:25:00Z,wallet,MREF_11070
PAY_11071,ORDER_11071,7285.38,INR,captured,2026-04-08T16:02:00Z,card,MREF_11071
PAY_11072,ORDER_11072,6851.18,INR,captured,2026-05-13T06:14:00Z,wallet,MREF_11072
PAY_11073,ORDER_11073,2874.11,INR,captured,2026-06-16T20:45:00Z,wallet,MREF_11073
PAY_11074,ORDER_11074,3643.82,INR,captured,2026-06-22T12:17:00Z,upi,MREF_11074
PAY_11075,ORDER_11075,2379.63,INR,captured,2026-05-04T07:20:00Z,card,MREF_11075
PAY_11076,ORDER_11076,4025.84,INR,captured,2026-05-06T07:56:00Z,netbanking,MREF_11076
PAY_11077,ORDER_11077,7822.33,INR,captured,2026-04-13T15:39:00Z,netbanking,MREF_11077
PAY_11078,ORDER_11078,8838.12,INR,captured,2026-06-20T13:03:00Z,wallet,MREF_11078
PAY_11079,ORDER_11079,4123.81,INR,captured,2026-05-07T19:48:00Z,wallet,MREF_11079
PAY_11080,ORDER_11080,1352.85,INR,captured,2026-03-11T06:58:00Z,upi,MREF_11080
PAY_11081,ORDER_11081,6056.34,INR,captured,2026-03-15T19:23:00Z,netbanking,MREF_11081
PAY_11082,ORDER_11082,670.42,INR,captured,2026-06-24T15:38:00Z,wallet,MREF_11082
PAY_11083,ORDER_11083,7762.88,INR,captured,2026-05-13T18:49:00Z,netbanking,MREF_11083
PAY_11084,ORDER_11084,1143.77,INR,captured,2026-05-19T19:02:00Z,card,MREF_11084
PAY_11085,ORDER_11085,6036.81,INR,captured,2026-05-05T10:54:00Z,card,MREF_11085
PAY_11086,ORDER_11086,2003.84,INR,captured,2026-06-19T13:22:00Z,wallet,MREF_11086
PAY_11087,ORDER_11087,4181.63,INR,captured,2026-06-20T08:54:00Z,card,MREF_11087
PAY_11088,ORDER_11088,2191.88,INR,captured,2026-03-11T18:14:00Z,upi,MREF_11088
PAY_11089,ORDER_11089,6672.93,INR,captured,2026-06-26T07:29:00Z,netbanking,MREF_11089
PAY_11090,ORDER_11090,6433.21,INR,captured,2026-06-22T14:08:00Z,wallet,MREF_11090
PAY_11091,ORDER_11091,5230.50,INR,captured,2026-05-20T20:08:00Z,wallet,MREF_11091
PAY_11092,ORDER_11092,5910.78,INR,captured,2026-04-02T16:18:00Z,wallet,MREF_11092
PAY_11093,ORDER_11093,5815.14,INR,captured,2026-05-08T21:20:00Z,card,MREF_11093
PAY_11094,ORDER_11094,778.42,INR,captured,2026-03-26T19:38:00Z,wallet,MREF_11094
PAY_11095,ORDER_11095,7519.80,INR,captured,2026-05-30T20:51:00Z,wallet,MREF_11095
PAY_11096,ORDER_11096,7374.63,INR,captured,2026-04-07T15:29:00Z,wallet,MREF_11096
PAY_11097,ORDER_11097,6436.54,INR,captured,2026-04-17T20:15:00Z,upi,MREF_11097
PAY_11098,ORDER_11098,6475.50,INR,captured,2026-04-13T08:26:00Z,upi,MREF_11098
PAY_11099,ORDER_11099,5494.06,INR,captured,2026-05-31T20:01:00Z,wallet,MREF_11099
PAY_11100,ORDER_11100,2264.74,INR,captured,2026-04-16T16:01:00Z,card,MREF_11100
PAY_11101,ORDER_11101,5719.17,INR,captured,2026-04-15T11:23:00Z,card,MREF_11101
PAY_11102,ORDER_11102,7348.55,INR,captured,2026-06-07T13:28:00Z,upi,MREF_11102
PAY_11103,ORDER_11103,5400.22,INR,captured,2026-03-09T10:16:00Z,upi,MREF_11103
PAY_11104,ORDER_11104,1517.83,INR,captured,2026-05-22T21:32:00Z,upi,MREF_11104
PAY_11105,ORDER_11105,843.09,INR,captured,2026-03-02T18:46:00Z,upi,MREF_11105
PAY_11106,ORDER_11106,2922.33,INR,captured,2026-05-21T19:09:00Z,wallet,MREF_11106
PAY_11107,ORDER_11107,8734.73,INR,captured,2026-03-23T17:18:00Z,netbanking,MREF_11107
PAY_11108,ORDER_11108,8509.81,INR,captured,2026-05-26T09:13:00Z,netbanking,MREF_11108
PAY_11109,ORDER_11109,4436.07,INR,captured,2026-04-12T08:42:00Z,netbanking,MREF_11109
PAY_11110,ORDER_11110,1729.34,INR,captured,2026-03-10T07:41:00Z,card,MREF_11110
PAY_11111,ORDER_11111,7090.59,INR,captured,2026-03-12T17:11:00Z,wallet,MREF_11111
PAY_11112,ORDER_11112,2392.21,INR,captured,2026-05-03T17:15:00Z,card,MREF_11112
PAY_11113,ORDER_11113,8330.51,INR,captured,2026-03-24T21:31:00Z,card,MREF_11113
PAY_11114,ORDER_11114,7616.49,INR,captured,2026-06-08T11:47:00Z,card,MREF_11114
PAY_11115,ORDER_11115,1571.93,INR,captured,2026-04-02T17:42:00Z,netbanking,MREF_11115
PAY_11116,ORDER_11116,865.53,INR,captured,2026-03-18T08:06:00Z,upi,MREF_11116
PAY_11117,ORDER_11117,7731.40,INR,captured,2026-05-29T12:17:00Z,card,MREF_11117
PAY_11118,ORDER_11118,6518.92,INR,captured,2026-03-25T14:22:00Z,upi,MREF_11118
PAY_11119,ORDER_11119,825.62,INR,captured,2026-06-07T06:33:00Z,card,MREF_11119
PAY_11120,ORDER_11120,4405.19,INR,captured,2026-05-24T08:23:00Z,card,MREF_11120
PAY_11121,ORDER_11121,2701.86,INR,captured,2026-04-09T19:55:00Z,wallet,MREF_11121
PAY_11122,ORDER_11122,7270.78,INR,captured,2026-03-06T18:32:00Z,netbanking,MREF_11122
PAY_11123,ORDER_11123,4315.99,INR,captured,2026-05-09T08:25:00Z,netbanking,MREF_11123
PAY_11124,ORDER_11124,4058.07,INR,captured,2026-03-28T10:31:00Z,wallet,MREF_11124
PAY_11125,ORDER_11125,9456.02,INR,captured,2026-03-05T09:22:00Z,card,MREF_11125
PAY_11126,ORDER_11126,3725.02,INR,captured,2026-06-23T07:28:00Z,upi,MREF_11126
PAY_11127,ORDER_11127,7550.84,INR,captured,2026-04-30T20:43:00Z,card,MREF_11127
PAY_11128,ORDER_11128,1622.22,INR,captured,2026-06-21T07:45:00Z,card,MREF_11128
PAY_11129,ORDER_11129,5862.86,INR,captured,2026-05-02T19:19:00Z,wallet,MREF_11129
PAY_11130,ORDER_11130,8653.20,INR,captured,2026-04-16T08:00:00Z,upi,MREF_11130
PAY_11131,ORDER_11131,9153.56,INR,captured,2026-04-16T14:29:00Z,card,MREF_11131
PAY_11132,ORDER_11132,7822.37,INR,captured,2026-06-28T14:32:00Z,card,MREF_11132
PAY_11133,ORDER_11133,6704.45,INR,captured,2026-03-09T19:30:00Z,card,MREF_11133
PAY_11134,ORDER_11134,6488.49,INR,captured,2026-06-17T18:29:00Z,card,MREF_11134
PAY_11135,ORDER_11135,7196.31,INR,captured,2026-04-22T10:51:00Z,upi,MREF_11135
PAY_11136,ORDER_11136,5410.29,INR,captured,2026-04-27T07:31:00Z,wallet,MREF_11136
PAY_11137,ORDER_11137,6484.76,INR,captured,2026-04-05T14:49:00Z,netbanking,MREF_11137
PAY_11138,ORDER_11138,9193.75,INR,captured,2026-05-10T16:08:00Z,upi,MREF_11138
PAY_11139,ORDER_11139,6816.32,INR,captured,2026-03-18T07:06:00Z,netbanking,MREF_11139
PAY_11140,ORDER_11140,4676.37,INR,captured,2026-06-06T10:43:00Z,upi,MREF_11140
PAY_11141,ORDER_11141,8100.12,INR,captured,2026-05-25T18:19:00Z,upi,MREF_11141
PAY_11142,ORDER_11142,6240.15,INR,captured,2026-05-23T17:08:00Z,upi,MREF_11142
PAY_11143,ORDER_11143,9397.09,INR,captured,2026-03-12T07:13:00Z,netbanking,MREF_11143
PAY_11144,ORDER_11144,8693.11,INR,captured,2026-05-31T21:48:00Z,upi,MREF_11144
PAY_11145,ORDER_11145,257.97,INR,captured,2026-03-27T06:54:00Z,upi,MREF_11145
PAY_11146,ORDER_11146,4688.14,INR,captured,2026-04-13T21:25:00Z,card,MREF_11146
PAY_11147,ORDER_11147,5730.82,INR,captured,2026-03-28T08:13:00Z,netbanking,MREF_11147
PAY_11148,ORDER_11148,869.68,INR,captured,2026-04-02T08:45:00Z,netbanking,MREF_11148
PAY_11149,ORDER_11149,2105.06,INR,captured,2026-03-06T20:58:00Z,upi,MREF_11149
PAY_11150,ORDER_11150,5535.55,INR,captured,2026-04-17T21:43:00Z,wallet,MREF_11150
PAY_11151,ORDER_11151,925.47,INR,captured,2026-05-18T07:27:00Z,netbanking,MREF_11151
PAY_11152,ORDER_11152,602.01,INR,captured,2026-03-01T16:57:00Z,upi,MREF_11152
PAY_11153,ORDER_11153,5303.83,INR,captured,2026-06-15T21:47:00Z,netbanking,MREF_11153
PAY_11154,ORDER_11154,203.34,INR,captured,2026-05-25T09:23:00Z,netbanking,MREF_11154
PAY_11155,ORDER_11155,9152.61,INR,captured,2026-03-16T15:10:00Z,wallet,MREF_11155
PAY_11156,ORDER_11156,2540.91,INR,captured,2026-04-24T10:24:00Z,upi,MREF_11156
PAY_11157,ORDER_11157,2827.87,INR,captured,2026-04-13T16:52:00Z,wallet,MREF_11157
PAY_11158,ORDER_11158,4824.12,INR,captured,2026-04-12T16:27:00Z,wallet,MREF_11158
PAY_11159,ORDER_11159,666.22,INR,captured,2026-03-12T19:09:00Z,card,MREF_11159
PAY_11160,ORDER_11160,2346.21,INR,captured,2026-04-12T17:31:00Z,upi,MREF_11160
PAY_11161,ORDER_11161,6090.08,INR,captured,2026-04-14T09:59:00Z,card,MREF_11161
PAY_11162,ORDER_11162,5081.43,INR,captured,2026-03-01T16:43:00Z,upi,MREF_11162
PAY_11163,ORDER_11163,468.31,INR,captured,2026-03-15T19:32:00Z,card,MREF_11163
PAY_11164,ORDER_11164,8570.60,INR,captured,2026-03-16T08:04:00Z,upi,MREF_11164
PAY_11165,ORDER_11165,4396.96,INR,captured,2026-06-28T12:36:00Z,netbanking,MREF_11165
PAY_11166,ORDER_11166,2106.94,INR,captured,2026-03-21T14:56:00Z,netbanking,MREF_11166
PAY_11167,ORDER_11167,3121.17,INR,captured,2026-05-19T09:40:00Z,wallet,MREF_11167
PAY_11168,ORDER_11168,7028.49,INR,captured,2026-04-27T16:11:00Z,card,MREF_11168
PAY_11169,ORDER_11169,3651.89,INR,captured,2026-04-24T10:04:00Z,upi,MREF_11169
PAY_11170,ORDER_11170,321.43,INR,captured,2026-05-04T12:39:00Z,netbanking,MREF_11170
PAY_11171,ORDER_11171,8392.70,INR,captured,2026-04-12T19:06:00Z,upi,MREF_11171
PAY_11172,ORDER_11172,5656.46,INR,captured,2026-04-19T08:02:00Z,upi,MREF_11172
PAY_11173,ORDER_11173,5976.59,INR,captured,2026-06-21T12:58:00Z,wallet,MREF_11173
PAY_11174,ORDER_11174,3835.04,INR,captured,2026-06-09T12:59:00Z,upi,MREF_11174
PAY_11175,ORDER_11175,3020.43,INR,captured,2026-05-26T14:44:00Z,upi,MREF_11175
PAY_11176,ORDER_11176,861.42,INR,captured,2026-05-13T15:33:00Z,upi,MREF_11176
PAY_11177,ORDER_11177,7226.49,INR,captured,2026-05-26T10:16:00Z,netbanking,MREF_11177
PAY_11178,ORDER_11178,160.14,INR,captured,2026-03-06T12:12:00Z,upi,MREF_11178
PAY_11179,ORDER_11179,5926.51,INR,captured,2026-06-18T15:13:00Z,netbanking,MREF_11179
PAY_11180,ORDER_11180,220.60,INR,captured,2026-03-17T16:52:00Z,card,MREF_11180
PAY_11181,ORDER_11181,2415.06,INR,captured,2026-05-03T20:24:00Z,netbanking,MREF_11181
PAY_11182,ORDER_11182,3082.22,INR,captured,2026-04-15T19:49:00Z,card,MREF_11182
PAY_11183,ORDER_11183,3482.24,INR,captured,2026-05-08T12:52:00Z,upi,MREF_11183
PAY_11184,ORDER_11184,404.07,INR,captured,2026-05-21T06:34:00Z,wallet,MREF_11184
PAY_11185,ORDER_11185,923.82,INR,captured,2026-06-18T14:50:00Z,wallet,MREF_11185
PAY_11186,ORDER_11186,7505.23,INR,captured,2026-03-06T15:42:00Z,upi,MREF_11186
PAY_11187,ORDER_11187,5134.42,INR,captured,2026-04-21T13:58:00Z,upi,MREF_11187
PAY_11188,ORDER_11188,6297.24,INR,captured,2026-04-03T12:00:00Z,wallet,MREF_11188
PAY_11189,ORDER_11189,8585.85,INR,captured,2026-05-19T16:29:00Z,card,MREF_11189
PAY_11190,ORDER_11190,1073.58,INR,captured,2026-05-21T13:55:00Z,netbanking,MREF_11190
PAY_11191,ORDER_11191,6302.39,INR,captured,2026-04-11T06:42:00Z,netbanking,MREF_11191
PAY_11192,ORDER_11192,3585.65,INR,captured,2026-04-29T12:10:00Z,wallet,MREF_11192
PAY_11193,ORDER_11193,6563.74,INR,captured,2026-06-26T06:25:00Z,upi,MREF_11193
PAY_11194,ORDER_11194,2105.46,INR,captured,2026-04-21T15:48:00Z,netbanking,MREF_11194
PAY_11195,ORDER_11195,7905.44,INR,captured,2026-05-02T10:02:00Z,upi,MREF_11195
PAY_11196,ORDER_11196,2454.09,INR,captured,2026-04-10T15:41:00Z,card,MREF_11196
PAY_11197,ORDER_11197,5524.18,INR,captured,2026-05-22T09:32:00Z,card,MREF_11197
PAY_11198,ORDER_11198,3073.77,INR,captured,2026-06-21T07:19:00Z,netbanking,MREF_11198
PAY_11199,ORDER_11199,2643.00,INR,captured,2026-04-09T18:45:00Z,wallet,MREF_11199
PAY_11200,ORDER_11200,4522.50,INR,captured,2026-05-15T15:24:00Z,upi,MREF_11200
PAY_11201,ORDER_11201,6041.38,INR,captured,2026-03-28T18:57:00Z,card,MREF_11201
PAY_11202,ORDER_11202,8078.53,INR,captured,2026-03-14T16:06:00Z,card,MREF_11202
PAY_11203,ORDER_11203,2196.12,INR,captured,2026-04-27T14:25:00Z,upi,MREF_11203
PAY_11204,ORDER_11204,5477.49,INR,captured,2026-03-22T16:30:00Z,card,MREF_11204
PAY_11205,ORDER_11205,5253.72,INR,captured,2026-06-25T10:03:00Z,wallet,MREF_11205
PAY_11206,ORDER_11206,5668.18,INR,captured,2026-06-27T19:40:00Z,netbanking,MREF_11206
PAY_11207,ORDER_11207,2481.49,INR,captured,2026-04-10T20:09:00Z,upi,MREF_11207
PAY_11208,ORDER_11208,6321.89,INR,captured,2026-03-10T06:59:00Z,wallet,MREF_11208
PAY_11209,ORDER_11209,8260.13,INR,captured,2026-05-26T19:56:00Z,netbanking,MREF_11209
PAY_11210,ORDER_11210,1495.92,INR,captured,2026-05-09T20:54:00Z,upi,MREF_11210
PAY_11211,ORDER_11211,7213.66,INR,captured,2026-05-03T14:37:00Z,upi,MREF_11211
PAY_11212,ORDER_11212,9320.72,INR,captured,2026-04-01T15:45:00Z,wallet,MREF_11212
PAY_11213,ORDER_11213,3144.18,INR,captured,2026-03-30T09:27:00Z,netbanking,MREF_11213
PAY_11214,ORDER_11214,682.94,INR,captured,2026-04-03T08:16:00Z,netbanking,MREF_11214
PAY_11215,ORDER_11215,5240.39,INR,captured,2026-05-28T14:41:00Z,upi,MREF_11215
PAY_11216,ORDER_11216,6894.71,INR,captured,2026-05-26T14:50:00Z,upi,MREF_11216
PAY_11217,ORDER_11217,4804.28,INR,captured,2026-04-06T21:58:00Z,upi,MREF_11217
PAY_11218,ORDER_11218,2940.58,INR,captured,2026-03-10T11:58:00Z,card,MREF_11218
PAY_11219,ORDER_11219,986.17,INR,captured,2026-05-15T09:48:00Z,card,MREF_11219
PAY_11220,ORDER_11220,4609.48,INR,captured,2026-06-01T21:15:00Z,upi,MREF_11220
PAY_11221,ORDER_11221,8507.60,INR,captured,2026-05-29T06:58:00Z,card,MREF_11221
PAY_11222,ORDER_11222,4007.25,INR,captured,2026-05-20T17:54:00Z,wallet,MREF_11222
PAY_11223,ORDER_11223,5117.02,INR,captured,2026-03-03T07:17:00Z,card,MREF_11223
PAY_11224,ORDER_11224,6343.25,INR,captured,2026-06-28T07:21:00Z,upi,MREF_11224
PAY_11225,ORDER_11225,5286.46,INR,captured,2026-03-11T06:00:00Z,netbanking,MREF_11225
PAY_11226,ORDER_11226,8447.53,INR,captured,2026-03-11T11:51:00Z,wallet,MREF_11226
PAY_11227,ORDER_11227,4440.43,INR,captured,2026-04-05T13:12:00Z,netbanking,MREF_11227
PAY_11228,ORDER_11228,1550.54,INR,captured,2026-06-25T14:22:00Z,upi,MREF_11228
PAY_11229,ORDER_11229,2640.11,INR,captured,2026-05-21T08:18:00Z,card,MREF_11229
PAY_11230,ORDER_11230,7821.36,INR,captured,2026-05-25T11:05:00Z,card,MREF_11230
PAY_11231,ORDER_11231,7324.20,INR,captured,2026-04-24T15:59:00Z,upi,MREF_11231
PAY_11232,ORDER_11232,3501.86,INR,captured,2026-05-16T19:31:00Z,wallet,MREF_11232
PAY_11233,ORDER_11233,7494.46,INR,captured,2026-06-16T06:43:00Z,netbanking,MREF_11233
PAY_11234,ORDER_11234,4180.55,INR,captured,2026-05-15T15:51:00Z,card,MREF_11234
PAY_11235,ORDER_11235,6738.46,INR,captured,2026-04-22T07:39:00Z,netbanking,MREF_11235
PAY_11236,ORDER_11236,2996.41,INR,captured,2026-04-10T10:41:00Z,wallet,MREF_11236
PAY_11237,ORDER_11237,1802.54,INR,captured,2026-03-06T12:19:00Z,wallet,MREF_11237
PAY_11238,ORDER_11238,3192.85,INR,captured,2026-04-24T10:12:00Z,card,MREF_11238
PAY_11239,ORDER_11239,6851.27,INR,captured,2026-05-19T15:21:00Z,netbanking,MREF_11239
PAY_11240,ORDER_11240,6954.58,INR,captured,2026-03-23T21:05:00Z,card,MREF_11240
PAY_11241,ORDER_11241,4250.89,INR,captured,2026-05-04T20:25:00Z,netbanking,MREF_11241
PAY_11242,ORDER_11242,4556.86,INR,captured,2026-04-28T07:11:00Z,upi,MREF_11242
PAY_11243,ORDER_11243,8107.22,INR,captured,2026-03-24T15:14:00Z,upi,MREF_11243
PAY_11244,ORDER_11244,6746.88,INR,captured,2026-03-09T17:30:00Z,upi,MREF_11244
PAY_11245,ORDER_11245,1315.13,INR,captured,2026-03-11T21:04:00Z,upi,MREF_11245
PAY_11246,ORDER_11246,5059.68,INR,captured,2026-06-02T16:33:00Z,wallet,MREF_11246
PAY_11247,ORDER_11247,2454.41,INR,captured,2026-04-09T20:22:00Z,card,MREF_11247
PAY_11248,ORDER_11248,5885.44,INR,captured,2026-03-23T09:05:00Z,card,MREF_11248
PAY_11249,ORDER_11249,1303.63,INR,captured,2026-05-09T06:58:00Z,wallet,MREF_11249
PAY_11250,ORDER_11250,2525.10,INR,captured,2026-05-02T17:36:00Z,card,MREF_11250
PAY_11251,ORDER_11251,6998.40,INR,captured,2026-04-12T08:09:00Z,card,MREF_11251
PAY_11252,ORDER_11252,1240.54,INR,captured,2026-05-13T16:16:00Z,upi,MREF_11252
PAY_11253,ORDER_11253,2100.58,INR,captured,2026-06-17T21:50:00Z,wallet,MREF_11253
PAY_11254,ORDER_11254,5917.60,INR,captured,2026-04-01T07:24:00Z,card,MREF_11254
PAY_11255,ORDER_11255,5653.11,INR,captured,2026-06-13T08:34:00Z,netbanking,MREF_11255
PAY_11256,ORDER_11256,2143.16,INR,captured,2026-06-23T07:21:00Z,netbanking,MREF_11256
PAY_11257,ORDER_11257,7512.06,INR,captured,2026-05-03T15:55:00Z,netbanking,MREF_11257
PAY_11258,ORDER_11258,321.54,INR,captured,2026-05-19T21:20:00Z,card,MREF_11258
PAY_11259,ORDER_11259,2244.65,INR,captured,2026-04-27T06:45:00Z,card,MREF_11259
PAY_11260,ORDER_11260,7303.69,INR,captured,2026-04-19T13:48:00Z,upi,MREF_11260
PAY_11261,ORDER_11261,3523.07,INR,captured,2026-04-21T18:01:00Z,card,MREF_11261
PAY_11262,ORDER_11262,1497.78,INR,captured,2026-05-04T08:29:00Z,card,MREF_11262
PAY_11263,ORDER_11263,4491.44,INR,captured,2026-05-28T07:30:00Z,netbanking,MREF_11263
PAY_11264,ORDER_11264,7465.06,INR,captured,2026-05-31T15:55:00Z,wallet,MREF_11264
PAY_11265,ORDER_11265,5285.90,INR,captured,2026-05-17T14:45:00Z,wallet,MREF_11265
PAY_11266,ORDER_11266,8165.44,INR,captured,2026-06-06T21:42:00Z,netbanking,MREF_11266
PAY_11267,ORDER_11267,4734.03,INR,captured,2026-06-02T20:56:00Z,netbanking,MREF_11267
PAY_11268,ORDER_11268,9167.11,INR,captured,2026-05-23T13:56:00Z,netbanking,MREF_11268
PAY_11269,ORDER_11269,3054.91,INR,captured,2026-06-05T13:47:00Z,card,MREF_11269
PAY_11270,ORDER_11270,1961.45,INR,captured,2026-03-06T12:47:00Z,card,MREF_11270
PAY_11271,ORDER_11271,3260.90,INR,captured,2026-05-28T07:52:00Z,wallet,MREF_11271
PAY_11272,ORDER_11272,6675.83,INR,captured,2026-03-23T17:24:00Z,card,MREF_11272
PAY_11273,ORDER_11273,7377.28,INR,captured,2026-06-14T13:24:00Z,upi,MREF_11273
PAY_11274,ORDER_11274,2225.52,INR,captured,2026-06-21T21:59:00Z,wallet,MREF_11274
PAY_11275,ORDER_11275,7982.33,INR,captured,2026-05-02T14:25:00Z,upi,MREF_11275
PAY_11276,ORDER_11276,1788.44,INR,captured,2026-04-30T09:21:00Z,upi,MREF_11276
PAY_11277,ORDER_11277,7973.48,INR,captured,2026-06-07T08:44:00Z,netbanking,MREF_11277
PAY_11278,ORDER_11278,9409.12,INR,captured,2026-04-25T20:18:00Z,wallet,MREF_11278
PAY_11279,ORDER_11279,6885.91,INR,captured,2026-05-05T14:47:00Z,netbanking,MREF_11279
PAY_11280,ORDER_11280,8298.15,INR,captured,2026-05-24T14:08:00Z,netbanking,MREF_11280
PAY_11281,ORDER_11281,4735.84,INR,captured,2026-03-21T09:55:00Z,upi,MREF_11281
PAY_11282,ORDER_11282,3478.72,INR,captured,2026-04-21T11:51:00Z,card,MREF_11282
PAY_11283,ORDER_11283,8370.18,INR,captured,2026-03-02T08:17:00Z,card,MREF_11283
PAY_11284,ORDER_11284,4758.54,INR,captured,2026-05-08T11:29:00Z,wallet,MREF_11284
PAY_11285,ORDER_11285,8048.73,INR,captured,2026-03-28T12:02:00Z,upi,MREF_11285
PAY_11286,ORDER_11286,2959.17,INR,captured,2026-05-14T20:56:00Z,card,MREF_11286
PAY_11287,ORDER_11287,2592.16,INR,captured,2026-03-03T21:11:00Z,card,MREF_11287
PAY_11288,ORDER_11288,9262.50,INR,captured,2026-04-12T12:12:00Z,wallet,MREF_11288
PAY_11289,ORDER_11289,6949.76,INR,captured,2026-03-24T08:23:00Z,netbanking,MREF_11289
PAY_11290,ORDER_11290,3268.35,INR,captured,2026-04-10T17:15:00Z,card,MREF_11290
PAY_11291,ORDER_11291,6794.88,INR,captured,2026-06-22T21:54:00Z,netbanking,MREF_11291
PAY_11292,ORDER_11292,2853.89,INR,captured,2026-04-25T16:18:00Z,wallet,MREF_11292
PAY_11293,ORDER_11293,6534.61,INR,captured,2026-06-06T15:53:00Z,wallet,MREF_11293
PAY_11294,ORDER_11294,2596.48,INR,captured,2026-06-18T21:39:00Z,netbanking,MREF_11294
PAY_11295,ORDER_11295,6892.30,INR,captured,2026-04-14T18:45:00Z,upi,MREF_11295
PAY_11296,ORDER_11296,3383.15,INR,captured,2026-04-16T10:14:00Z,card,MREF_11296
PAY_11297,ORDER_11297,4687.86,INR,captured,2026-05-15T15:34:00Z,netbanking,MREF_11297
PAY_11298,ORDER_11298,4408.69,INR,captured,2026-04-15T10:37:00Z,card,MREF_11298
PAY_11299,ORDER_11299,7485.85,INR,captured,2026-04-03T21:25:00Z,netbanking,MREF_11299
PAY_11300,ORDER_11300,3469.22,INR,captured,2026-05-06T12:42:00Z,upi,MREF_11300
PAY_11301,ORDER_11301,3980.70,INR,captured,2026-05-31T10:35:00Z,card,MREF_11301
PAY_11302,ORDER_11302,3630.62,INR,captured,2026-03-16T20:46:00Z,netbanking,MREF_11302
PAY_11303,ORDER_11303,262.21,INR,captured,2026-05-06T14:38:00Z,netbanking,MREF_11303
PAY_11304,ORDER_11304,6805.98,INR,captured,2026-05-16T13:05:00Z,netbanking,MREF_11304
PAY_11305,ORDER_11305,7854.75,INR,captured,2026-06-15T08:04:00Z,upi,MREF_11305
PAY_11306,ORDER_11306,3363.61,INR,captured,2026-03-12T10:09:00Z,netbanking,MREF_11306
PAY_11307,ORDER_11307,7458.70,INR,captured,2026-03-26T12:29:00Z,upi,MREF_11307
PAY_11308,ORDER_11308,9227.33,INR,captured,2026-05-03T12:14:00Z,upi,MREF_11308
PAY_11309,ORDER_11309,7323.32,INR,captured,2026-05-16T07:31:00Z,upi,MREF_11309
PAY_11310,ORDER_11310,484.60,INR,captured,2026-03-20T21:35:00Z,netbanking,MREF_11310
PAY_11311,ORDER_11311,2373.56,INR,captured,2026-06-09T08:06:00Z,upi,MREF_11311
PAY_11312,ORDER_11312,3806.95,INR,captured,2026-03-12T10:17:00Z,upi,MREF_11312
PAY_11313,ORDER_11313,624.33,INR,captured,2026-03-09T06:36:00Z,wallet,MREF_11313
PAY_11314,ORDER_11314,493.34,INR,captured,2026-03-05T10:54:00Z,wallet,MREF_11314
PAY_11315,ORDER_11315,854.66,INR,captured,2026-06-15T18:02:00Z,card,MREF_11315
PAY_11316,ORDER_11316,6741.40,INR,captured,2026-04-28T21:38:00Z,card,MREF_11316
PAY_11317,ORDER_11317,6040.22,INR,captured,2026-05-17T10:34:00Z,netbanking,MREF_11317
PAY_11318,ORDER_11318,6526.96,INR,captured,2026-05-04T20:08:00Z,netbanking,MREF_11318
PAY_11319,ORDER_11319,2950.56,INR,captured,2026-05-03T20:07:00Z,card,MREF_11319
PAY_11320,ORDER_11320,7978.89,INR,captured,2026-05-11T06:55:00Z,card,MREF_11320
PAY_11321,ORDER_11321,9489.04,INR,captured,2026-06-24T10:26:00Z,upi,MREF_11321
PAY_11322,ORDER_11322,7730.13,INR,captured,2026-06-22T08:49:00Z,wallet,MREF_11322
PAY_11323,ORDER_11323,3535.01,INR,captured,2026-06-10T07:55:00Z,upi,MREF_11323
PAY_11324,ORDER_11324,5251.93,INR,captured,2026-05-19T15:42:00Z,netbanking,MREF_11324
PAY_11325,ORDER_11325,769.92,INR,captured,2026-04-26T13:39:00Z,card,MREF_11325
PAY_11326,ORDER_11326,1479.74,INR,captured,2026-03-07T15:38:00Z,netbanking,MREF_11326
PAY_11327,ORDER_11327,690.74,INR,captured,2026-04-11T20:49:00Z,netbanking,MREF_11327
PAY_11328,ORDER_11328,951.85,INR,captured,2026-06-11T07:02:00Z,upi,MREF_11328
PAY_11329,ORDER_11329,5328.69,INR,captured,2026-06-19T10:14:00Z,upi,MREF_11329
PAY_11330,ORDER_11330,5996.62,INR,captured,2026-04-23T12:15:00Z,wallet,MREF_11330
PAY_11331,ORDER_11331,3991.60,INR,captured,2026-04-04T10:28:00Z,netbanking,MREF_11331
PAY_11332,ORDER_11332,5167.12,INR,captured,2026-06-17T06:41:00Z,upi,MREF_11332
PAY_11333,ORDER_11333,2990.44,INR,captured,2026-05-15T09:46:00Z,netbanking,MREF_11333
PAY_11334,ORDER_11334,9353.82,INR,captured,2026-03-31T07:02:00Z,card,MREF_11334
PAY_11335,ORDER_11335,9476.14,INR,captured,2026-06-22T21:20:00Z,netbanking,MREF_11335
PAY_11336,ORDER_11336,2225.85,INR,captured,2026-04-29T09:08:00Z,upi,MREF_11336
PAY_11337,ORDER_11337,1283.21,INR,captured,2026-04-12T18:04:00Z,card,MREF_11337
PAY_11338,ORDER_11338,5206.33,INR,captured,2026-04-12T18:41:00Z,upi,MREF_11338
PAY_11339,ORDER_11339,4742.53,INR,captured,2026-03-08T11:19:00Z,netbanking,MREF_11339
PAY_11340,ORDER_11340,3110.32,INR,captured,2026-04-19T06:41:00Z,wallet,MREF_11340
PAY_11341,ORDER_11341,572.86,INR,captured,2026-05-02T12:27:00Z,card,MREF_11341
PAY_11342,ORDER_11342,2183.63,INR,captured,2026-04-24T06:05:00Z,netbanking,MREF_11342
PAY_11343,ORDER_11343,2660.04,INR,captured,2026-04-17T16:50:00Z,netbanking,MREF_11343
PAY_11344,ORDER_11344,1780.38,INR,captured,2026-05-16T21:42:00Z,upi,MREF_11344
PAY_11345,ORDER_11345,6000.55,INR,captured,2026-03-21T18:47:00Z,upi,MREF_11345
PAY_11346,ORDER_11346,3784.53,INR,captured,2026-03-10T10:45:00Z,card,MREF_11346
PAY_11347,ORDER_11347,9089.65,INR,captured,2026-04-09T12:35:00Z,netbanking,MREF_11347
PAY_11348,ORDER_11348,9020.03,INR,captured,2026-03-22T10:25:00Z,card,MREF_11348
PAY_11349,ORDER_11349,5231.84,INR,captured,2026-05-09T07:46:00Z,wallet,MREF_11349
PAY_11350,ORDER_11350,6268.35,INR,captured,2026-03-30T19:02:00Z,wallet,MREF_11350
PAY_11351,ORDER_11351,6406.36,INR,captured,2026-04-07T12:55:00Z,upi,MREF_11351
PAY_11352,ORDER_11352,257.29,INR,captured,2026-04-29T10:24:00Z,wallet,MREF_11352
PAY_11353,ORDER_11353,2317.91,INR,captured,2026-04-28T07:00:00Z,netbanking,MREF_11353
PAY_11354,ORDER_11354,8420.89,INR,captured,2026-06-08T09:22:00Z,card,MREF_11354
PAY_11355,ORDER_11355,5833.09,INR,captured,2026-04-21T21:44:00Z,card,MREF_11355
PAY_11356,ORDER_11356,9330.69,INR,captured,2026-05-07T13:32:00Z,upi,MREF_11356
PAY_11357,ORDER_11357,4137.72,INR,captured,2026-05-27T07:05:00Z,upi,MREF_11357
PAY_11358,ORDER_11358,5089.44,INR,captured,2026-04-13T13:31:00Z,wallet,MREF_11358
PAY_11359,ORDER_11359,3797.15,INR,captured,2026-05-18T07:14:00Z,netbanking,MREF_11359
PAY_11360,ORDER_11360,294.44,INR,captured,2026-04-03T20:36:00Z,upi,MREF_11360
PAY_11361,ORDER_11361,6171.85,INR,captured,2026-04-12T17:09:00Z,wallet,MREF_11361
PAY_11362,ORDER_11362,2697.59,INR,captured,2026-05-15T19:23:00Z,upi,MREF_11362
PAY_11363,ORDER_11363,4404.20,INR,captured,2026-03-04T12:10:00Z,upi,MREF_11363
PAY_11364,ORDER_11364,704.01,INR,captured,2026-05-26T18:34:00Z,netbanking,MREF_11364
PAY_11365,ORDER_11365,528.52,INR,captured,2026-03-22T18:39:00Z,card,MREF_11365
PAY_11366,ORDER_11366,6466.46,INR,captured,2026-04-25T17:31:00Z,wallet,MREF_11366
PAY_11367,ORDER_11367,5767.49,INR,captured,2026-03-30T20:40:00Z,upi,MREF_11367
PAY_11368,ORDER_11368,4564.24,INR,captured,2026-05-13T10:19:00Z,card,MREF_11368
PAY_11369,ORDER_11369,6030.09,INR,captured,2026-05-14T08:01:00Z,card,MREF_11369
PAY_11370,ORDER_11370,3776.74,INR,captured,2026-05-28T14:43:00Z,wallet,MREF_11370
PAY_11371,ORDER_11371,1177.87,INR,captured,2026-05-08T07:43:00Z,netbanking,MREF_11371
PAY_11372,ORDER_11372,1913.03,INR,captured,2026-03-19T16:00:00Z,card,MREF_11372
PAY_11373,ORDER_11373,8168.07,INR,captured,2026-05-04T11:46:00Z,netbanking,MREF_11373
PAY_11374,ORDER_11374,4813.49,INR,captured,2026-03-15T18:23:00Z,upi,MREF_11374
PAY_11375,ORDER_11375,3251.81,INR,captured,2026-03-30T06:21:00Z,upi,MREF_11375
PAY_11376,ORDER_11376,8289.87,INR,captured,2026-04-07T20:23:00Z,card,MREF_11376
PAY_11377,ORDER_11377,5920.40,INR,captured,2026-04-27T10:38:00Z,wallet,MREF_11377
PAY_11378,ORDER_11378,3888.17,INR,captured,2026-03-09T19:43:00Z,wallet,MREF_11378
PAY_11379,ORDER_11379,2874.79,INR,captured,2026-03-11T13:58:00Z,card,MREF_11379
PAY_11380,ORDER_11380,2789.54,INR,captured,2026-06-11T07:47:00Z,upi,MREF_11380
PAY_11381,ORDER_11381,2704.57,INR,captured,2026-05-01T09:43:00Z,wallet,MREF_11381
PAY_11382,ORDER_11382,3151.79,INR,captured,2026-05-09T20:39:00Z,netbanking,MREF_11382
PAY_11383,ORDER_11383,7931.57,INR,captured,2026-05-19T14:38:00Z,wallet,MREF_11383
PAY_11384,ORDER_11384,7335.26,INR,captured,2026-04-16T09:33:00Z,netbanking,MREF_11384
PAY_11385,ORDER_11385,2793.82,INR,captured,2026-03-13T14:14:00Z,wallet,MREF_11385
PAY_11386,ORDER_11386,7176.62,INR,captured,2026-04-09T18:52:00Z,netbanking,MREF_11386
PAY_11387,ORDER_11387,6051.82,INR,captured,2026-03-13T19:24:00Z,card,MREF_11387
PAY_11388,ORDER_11388,1977.43,INR,captured,2026-03-28T14:12:00Z,card,MREF_11388
PAY_11389,ORDER_11389,4600.72,INR,captured,2026-05-11T11:58:00Z,netbanking,MREF_11389
PAY_11390,ORDER_11390,2807.05,INR,captured,2026-03-21T16:22:00Z,netbanking,MREF_11390
PAY_11391,ORDER_11391,6290.97,INR,captured,2026-04-12T13:03:00Z,netbanking,MREF_11391
PAY_11392,ORDER_11392,2174.12,INR,captured,2026-05-04T17:13:00Z,card,MREF_11392
PAY_11393,ORDER_11393,5304.71,INR,captured,2026-03-21T19:00:00Z,netbanking,MREF_11393
PAY_11394,ORDER_11394,2191.23,INR,captured,2026-06-13T17:25:00Z,card,MREF_11394
PAY_11395,ORDER_11395,599.36,INR,captured,2026-03-09T14:51:00Z,upi,MREF_11395
PAY_11396,ORDER_11396,4190.02,INR,captured,2026-04-27T10:55:00Z,card,MREF_11396
PAY_11397,ORDER_11397,289.48,INR,captured,2026-04-30T18:31:00Z,card,MREF_11397
PAY_11398,ORDER_11398,1063.93,INR,captured,2026-03-05T07:17:00Z,card,MREF_11398
PAY_11399,ORDER_11399,167.14,INR,captured,2026-04-11T14:31:00Z,card,MREF_11399
PAY_11400,ORDER_11400,8435.63,INR,captured,2026-04-22T20:50:00Z,card,MREF_11400
PAY_11401,ORDER_11401,8287.23,INR,captured,2026-05-06T15:31:00Z,netbanking,MREF_11401
PAY_11402,ORDER_11402,3038.73,INR,captured,2026-04-21T21:23:00Z,upi,MREF_11402
PAY_11403,ORDER_11403,9054.25,INR,captured,2026-03-30T12:47:00Z,wallet,MREF_11403
PAY_11404,ORDER_11404,6751.38,INR,captured,2026-03-01T20:57:00Z,wallet,MREF_11404
PAY_11405,ORDER_11405,7729.30,INR,captured,2026-05-22T20:56:00Z,upi,MREF_11405
PAY_11406,ORDER_11406,6322.62,INR,captured,2026-06-11T14:50:00Z,netbanking,MREF_11406
PAY_11407,ORDER_11407,9119.64,INR,captured,2026-06-28T09:04:00Z,upi,MREF_11407
PAY_11408,ORDER_11408,2664.80,INR,captured,2026-04-23T06:46:00Z,card,MREF_11408
PAY_11409,ORDER_11409,1738.40,INR,captured,2026-05-09T08:40:00Z,upi,MREF_11409
PAY_11410,ORDER_11410,2561.82,INR,captured,2026-04-09T15:19:00Z,netbanking,MREF_11410
PAY_11411,ORDER_11411,6051.72,INR,captured,2026-05-09T08:10:00Z,card,MREF_11411
PAY_11412,ORDER_11412,2537.16,INR,captured,2026-03-25T07:19:00Z,netbanking,MREF_11412
PAY_11413,ORDER_11413,6981.06,INR,captured,2026-04-24T17:53:00Z,upi,MREF_11413
PAY_11414,ORDER_11414,6184.36,INR,captured,2026-05-09T19:14:00Z,netbanking,MREF_11414
PAY_11415,ORDER_11415,1699.11,INR,captured,2026-05-02T10:49:00Z,upi,MREF_11415
PAY_11416,ORDER_11416,6645.35,INR,captured,2026-05-03T16:50:00Z,card,MREF_11416
PAY_11417,ORDER_11417,6548.87,INR,captured,2026-03-02T06:30:00Z,netbanking,MREF_11417
PAY_11418,ORDER_11418,7320.65,INR,captured,2026-04-16T11:40:00Z,wallet,MREF_11418
PAY_11419,ORDER_11419,6216.69,INR,captured,2026-05-06T12:48:00Z,netbanking,MREF_11419
PAY_11420,ORDER_11420,1364.00,INR,captured,2026-06-13T16:53:00Z,wallet,MREF_11420
PAY_11421,ORDER_11421,1171.87,INR,captured,2026-03-27T10:47:00Z,card,MREF_11421
PAY_11422,ORDER_11422,605.44,INR,captured,2026-03-30T09:01:00Z,wallet,MREF_11422
PAY_11423,ORDER_11423,5041.36,INR,captured,2026-03-10T14:49:00Z,netbanking,MREF_11423
PAY_11424,ORDER_11424,3786.12,INR,captured,2026-03-22T11:21:00Z,upi,MREF_11424
PAY_11425,ORDER_11425,696.52,INR,captured,2026-04-24T12:25:00Z,card,MREF_11425
PAY_11426,ORDER_11426,8551.63,INR,captured,2026-04-11T21:33:00Z,card,MREF_11426
PAY_11427,ORDER_11427,6097.73,INR,captured,2026-05-08T15:24:00Z,wallet,MREF_11427
PAY_11428,ORDER_11428,6067.67,INR,captured,2026-06-28T09:52:00Z,wallet,MREF_11428
PAY_11429,ORDER_11429,5400.72,INR,captured,2026-03-11T13:58:00Z,wallet,MREF_11429
PAY_11430,ORDER_11430,8644.75,INR,captured,2026-05-20T19:40:00Z,netbanking,MREF_11430
PAY_11431,ORDER_11431,1169.53,INR,captured,2026-05-05T13:45:00Z,card,MREF_11431
PAY_11432,ORDER_11432,1457.17,INR,captured,2026-05-19T15:29:00Z,upi,MREF_11432
PAY_11433,ORDER_11433,363.03,INR,captured,2026-04-28T07:50:00Z,netbanking,MREF_11433
PAY_11434,ORDER_11434,3925.33,INR,captured,2026-06-04T16:43:00Z,wallet,MREF_11434
PAY_11435,ORDER_11435,8007.38,INR,captured,2026-03-23T19:56:00Z,upi,MREF_11435
PAY_11436,ORDER_11436,8917.70,INR,captured,2026-03-11T07:18:00Z,upi,MREF_11436
PAY_11437,ORDER_11437,8716.34,INR,captured,2026-06-18T10:13:00Z,card,MREF_11437
PAY_11438,ORDER_11438,8512.73,INR,captured,2026-03-13T10:39:00Z,upi,MREF_11438
PAY_11439,ORDER_11439,5415.85,INR,captured,2026-03-10T17:01:00Z,upi,MREF_11439
PAY_11440,ORDER_11440,5487.10,INR,captured,2026-06-26T09:29:00Z,wallet,MREF_11440
PAY_11441,ORDER_11441,6727.13,INR,captured,2026-06-02T19:00:00Z,wallet,MREF_11441
PAY_11442,ORDER_11442,1034.47,INR,captured,2026-03-28T20:17:00Z,netbanking,MREF_11442
PAY_11443,ORDER_11443,8638.24,INR,captured,2026-05-13T07:55:00Z,card,MREF_11443
PAY_11444,ORDER_11444,8559.95,INR,captured,2026-03-04T18:27:00Z,card,MREF_11444
PAY_11445,ORDER_11445,5062.97,INR,captured,2026-05-20T19:39:00Z,wallet,MREF_11445
PAY_11446,ORDER_11446,883.81,INR,captured,2026-05-06T13:29:00Z,netbanking,MREF_11446
PAY_11447,ORDER_11447,563.29,INR,captured,2026-04-23T10:40:00Z,upi,MREF_11447
PAY_11448,ORDER_11448,3712.90,INR,captured,2026-06-28T19:11:00Z,wallet,MREF_11448
PAY_11449,ORDER_11449,5416.70,INR,captured,2026-06-21T06:23:00Z,card,MREF_11449
PAY_11450,ORDER_11450,3071.17,INR,captured,2026-06-12T18:22:00Z,card,MREF_11450
PAY_11451,ORDER_11451,1034.32,INR,captured,2026-03-05T17:29:00Z,card,MREF_11451
PAY_11452,ORDER_11452,5191.51,INR,captured,2026-05-28T20:29:00Z,card,MREF_11452
PAY_11453,ORDER_11453,240.13,INR,captured,2026-06-12T06:26:00Z,card,MREF_11453
PAY_11454,ORDER_11454,380.28,INR,captured,2026-05-21T21:08:00Z,wallet,MREF_11454
PAY_11455,ORDER_11455,8539.68,INR,captured,2026-06-03T12:39:00Z,wallet,MREF_11455
PAY_11456,ORDER_11456,2266.61,INR,captured,2026-04-15T13:58:00Z,upi,MREF_11456
PAY_11457,ORDER_11457,5007.03,INR,captured,2026-03-20T14:15:00Z,netbanking,MREF_11457
PAY_11458,ORDER_11458,7131.55,INR,captured,2026-05-30T12:06:00Z,wallet,MREF_11458
PAY_11459,ORDER_11459,6401.34,INR,captured,2026-06-27T19:12:00Z,card,MREF_11459
PAY_11460,ORDER_11460,5855.44,INR,captured,2026-06-16T15:27:00Z,wallet,MREF_11460
PAY_11461,ORDER_11461,3571.48,INR,captured,2026-03-22T11:26:00Z,card,MREF_11461
PAY_11462,ORDER_11462,308.55,INR,captured,2026-03-21T20:22:00Z,netbanking,MREF_11462
PAY_11463,ORDER_11463,2679.33,INR,captured,2026-04-30T21:50:00Z,netbanking,MREF_11463
PAY_11464,ORDER_11464,4125.53,INR,captured,2026-04-29T16:39:00Z,netbanking,MREF_11464
PAY_11465,ORDER_11465,602.18,INR,captured,2026-03-15T07:25:00Z,netbanking,MREF_11465
PAY_11466,ORDER_11466,7955.06,INR,captured,2026-04-14T11:00:00Z,card,MREF_11466
PAY_11467,ORDER_11467,6449.93,INR,captured,2026-03-25T18:30:00Z,wallet,MREF_11467
PAY_11468,ORDER_11468,4089.23,INR,captured,2026-03-31T12:43:00Z,card,MREF_11468
PAY_11469,ORDER_11469,6692.11,INR,captured,2026-05-02T17:46:00Z,card,MREF_11469
PAY_11470,ORDER_11470,1496.33,INR,captured,2026-03-31T21:58:00Z,card,MREF_11470
PAY_11471,ORDER_11471,3654.17,INR,captured,2026-03-28T07:47:00Z,wallet,MREF_11471
PAY_11472,ORDER_11472,9359.74,INR,captured,2026-06-07T20:46:00Z,card,MREF_11472
PAY_11473,ORDER_11473,8488.11,INR,captured,2026-04-19T08:01:00Z,card,MREF_11473
PAY_11474,ORDER_11474,6322.18,INR,captured,2026-04-20T14:47:00Z,card,MREF_11474
PAY_11475,ORDER_11475,644.14,INR,captured,2026-05-09T13:33:00Z,card,MREF_11475
PAY_11476,ORDER_11476,836.93,INR,captured,2026-05-13T18:12:00Z,card,MREF_11476
PAY_11477,ORDER_11477,9228.49,INR,captured,2026-05-07T20:00:00Z,upi,MREF_11477
PAY_11478,ORDER_11478,5150.09,INR,captured,2026-03-04T11:19:00Z,wallet,MREF_11478
PAY_11479,ORDER_11479,2844.39,INR,captured,2026-06-21T10:51:00Z,netbanking,MREF_11479
PAY_11480,ORDER_11480,6877.85,INR,captured,2026-05-17T06:09:00Z,wallet,MREF_11480
PAY_11481,ORDER_11481,1934.69,INR,captured,2026-03-19T15:37:00Z,netbanking,MREF_11481
PAY_11482,ORDER_11482,2714.61,INR,captured,2026-03-08T16:21:00Z,netbanking,MREF_11482
PAY_11483,ORDER_11483,7117.66,INR,captured,2026-06-16T07:27:00Z,upi,MREF_11483
PAY_11484,ORDER_11484,9281.18,INR,captured,2026-05-24T08:54:00Z,card,MREF_11484
PAY_11485,ORDER_11485,3999.22,INR,captured,2026-03-21T09:35:00Z,netbanking,MREF_11485
PAY_11486,ORDER_11486,463.47,INR,captured,2026-05-24T13:33:00Z,wallet,MREF_11486
PAY_11487,ORDER_11487,8924.33,INR,captured,2026-06-14T11:01:00Z,wallet,MREF_11487
PAY_11488,ORDER_11488,4101.13,INR,captured,2026-04-27T13:00:00Z,upi,MREF_11488
PAY_11489,ORDER_11489,910.15,INR,captured,2026-06-27T19:50:00Z,netbanking,MREF_11489
PAY_11490,ORDER_11490,7384.09,INR,captured,2026-03-21T21:44:00Z,upi,MREF_11490
PAY_11491,ORDER_11491,2677.14,INR,captured,2026-05-21T14:01:00Z,netbanking,MREF_11491
PAY_11492,ORDER_11492,6088.05,INR,captured,2026-04-02T11:43:00Z,card,MREF_11492
PAY_11493,ORDER_11493,3571.09,INR,captured,2026-03-08T07:43:00Z,netbanking,MREF_11493
PAY_11494,ORDER_11494,2928.82,INR,captured,2026-03-02T06:16:00Z,netbanking,MREF_11494
PAY_11495,ORDER_11495,8621.78,INR,captured,2026-06-28T11:48:00Z,card,MREF_11495
PAY_11496,ORDER_11496,7879.13,INR,captured,2026-05-15T17:51:00Z,netbanking,MREF_11496
PAY_11497,ORDER_11497,8865.10,INR,captured,2026-04-19T20:26:00Z,netbanking,MREF_11497
PAY_11498,ORDER_11498,7344.79,INR,captured,2026-03-31T08:09:00Z,wallet,MREF_11498
PAY_11499,ORDER_11499,2635.34,INR,captured,2026-06-20T17:49:00Z,upi,MREF_11499
PAY_11500,ORDER_11500,4444.36,INR,captured,2026-06-22T20:05:00Z,upi,MREF_11500
PAY_11501,ORDER_11501,912.88,INR,captured,2026-06-17T18:27:00Z,card,MREF_11501
PAY_11502,ORDER_11502,3029.13,INR,captured,2026-06-21T12:58:00Z,upi,MREF_11502
PAY_11503,ORDER_11503,4017.77,INR,captured,2026-03-02T18:47:00Z,netbanking,MREF_11503
PAY_11504,ORDER_11504,7154.60,INR,captured,2026-03-07T15:34:00Z,upi,MREF_11504
PAY_11505,ORDER_11505,5417.95,INR,captured,2026-04-29T12:03:00Z,wallet,MREF_11505
PAY_11506,ORDER_11506,3650.51,INR,captured,2026-06-01T09:34:00Z,upi,MREF_11506
PAY_11507,ORDER_11507,5252.19,INR,captured,2026-04-27T10:36:00Z,card,MREF_11507
PAY_11508,ORDER_11508,2289.69,INR,captured,2026-05-29T10:34:00Z,netbanking,MREF_11508
PAY_11509,ORDER_11509,6061.26,INR,captured,2026-06-05T11:23:00Z,card,MREF_11509
PAY_11510,ORDER_11510,6295.53,INR,captured,2026-03-12T08:11:00Z,netbanking,MREF_11510
PAY_11511,ORDER_11511,6791.01,INR,captured,2026-04-18T09:50:00Z,upi,MREF_11511
PAY_11512,ORDER_11512,2082.97,INR,captured,2026-03-30T14:07:00Z,card,MREF_11512
PAY_11513,ORDER_11513,9029.35,INR,captured,2026-03-02T18:09:00Z,upi,MREF_11513
PAY_11514,ORDER_11514,8793.35,INR,captured,2026-05-05T11:43:00Z,upi,MREF_11514
PAY_11515,ORDER_11515,5130.88,INR,captured,2026-04-08T07:12:00Z,card,MREF_11515
PAY_11516,ORDER_11516,1720.37,INR,captured,2026-06-05T16:59:00Z,wallet,MREF_11516
PAY_11517,ORDER_11517,4549.48,INR,captured,2026-03-21T11:59:00Z,card,MREF_11517
PAY_11518,ORDER_11518,2124.63,INR,captured,2026-05-23T17:36:00Z,card,MREF_11518
PAY_11519,ORDER_11519,9257.48,INR,captured,2026-05-21T12:36:00Z,card,MREF_11519
PAY_11520,ORDER_11520,5159.66,INR,captured,2026-06-04T07:30:00Z,upi,MREF_11520
PAY_11521,ORDER_11521,568.92,INR,captured,2026-05-18T08:17:00Z,netbanking,MREF_11521
PAY_11522,ORDER_11522,4781.30,INR,captured,2026-06-07T11:41:00Z,upi,MREF_11522
PAY_11523,ORDER_11523,266.56,INR,captured,2026-06-14T09:46:00Z,card,MREF_11523
PAY_11524,ORDER_11524,6464.89,INR,captured,2026-04-05T08:13:00Z,wallet,MREF_11524
PAY_11525,ORDER_11525,538.03,INR,captured,2026-06-16T14:32:00Z,upi,MREF_11525
PAY_11526,ORDER_11526,8989.37,INR,captured,2026-05-24T07:55:00Z,card,MREF_11526
PAY_11527,ORDER_11527,5658.16,INR,captured,2026-05-10T19:30:00Z,wallet,MREF_11527
PAY_11528,ORDER_11528,5938.18,INR,captured,2026-03-14T08:32:00Z,card,MREF_11528
PAY_11529,ORDER_11529,8926.04,INR,captured,2026-04-27T12:26:00Z,netbanking,MREF_11529
PAY_11530,ORDER_11530,3113.16,INR,captured,2026-06-23T16:19:00Z,upi,MREF_11530
PAY_11531,ORDER_11531,353.46,INR,captured,2026-05-29T09:32:00Z,upi,MREF_11531
PAY_11532,ORDER_11532,4674.80,INR,captured,2026-05-06T13:45:00Z,upi,MREF_11532
PAY_11533,ORDER_11533,9376.78,INR,captured,2026-06-03T20:39:00Z,card,MREF_11533
PAY_11534,ORDER_11534,2185.30,INR,captured,2026-04-16T10:26:00Z,netbanking,MREF_11534
PAY_11535,ORDER_11535,9253.86,INR,captured,2026-04-26T06:13:00Z,wallet,MREF_11535
PAY_11536,ORDER_11536,4893.39,INR,captured,2026-05-23T20:09:00Z,card,MREF_11536
PAY_11537,ORDER_11537,919.73,INR,captured,2026-06-09T08:02:00Z,wallet,MREF_11537
PAY_11538,ORDER_11538,1153.15,INR,captured,2026-05-02T07:28:00Z,netbanking,MREF_11538
PAY_11539,ORDER_11539,7956.61,INR,captured,2026-05-25T14:47:00Z,card,MREF_11539
PAY_11540,ORDER_11540,5776.85,INR,captured,2026-03-07T07:55:00Z,wallet,MREF_11540
PAY_11541,ORDER_11541,8192.09,INR,captured,2026-03-21T10:42:00Z,upi,MREF_11541
PAY_11542,ORDER_11542,677.20,INR,captured,2026-04-29T11:54:00Z,netbanking,MREF_11542
PAY_11543,ORDER_11543,4599.35,INR,captured,2026-03-15T17:54:00Z,upi,MREF_11543
PAY_11544,ORDER_11544,820.39,INR,captured,2026-05-28T07:53:00Z,netbanking,MREF_11544
PAY_11545,ORDER_11545,5124.43,INR,captured,2026-06-23T16:15:00Z,netbanking,MREF_11545
PAY_11546,ORDER_11546,7087.07,INR,captured,2026-05-13T08:32:00Z,upi,MREF_11546
PAY_11547,ORDER_11547,8683.20,INR,captured,2026-05-24T06:08:00Z,upi,MREF_11547
PAY_11548,ORDER_11548,7815.62,INR,captured,2026-05-03T14:54:00Z,wallet,MREF_11548
PAY_11549,ORDER_11549,8595.53,INR,captured,2026-03-11T15:15:00Z,wallet,MREF_11549
PAY_11550,ORDER_11550,5104.48,INR,captured,2026-04-11T12:32:00Z,card,MREF_11550
PAY_11551,ORDER_11551,3020.74,INR,captured,2026-03-26T13:02:00Z,card,MREF_11551
PAY_11552,ORDER_11552,9497.03,INR,captured,2026-04-23T19:44:00Z,netbanking,MREF_11552
PAY_11553,ORDER_11553,8859.86,INR,captured,2026-03-13T19:18:00Z,upi,MREF_11553
PAY_11554,ORDER_11554,6230.17,INR,captured,2026-03-31T19:00:00Z,upi,MREF_11554
PAY_11555,ORDER_11555,824.32,INR,captured,2026-05-03T13:00:00Z,upi,MREF_11555
PAY_11556,ORDER_11556,6761.33,INR,captured,2026-05-09T08:08:00Z,upi,MREF_11556
PAY_11557,ORDER_11557,6381.82,INR,captured,2026-04-12T07:02:00Z,card,MREF_11557
PAY_11558,ORDER_11558,4632.83,INR,captured,2026-03-11T11:36:00Z,netbanking,MREF_11558
PAY_11559,ORDER_11559,2692.80,INR,captured,2026-05-05T18:28:00Z,upi,MREF_11559
PAY_11560,ORDER_11560,8987.99,INR,captured,2026-04-16T06:38:00Z,netbanking,MREF_11560
PAY_11561,ORDER_11561,8874.04,INR,captured,2026-04-03T06:51:00Z,wallet,MREF_11561
PAY_11562,ORDER_11562,3939.74,INR,captured,2026-06-19T08:01:00Z,card,MREF_11562
PAY_11563,ORDER_11563,353.72,INR,captured,2026-05-02T07:31:00Z,netbanking,MREF_11563
PAY_11564,ORDER_11564,7792.20,INR,captured,2026-06-28T19:24:00Z,netbanking,MREF_11564
PAY_11565,ORDER_11565,9485.72,INR,captured,2026-06-24T17:05:00Z,card,MREF_11565
PAY_11566,ORDER_11566,5446.52,INR,captured,2026-04-25T11:31:00Z,upi,MREF_11566
PAY_11567,ORDER_11567,5004.39,INR,captured,2026-04-30T21:04:00Z,upi,MREF_11567
PAY_11568,ORDER_11568,4303.91,INR,captured,2026-03-17T12:01:00Z,upi,MREF_11568
PAY_11569,ORDER_11569,7103.51,INR,captured,2026-05-23T16:57:00Z,upi,MREF_11569
PAY_11570,ORDER_11570,1934.91,INR,captured,2026-04-05T20:47:00Z,wallet,MREF_11570
PAY_11571,ORDER_11571,2353.28,INR,captured,2026-05-06T17:00:00Z,wallet,MREF_11571
PAY_11572,ORDER_11572,823.58,INR,captured,2026-04-20T06:53:00Z,upi,MREF_11572
PAY_11573,ORDER_11573,7652.09,INR,captured,2026-05-14T07:09:00Z,wallet,MREF_11573
PAY_11574,ORDER_11574,5932.91,INR,captured,2026-05-13T20:36:00Z,card,MREF_11574
PAY_11575,ORDER_11575,5855.30,INR,captured,2026-04-24T19:13:00Z,upi,MREF_11575
PAY_11576,ORDER_11576,2749.48,INR,captured,2026-06-12T15:05:00Z,wallet,MREF_11576
PAY_11577,ORDER_11577,4185.01,INR,captured,2026-04-25T20:42:00Z,card,MREF_11577
PAY_11578,ORDER_11578,4594.13,INR,captured,2026-04-17T12:24:00Z,netbanking,MREF_11578
PAY_11579,ORDER_11579,4130.82,INR,captured,2026-04-26T21:48:00Z,netbanking,MREF_11579
PAY_11580,ORDER_11580,1397.66,INR,captured,2026-05-03T17:28:00Z,card,MREF_11580
PAY_11581,ORDER_11581,3275.53,INR,captured,2026-05-31T09:41:00Z,card,MREF_11581
PAY_11582,ORDER_11582,8969.36,INR,captured,2026-03-29T19:00:00Z,upi,MREF_11582
PAY_11583,ORDER_11583,9112.65,INR,captured,2026-05-19T06:20:00Z,upi,MREF_11583
PAY_11584,ORDER_11584,6393.97,INR,captured,2026-06-03T10:23:00Z,netbanking,MREF_11584
PAY_11585,ORDER_11585,7352.36,INR,captured,2026-03-27T07:46:00Z,card,MREF_11585
PAY_11586,ORDER_11586,6753.61,INR,captured,2026-04-14T16:57:00Z,card,MREF_11586
PAY_11587,ORDER_11587,6965.94,INR,captured,2026-06-23T06:39:00Z,wallet,MREF_11587
PAY_11588,ORDER_11588,2386.79,INR,captured,2026-03-28T18:24:00Z,wallet,MREF_11588
PAY_11589,ORDER_11589,5601.46,INR,captured,2026-04-28T19:08:00Z,netbanking,MREF_11589
PAY_11590,ORDER_11590,6805.39,INR,captured,2026-03-31T09:29:00Z,card,MREF_11590
PAY_11591,ORDER_11591,9382.59,INR,captured,2026-03-04T21:40:00Z,upi,MREF_11591
PAY_11592,ORDER_11592,8139.45,INR,captured,2026-06-11T21:56:00Z,wallet,MREF_11592
PAY_11593,ORDER_11593,1138.52,INR,captured,2026-04-22T17:11:00Z,upi,MREF_11593
PAY_11594,ORDER_11594,241.25,INR,captured,2026-06-26T11:26:00Z,netbanking,MREF_11594
PAY_11595,ORDER_11595,8127.95,INR,captured,2026-04-25T19:23:00Z,wallet,MREF_11595
PAY_11596,ORDER_11596,9481.00,INR,captured,2026-04-04T07:37:00Z,card,MREF_11596
PAY_11597,ORDER_11597,4106.26,INR,captured,2026-06-12T15:17:00Z,wallet,MREF_11597
PAY_11598,ORDER_11598,6897.74,INR,captured,2026-06-03T07:47:00Z,upi,MREF_11598
PAY_11599,ORDER_11599,1532.21,INR,captured,2026-06-21T21:08:00Z,netbanking,MREF_11599
PAY_11600,ORDER_11600,2872.05,INR,captured,2026-04-07T09:44:00Z,wallet,MREF_11600
PAY_11601,ORDER_11601,4290.81,INR,captured,2026-03-25T11:55:00Z,wallet,MREF_11601
PAY_11602,ORDER_11602,4616.27,INR,captured,2026-06-04T14:19:00Z,wallet,MREF_11602
PAY_11603,ORDER_11603,2628.32,INR,captured,2026-06-18T14:22:00Z,wallet,MREF_11603
PAY_11604,ORDER_11604,9036.17,INR,captured,2026-05-25T18:51:00Z,wallet,MREF_11604
PAY_11605,ORDER_11605,4158.15,INR,captured,2026-04-08T08:54:00Z,upi,MREF_11605
PAY_11606,ORDER_11606,9211.50,INR,captured,2026-05-31T06:27:00Z,wallet,MREF_11606
PAY_11607,ORDER_11607,2771.33,INR,captured,2026-04-26T21:43:00Z,wallet,MREF_11607
PAY_11608,ORDER_11608,415.68,INR,captured,2026-05-26T10:02:00Z,wallet,MREF_11608
PAY_11609,ORDER_11609,229.59,INR,captured,2026-06-16T21:25:00Z,netbanking,MREF_11609
PAY_11610,ORDER_11610,1754.40,INR,captured,2026-06-24T17:08:00Z,upi,MREF_11610
PAY_11611,ORDER_11611,6078.50,INR,captured,2026-05-22T13:14:00Z,wallet,MREF_11611
PAY_11612,ORDER_11612,1696.60,INR,captured,2026-03-15T16:33:00Z,upi,MREF_11612
PAY_11613,ORDER_11613,8879.32,INR,captured,2026-06-03T12:16:00Z,netbanking,MREF_11613
PAY_11614,ORDER_11614,755.35,INR,captured,2026-06-08T08:42:00Z,card,MREF_11614
PAY_11615,ORDER_11615,8719.33,INR,captured,2026-06-28T11:58:00Z,upi,MREF_11615
PAY_11616,ORDER_11616,6184.83,INR,captured,2026-06-15T08:51:00Z,upi,MREF_11616
PAY_11617,ORDER_11617,5278.95,INR,captured,2026-06-23T15:30:00Z,netbanking,MREF_11617
PAY_11618,ORDER_11618,3741.91,INR,captured,2026-05-01T09:52:00Z,netbanking,MREF_11618
PAY_11619,ORDER_11619,7880.79,INR,captured,2026-03-17T13:54:00Z,upi,MREF_11619
PAY_11620,ORDER_11620,706.68,INR,captured,2026-05-05T08:12:00Z,upi,MREF_11620
PAY_11621,ORDER_11621,5156.89,INR,captured,2026-03-12T11:07:00Z,card,MREF_11621
PAY_11622,ORDER_11622,7732.62,INR,captured,2026-03-31T12:37:00Z,upi,MREF_11622
PAY_11623,ORDER_11623,978.22,INR,captured,2026-03-18T12:58:00Z,card,MREF_11623
PAY_11624,ORDER_11624,1381.87,INR,captured,2026-04-27T12:07:00Z,upi,MREF_11624
PAY_11625,ORDER_11625,459.54,INR,captured,2026-03-08T15:13:00Z,netbanking,MREF_11625
PAY_11626,ORDER_11626,5250.05,INR,captured,2026-03-20T16:40:00Z,netbanking,MREF_11626
PAY_11627,ORDER_11627,2017.30,INR,captured,2026-03-01T16:27:00Z,upi,MREF_11627
PAY_11628,ORDER_11628,3870.79,INR,captured,2026-03-01T17:09:00Z,wallet,MREF_11628
PAY_11629,ORDER_11629,3727.83,INR,captured,2026-03-21T11:03:00Z,card,MREF_11629
PAY_11630,ORDER_11630,1679.91,INR,captured,2026-03-14T18:03:00Z,netbanking,MREF_11630
PAY_11631,ORDER_11631,7749.38,INR,captured,2026-05-11T06:36:00Z,upi,MREF_11631
PAY_11632,ORDER_11632,8057.11,INR,captured,2026-04-09T10:25:00Z,netbanking,MREF_11632
PAY_11633,ORDER_11633,3069.24,INR,captured,2026-03-18T18:23:00Z,card,MREF_11633
PAY_11634,ORDER_11634,4521.82,INR,captured,2026-03-02T18:21:00Z,wallet,MREF_11634
PAY_11635,ORDER_11635,4388.07,INR,captured,2026-03-19T17:30:00Z,netbanking,MREF_11635
PAY_11636,ORDER_11636,4504.39,INR,captured,2026-03-18T17:52:00Z,upi,MREF_11636
PAY_11637,ORDER_11637,5045.32,INR,captured,2026-03-30T12:55:00Z,wallet,MREF_11637
PAY_11638,ORDER_11638,5467.93,INR,captured,2026-06-16T12:09:00Z,card,MREF_11638
PAY_11639,ORDER_11639,815.36,INR,captured,2026-05-20T07:49:00Z,netbanking,MREF_11639
PAY_11640,ORDER_11640,6598.37,INR,captured,2026-03-04T08:15:00Z,card,MREF_11640
PAY_11641,ORDER_11641,835.17,INR,captured,2026-05-17T17:05:00Z,wallet,MREF_11641
PAY_11642,ORDER_11642,3330.04,INR,captured,2026-05-13T07:20:00Z,netbanking,MREF_11642
PAY_11643,ORDER_11643,3043.68,INR,captured,2026-06-17T14:51:00Z,wallet,MREF_11643
PAY_11644,ORDER_11644,7197.97,INR,captured,2026-04-17T13:15:00Z,upi,MREF_11644
PAY_11645,ORDER_11645,765.66,INR,captured,2026-06-15T11:47:00Z,netbanking,MREF_11645
PAY_11646,ORDER_11646,886.40,INR,captured,2026-06-10T12:35:00Z,card,MREF_11646
PAY_11647,ORDER_11647,9172.70,INR,captured,2026-05-23T17:07:00Z,card,MREF_11647
PAY_11648,ORDER_11648,3656.51,INR,captured,2026-06-05T21:18:00Z,wallet,MREF_11648
PAY_11649,ORDER_11649,7851.17,INR,captured,2026-04-23T14:36:00Z,card,MREF_11649
PAY_11650,ORDER_11650,2666.80,INR,captured,2026-05-30T09:14:00Z,card,MREF_11650
PAY_11651,ORDER_11651,4743.92,INR,captured,2026-04-13T21:48:00Z,netbanking,MREF_11651
PAY_11652,ORDER_11652,8478.94,INR,captured,2026-03-05T16:35:00Z,card,MREF_11652
PAY_11653,ORDER_11653,3382.96,INR,captured,2026-04-13T16:38:00Z,wallet,MREF_11653
PAY_11654,ORDER_11654,9174.36,INR,captured,2026-04-03T12:50:00Z,card,MREF_11654
PAY_11655,ORDER_11655,8115.49,INR,captured,2026-03-07T11:36:00Z,wallet,MREF_11655
PAY_11656,ORDER_11656,2199.33,INR,captured,2026-06-10T16:57:00Z,wallet,MREF_11656
PAY_11657,ORDER_11657,7649.19,INR,captured,2026-04-05T14:30:00Z,card,MREF_11657
PAY_11658,ORDER_11658,6578.29,INR,captured,2026-04-05T19:52:00Z,netbanking,MREF_11658
PAY_11659,ORDER_11659,460.93,INR,captured,2026-03-12T19:36:00Z,card,MREF_11659
PAY_11660,ORDER_11660,6366.87,INR,captured,2026-05-22T13:01:00Z,netbanking,MREF_11660
PAY_11661,ORDER_11661,8058.98,INR,captured,2026-04-15T12:36:00Z,card,MREF_11661
PAY_11662,ORDER_11662,3236.82,INR,captured,2026-03-07T15:55:00Z,netbanking,MREF_11662
PAY_11663,ORDER_11663,8254.65,INR,captured,2026-05-19T11:26:00Z,upi,MREF_11663
PAY_11664,ORDER_11664,1536.83,INR,captured,2026-04-02T11:50:00Z,wallet,MREF_11664
PAY_11665,ORDER_11665,2457.84,INR,captured,2026-06-09T12:22:00Z,card,MREF_11665
PAY_11666,ORDER_11666,3164.02,INR,captured,2026-03-05T18:58:00Z,card,MREF_11666
PAY_11667,ORDER_11667,6072.86,INR,captured,2026-06-03T07:18:00Z,wallet,MREF_11667
PAY_11668,ORDER_11668,1363.24,INR,captured,2026-04-09T16:22:00Z,netbanking,MREF_11668
PAY_11669,ORDER_11669,4011.67,INR,captured,2026-04-28T16:28:00Z,netbanking,MREF_11669
PAY_11670,ORDER_11670,3952.83,INR,captured,2026-03-25T20:36:00Z,netbanking,MREF_11670
PAY_11671,ORDER_11671,1222.94,INR,captured,2026-03-28T07:56:00Z,netbanking,MREF_11671
PAY_11672,ORDER_11672,9481.95,INR,captured,2026-04-03T16:46:00Z,netbanking,MREF_11672
PAY_11673,ORDER_11673,544.61,INR,captured,2026-05-27T13:23:00Z,upi,MREF_11673
PAY_11674,ORDER_11674,3108.79,INR,captured,2026-05-31T21:28:00Z,wallet,MREF_11674
PAY_11675,ORDER_11675,7627.73,INR,captured,2026-05-05T21:40:00Z,netbanking,MREF_11675
PAY_11676,ORDER_11676,5112.79,INR,captured,2026-05-13T08:20:00Z,upi,MREF_11676
PAY_11677,ORDER_11677,5487.43,INR,captured,2026-03-24T07:34:00Z,card,MREF_11677
PAY_11678,ORDER_11678,5154.37,INR,captured,2026-05-22T17:01:00Z,card,MREF_11678
PAY_11679,ORDER_11679,4467.07,INR,captured,2026-05-07T06:15:00Z,netbanking,MREF_11679
PAY_11680,ORDER_11680,710.06,INR,captured,2026-03-07T08:03:00Z,netbanking,MREF_11680
PAY_11681,ORDER_11681,8065.52,INR,captured,2026-06-05T09:28:00Z,upi,MREF_11681
PAY_11682,ORDER_11682,3740.62,INR,captured,2026-04-24T08:03:00Z,upi,MREF_11682
PAY_11683,ORDER_11683,4653.56,INR,captured,2026-04-10T09:45:00Z,card,MREF_11683
PAY_11684,ORDER_11684,8997.00,INR,captured,2026-04-05T21:16:00Z,card,MREF_11684
PAY_11685,ORDER_11685,4567.24,INR,captured,2026-05-25T13:49:00Z,wallet,MREF_11685
PAY_11686,ORDER_11686,4647.48,INR,captured,2026-03-23T09:16:00Z,wallet,MREF_11686
PAY_11687,ORDER_11687,1416.31,INR,captured,2026-06-24T13:00:00Z,card,MREF_11687
PAY_11688,ORDER_11688,7693.50,INR,captured,2026-04-06T07:35:00Z,upi,MREF_11688
PAY_11689,ORDER_11689,1469.87,INR,captured,2026-05-23T06:17:00Z,card,MREF_11689
PAY_11690,ORDER_11690,8089.59,INR,captured,2026-04-03T14:19:00Z,wallet,MREF_11690
PAY_11691,ORDER_11691,5828.09,INR,captured,2026-06-19T08:27:00Z,wallet,MREF_11691
PAY_11692,ORDER_11692,8086.66,INR,captured,2026-06-16T16:46:00Z,card,MREF_11692
PAY_11693,ORDER_11693,5497.75,INR,captured,2026-05-05T20:18:00Z,card,MREF_11693
PAY_11694,ORDER_11694,6524.66,INR,captured,2026-05-17T13:14:00Z,wallet,MREF_11694
PAY_11695,ORDER_11695,668.39,INR,captured,2026-06-27T14:28:00Z,card,MREF_11695
PAY_11696,ORDER_11696,1719.88,INR,captured,2026-06-02T11:08:00Z,netbanking,MREF_11696
PAY_11697,ORDER_11697,3563.16,INR,captured,2026-06-21T16:25:00Z,netbanking,MREF_11697
PAY_11698,ORDER_11698,2670.65,INR,captured,2026-04-20T08:39:00Z,upi,MREF_11698
PAY_11699,ORDER_11699,627.43,INR,captured,2026-06-14T13:51:00Z,wallet,MREF_11699
PAY_11700,ORDER_11700,9178.37,INR,captured,2026-05-08T13:58:00Z,netbanking,MREF_11700
PAY_11701,ORDER_11701,651.54,INR,captured,2026-04-10T09:41:00Z,card,MREF_11701
PAY_11702,ORDER_11702,9254.65,INR,captured,2026-06-28T20:26:00Z,upi,MREF_11702
PAY_11703,ORDER_11703,7468.64,INR,captured,2026-03-10T20:08:00Z,wallet,MREF_11703
PAY_11704,ORDER_11704,1040.09,INR,captured,2026-05-03T19:03:00Z,wallet,MREF_11704
PAY_11705,ORDER_11705,7628.20,INR,captured,2026-03-31T19:24:00Z,card,MREF_11705
PAY_11706,ORDER_11706,6236.87,INR,captured,2026-06-16T08:49:00Z,wallet,MREF_11706
PAY_11707,ORDER_11707,8032.27,INR,captured,2026-03-26T08:03:00Z,upi,MREF_11707
PAY_11708,ORDER_11708,7772.26,INR,captured,2026-03-28T09:54:00Z,upi,MREF_11708
PAY_11709,ORDER_11709,9401.52,INR,captured,2026-06-25T15:14:00Z,netbanking,MREF_11709
PAY_11710,ORDER_11710,2025.92,INR,captured,2026-03-17T08:52:00Z,card,MREF_11710
PAY_11711,ORDER_11711,6860.21,INR,captured,2026-04-20T11:11:00Z,card,MREF_11711
PAY_11712,ORDER_11712,6481.58,INR,captured,2026-03-20T13:34:00Z,card,MREF_11712
PAY_11713,ORDER_11713,2881.43,INR,captured,2026-05-12T12:25:00Z,netbanking,MREF_11713
PAY_11714,ORDER_11714,1000.59,INR,captured,2026-04-12T09:13:00Z,card,MREF_11714
PAY_11715,ORDER_11715,479.41,INR,captured,2026-03-22T13:47:00Z,netbanking,MREF_11715
PAY_11716,ORDER_11716,2833.54,INR,captured,2026-03-05T16:47:00Z,card,MREF_11716
PAY_11717,ORDER_11717,1624.90,INR,captured,2026-05-16T06:27:00Z,wallet,MREF_11717
PAY_11718,ORDER_11718,7591.23,INR,captured,2026-06-13T14:37:00Z,wallet,MREF_11718
PAY_11719,ORDER_11719,3403.12,INR,captured,2026-04-07T08:28:00Z,netbanking,MREF_11719
PAY_11720,ORDER_11720,2965.73,INR,captured,2026-05-02T10:06:00Z,upi,MREF_11720
PAY_11721,ORDER_11721,7511.17,INR,captured,2026-05-31T12:21:00Z,wallet,MREF_11721
PAY_11722,ORDER_11722,1923.59,INR,captured,2026-05-06T16:26:00Z,wallet,MREF_11722
PAY_11723,ORDER_11723,916.53,INR,captured,2026-04-26T12:37:00Z,upi,MREF_11723
PAY_11724,ORDER_11724,8655.46,INR,captured,2026-06-05T11:14:00Z,netbanking,MREF_11724
PAY_11725,ORDER_11725,6707.68,INR,captured,2026-04-13T19:45:00Z,wallet,MREF_11725
PAY_11726,ORDER_11726,4474.22,INR,captured,2026-06-07T09:02:00Z,netbanking,MREF_11726
PAY_11727,ORDER_11727,3421.64,INR,captured,2026-04-05T21:13:00Z,card,MREF_11727
PAY_11728,ORDER_11728,5416.01,INR,captured,2026-06-07T20:57:00Z,card,MREF_11728
PAY_11729,ORDER_11729,2961.47,INR,captured,2026-05-12T10:18:00Z,netbanking,MREF_11729
PAY_11730,ORDER_11730,3519.76,INR,captured,2026-04-07T12:16:00Z,wallet,MREF_11730
PAY_11731,ORDER_11731,1982.13,INR,captured,2026-06-15T08:27:00Z,wallet,MREF_11731
PAY_11732,ORDER_11732,6885.26,INR,captured,2026-03-03T11:09:00Z,netbanking,MREF_11732
PAY_11733,ORDER_11733,1958.15,INR,captured,2026-03-17T13:32:00Z,wallet,MREF_11733
PAY_11734,ORDER_11734,4533.54,INR,captured,2026-06-19T10:37:00Z,card,MREF_11734
PAY_11735,ORDER_11735,2008.51,INR,captured,2026-05-22T08:30:00Z,upi,MREF_11735
PAY_11736,ORDER_11736,3141.48,INR,captured,2026-05-20T07:22:00Z,upi,MREF_11736
PAY_11737,ORDER_11737,2152.85,INR,captured,2026-05-25T16:29:00Z,upi,MREF_11737
PAY_11738,ORDER_11738,5410.17,INR,captured,2026-03-13T12:15:00Z,wallet,MREF_11738
PAY_11739,ORDER_11739,4943.84,INR,captured,2026-06-02T10:51:00Z,wallet,MREF_11739
PAY_11740,ORDER_11740,4720.26,INR,captured,2026-04-22T19:12:00Z,upi,MREF_11740
PAY_11741,ORDER_11741,638.43,INR,captured,2026-05-03T11:16:00Z,card,MREF_11741
PAY_11742,ORDER_11742,2075.24,INR,captured,2026-04-29T20:44:00Z,netbanking,MREF_11742
PAY_11743,ORDER_11743,784.32,INR,captured,2026-06-19T16:41:00Z,wallet,MREF_11743
PAY_11744,ORDER_11744,2907.86,INR,captured,2026-06-23T15:32:00Z,netbanking,MREF_11744
PAY_11745,ORDER_11745,7946.59,INR,captured,2026-03-20T09:06:00Z,upi,MREF_11745
PAY_11746,ORDER_11746,3334.17,INR,captured,2026-05-06T09:34:00Z,wallet,MREF_11746
PAY_11747,ORDER_11747,9408.66,INR,captured,2026-05-04T10:22:00Z,card,MREF_11747
PAY_11748,ORDER_11748,9064.50,INR,captured,2026-05-03T21:11:00Z,netbanking,MREF_11748
PAY_11749,ORDER_11749,6307.27,INR,captured,2026-04-02T13:53:00Z,upi,MREF_11749
PAY_11750,ORDER_11750,8210.33,INR,captured,2026-06-17T20:50:00Z,upi,MREF_11750
PAY_11751,ORDER_11751,5429.63,INR,captured,2026-05-17T07:20:00Z,card,MREF_11751
PAY_11752,ORDER_11752,8071.98,INR,captured,2026-04-07T20:38:00Z,netbanking,MREF_11752
PAY_11753,ORDER_11753,3158.04,INR,captured,2026-04-02T19:48:00Z,upi,MREF_11753
PAY_11754,ORDER_11754,692.02,INR,captured,2026-05-17T14:15:00Z,wallet,MREF_11754
PAY_11755,ORDER_11755,5280.42,INR,captured,2026-05-22T11:59:00Z,card,MREF_11755
PAY_11756,ORDER_11756,8321.48,INR,captured,2026-03-03T07:15:00Z,wallet,MREF_11756
PAY_11757,ORDER_11757,8689.39,INR,captured,2026-06-16T11:04:00Z,card,MREF_11757
PAY_11758,ORDER_11758,1403.11,INR,captured,2026-03-15T19:47:00Z,upi,MREF_11758
PAY_11759,ORDER_11759,942.95,INR,captured,2026-04-13T06:29:00Z,wallet,MREF_11759
PAY_11760,ORDER_11760,7438.14,INR,captured,2026-06-27T09:03:00Z,netbanking,MREF_11760
PAY_11761,ORDER_11761,3433.96,INR,captured,2026-05-20T07:38:00Z,card,MREF_11761
PAY_11762,ORDER_11762,7172.06,INR,captured,2026-03-16T13:05:00Z,wallet,MREF_11762
PAY_11763,ORDER_11763,981.53,INR,captured,2026-06-04T06:32:00Z,wallet,MREF_11763
PAY_11764,ORDER_11764,4292.77,INR,captured,2026-03-17T20:07:00Z,netbanking,MREF_11764
PAY_11765,ORDER_11765,6772.34,INR,captured,2026-04-17T07:43:00Z,card,MREF_11765
PAY_11766,ORDER_11766,3422.49,INR,captured,2026-04-14T11:57:00Z,netbanking,MREF_11766
PAY_11767,ORDER_11767,8825.64,INR,captured,2026-04-20T15:01:00Z,card,MREF_11767
PAY_11768,ORDER_11768,8938.79,INR,captured,2026-06-11T17:49:00Z,wallet,MREF_11768
PAY_11769,ORDER_11769,9179.01,INR,captured,2026-06-28T18:01:00Z,upi,MREF_11769
PAY_11770,ORDER_11770,7304.02,INR,captured,2026-05-06T13:14:00Z,netbanking,MREF_11770
PAY_11771,ORDER_11771,8438.60,INR,captured,2026-05-31T06:37:00Z,wallet,MREF_11771
PAY_11772,ORDER_11772,6617.81,INR,captured,2026-06-21T08:13:00Z,card,MREF_11772
PAY_11773,ORDER_11773,5510.69,INR,captured,2026-03-16T15:17:00Z,card,MREF_11773
PAY_11774,ORDER_11774,8667.82,INR,captured,2026-03-09T12:20:00Z,upi,MREF_11774
PAY_11775,ORDER_11775,4625.24,INR,captured,2026-06-01T14:53:00Z,card,MREF_11775
PAY_11776,ORDER_11776,1659.80,INR,captured,2026-05-15T19:34:00Z,upi,MREF_11776
PAY_11777,ORDER_11777,1212.58,INR,captured,2026-05-21T16:38:00Z,netbanking,MREF_11777
PAY_11778,ORDER_11778,8264.56,INR,captured,2026-03-20T10:26:00Z,netbanking,MREF_11778
PAY_11779,ORDER_11779,7571.63,INR,captured,2026-03-13T13:31:00Z,netbanking,MREF_11779
PAY_11780,ORDER_11780,3598.93,INR,captured,2026-05-17T20:24:00Z,upi,MREF_11780
PAY_11781,ORDER_11781,3819.32,INR,captured,2026-03-17T19:36:00Z,wallet,MREF_11781
PAY_11782,ORDER_11782,3016.22,INR,captured,2026-03-03T15:30:00Z,card,MREF_11782
PAY_11783,ORDER_11783,8225.41,INR,captured,2026-06-22T12:05:00Z,card,MREF_11783
PAY_11784,ORDER_11784,4051.23,INR,captured,2026-06-18T08:53:00Z,upi,MREF_11784
PAY_11785,ORDER_11785,516.46,INR,captured,2026-06-08T07:48:00Z,wallet,MREF_11785
PAY_11786,ORDER_11786,9213.05,INR,captured,2026-03-10T06:00:00Z,wallet,MREF_11786
PAY_11787,ORDER_11787,2311.42,INR,captured,2026-05-28T17:25:00Z,netbanking,MREF_11787
PAY_11788,ORDER_11788,2335.51,INR,captured,2026-06-28T16:03:00Z,netbanking,MREF_11788
PAY_11789,ORDER_11789,8520.59,INR,captured,2026-05-16T20:11:00Z,upi,MREF_11789
PAY_11790,ORDER_11790,5241.16,INR,captured,2026-06-27T09:43:00Z,wallet,MREF_11790
PAY_11791,ORDER_11791,2652.58,INR,captured,2026-03-15T21:09:00Z,wallet,MREF_11791
PAY_11792,ORDER_11792,3344.07,INR,captured,2026-05-30T12:18:00Z,upi,MREF_11792
PAY_11793,ORDER_11793,8872.53,INR,captured,2026-03-26T10:52:00Z,upi,MREF_11793
PAY_11794,ORDER_11794,1384.93,INR,captured,2026-06-03T13:59:00Z,netbanking,MREF_11794
PAY_11795,ORDER_11795,9363.02,INR,captured,2026-05-31T15:30:00Z,card,MREF_11795
PAY_11796,ORDER_11796,8673.24,INR,captured,2026-04-29T20:28:00Z,wallet,MREF_11796
PAY_11797,ORDER_11797,9349.92,INR,captured,2026-06-13T12:56:00Z,upi,MREF_11797
PAY_11798,ORDER_11798,7082.69,INR,captured,2026-03-07T14:59:00Z,netbanking,MREF_11798
PAY_11799,ORDER_11799,2155.34,INR,captured,2026-04-07T11:10:00Z,card,MREF_11799
PAY_11800,ORDER_11800,5753.82,INR,captured,2026-04-23T08:31:00Z,netbanking,MREF_11800
PAY_11801,ORDER_11801,2811.43,INR,captured,2026-06-04T15:01:00Z,wallet,MREF_11801
PAY_11802,ORDER_11802,167.51,INR,captured,2026-06-22T06:03:00Z,wallet,MREF_11802
PAY_11803,ORDER_11803,9014.39,INR,captured,2026-04-05T18:17:00Z,upi,MREF_11803
PAY_11804,ORDER_11804,6008.09,INR,captured,2026-04-28T16:31:00Z,netbanking,MREF_11804
PAY_11805,ORDER_11805,215.71,INR,captured,2026-06-09T21:33:00Z,card,MREF_11805
PAY_11806,ORDER_11806,2264.46,INR,captured,2026-03-19T12:47:00Z,wallet,MREF_11806
PAY_11807,ORDER_11807,5758.28,INR,captured,2026-06-12T16:49:00Z,netbanking,MREF_11807
PAY_11808,ORDER_11808,7004.88,INR,captured,2026-04-19T08:33:00Z,wallet,MREF_11808
PAY_11809,ORDER_11809,7117.19,INR,captured,2026-03-22T10:37:00Z,upi,MREF_11809
PAY_11810,ORDER_11810,2273.74,INR,captured,2026-04-01T06:24:00Z,upi,MREF_11810
PAY_11811,ORDER_11811,4818.18,INR,captured,2026-06-14T17:30:00Z,wallet,MREF_11811
PAY_11812,ORDER_11812,3109.04,INR,captured,2026-04-28T09:42:00Z,wallet,MREF_11812
PAY_11813,ORDER_11813,4806.89,INR,captured,2026-05-29T06:01:00Z,card,MREF_11813
PAY_11814,ORDER_11814,3134.40,INR,captured,2026-03-06T17:34:00Z,netbanking,MREF_11814
PAY_11815,ORDER_11815,9487.03,INR,captured,2026-04-10T10:25:00Z,card,MREF_11815
PAY_11816,ORDER_11816,829.22,INR,captured,2026-03-27T16:50:00Z,wallet,MREF_11816
PAY_11817,ORDER_11817,6190.87,INR,captured,2026-05-13T16:16:00Z,wallet,MREF_11817
PAY_11818,ORDER_11818,6689.71,INR,captured,2026-06-24T08:36:00Z,card,MREF_11818
PAY_11819,ORDER_11819,2514.61,INR,captured,2026-05-28T18:59:00Z,upi,MREF_11819
PAY_11820,ORDER_11820,2989.35,INR,captured,2026-05-31T19:35:00Z,card,MREF_11820
PAY_11821,ORDER_11821,6718.21,INR,captured,2026-04-12T12:01:00Z,netbanking,MREF_11821
PAY_11822,ORDER_11822,4625.89,INR,captured,2026-05-30T16:41:00Z,netbanking,MREF_11822
PAY_11823,ORDER_11823,2446.31,INR,captured,2026-06-04T11:51:00Z,wallet,MREF_11823
PAY_11824,ORDER_11824,7402.44,INR,captured,2026-04-01T20:54:00Z,upi,MREF_11824
PAY_11825,ORDER_11825,6117.10,INR,captured,2026-04-08T13:16:00Z,upi,MREF_11825
PAY_11826,ORDER_11826,1702.09,INR,captured,2026-03-21T14:32:00Z,netbanking,MREF_11826
PAY_11827,ORDER_11827,3902.88,INR,captured,2026-05-08T16:07:00Z,netbanking,MREF_11827
PAY_11828,ORDER_11828,7059.29,INR,captured,2026-05-28T21:10:00Z,netbanking,MREF_11828
PAY_11829,ORDER_11829,4768.63,INR,captured,2026-06-07T21:40:00Z,upi,MREF_11829
PAY_11830,ORDER_11830,4626.54,INR,captured,2026-04-09T15:34:00Z,upi,MREF_11830
PAY_11831,ORDER_11831,1829.34,INR,captured,2026-06-28T08:39:00Z,upi,MREF_11831
PAY_11832,ORDER_11832,9473.87,INR,captured,2026-06-21T16:22:00Z,card,MREF_11832
PAY_11833,ORDER_11833,8642.90,INR,captured,2026-06-01T11:28:00Z,netbanking,MREF_11833
PAY_11834,ORDER_11834,8478.05,INR,captured,2026-03-27T06:51:00Z,wallet,MREF_11834
PAY_11835,ORDER_11835,1081.92,INR,captured,2026-03-23T17:33:00Z,upi,MREF_11835
PAY_11836,ORDER_11836,7165.28,INR,captured,2026-05-11T10:43:00Z,upi,MREF_11836
PAY_11837,ORDER_11837,6927.10,INR,captured,2026-06-17T20:38:00Z,card,MREF_11837
PAY_11838,ORDER_11838,4329.93,INR,captured,2026-04-13T17:47:00Z,upi,MREF_11838
PAY_11839,ORDER_11839,1196.37,INR,captured,2026-06-06T17:42:00Z,wallet,MREF_11839
PAY_11840,ORDER_11840,8201.21,INR,captured,2026-06-28T16:36:00Z,card,MREF_11840
PAY_11841,ORDER_11841,8643.16,INR,captured,2026-04-08T13:55:00Z,wallet,MREF_11841
PAY_11842,ORDER_11842,8618.67,INR,captured,2026-04-22T12:48:00Z,wallet,MREF_11842
PAY_11843,ORDER_11843,6448.80,INR,captured,2026-03-01T15:51:00Z,netbanking,MREF_11843
PAY_11844,ORDER_11844,3945.67,INR,captured,2026-04-06T20:10:00Z,card,MREF_11844
PAY_11845,ORDER_11845,1370.55,INR,captured,2026-06-01T08:09:00Z,card,MREF_11845
PAY_11846,ORDER_11846,4423.93,INR,captured,2026-04-06T14:47:00Z,card,MREF_11846
PAY_11847,ORDER_11847,5473.63,INR,captured,2026-03-25T10:21:00Z,wallet,MREF_11847
PAY_11848,ORDER_11848,8598.42,INR,captured,2026-04-14T11:35:00Z,wallet,MREF_11848
PAY_11849,ORDER_11849,2997.72,INR,captured,2026-04-17T20:04:00Z,wallet,MREF_11849
PAY_11850,ORDER_11850,952.07,INR,captured,2026-04-12T10:11:00Z,wallet,MREF_11850
PAY_11851,ORDER_11851,8257.09,INR,captured,2026-05-14T12:39:00Z,upi,MREF_11851
PAY_11852,ORDER_11852,3199.56,INR,captured,2026-03-18T14:13:00Z,wallet,MREF_11852
PAY_11853,ORDER_11853,8482.25,INR,captured,2026-04-18T06:57:00Z,netbanking,MREF_11853
PAY_11854,ORDER_11854,2369.44,INR,captured,2026-05-14T11:33:00Z,card,MREF_11854
PAY_11855,ORDER_11855,5343.51,INR,captured,2026-05-12T13:28:00Z,card,MREF_11855
PAY_11856,ORDER_11856,4164.51,INR,captured,2026-04-17T10:08:00Z,card,MREF_11856
PAY_11857,ORDER_11857,5030.34,INR,captured,2026-05-15T08:25:00Z,upi,MREF_11857
PAY_11858,ORDER_11858,7386.29,INR,captured,2026-05-29T20:47:00Z,card,MREF_11858
PAY_11859,ORDER_11859,7164.63,INR,captured,2026-04-07T16:43:00Z,wallet,MREF_11859
PAY_11860,ORDER_11860,7592.22,INR,captured,2026-06-20T12:43:00Z,wallet,MREF_11860
PAY_11861,ORDER_11861,8082.91,INR,captured,2026-05-06T10:34:00Z,wallet,MREF_11861
PAY_11862,ORDER_11862,2361.15,INR,captured,2026-03-14T09:01:00Z,wallet,MREF_11862
PAY_11863,ORDER_11863,271.87,INR,captured,2026-05-29T06:40:00Z,netbanking,MREF_11863
PAY_11864,ORDER_11864,5187.20,INR,captured,2026-04-06T10:57:00Z,netbanking,MREF_11864
PAY_11865,ORDER_11865,9098.48,INR,captured,2026-06-18T15:55:00Z,netbanking,MREF_11865
PAY_11866,ORDER_11866,8325.82,INR,captured,2026-05-12T08:08:00Z,upi,MREF_11866
PAY_11867,ORDER_11867,1707.31,INR,captured,2026-04-18T10:55:00Z,wallet,MREF_11867
PAY_11868,ORDER_11868,7601.29,INR,captured,2026-05-27T19:29:00Z,upi,MREF_11868
PAY_11869,ORDER_11869,5159.13,INR,captured,2026-04-07T13:13:00Z,upi,MREF_11869
PAY_11870,ORDER_11870,8323.23,INR,captured,2026-05-24T06:41:00Z,wallet,MREF_11870
PAY_11871,ORDER_11871,9046.53,INR,captured,2026-04-25T13:40:00Z,upi,MREF_11871
PAY_11872,ORDER_11872,1098.03,INR,captured,2026-03-19T18:26:00Z,wallet,MREF_11872
PAY_11873,ORDER_11873,9086.59,INR,captured,2026-03-08T08:15:00Z,upi,MREF_11873
PAY_11874,ORDER_11874,4099.48,INR,captured,2026-04-16T16:00:00Z,upi,MREF_11874
PAY_11875,ORDER_11875,8964.12,INR,captured,2026-06-19T21:06:00Z,card,MREF_11875
PAY_11876,ORDER_11876,1085.04,INR,captured,2026-03-27T15:17:00Z,netbanking,MREF_11876
PAY_11877,ORDER_11877,4205.64,INR,captured,2026-04-20T08:36:00Z,upi,MREF_11877
PAY_11878,ORDER_11878,8472.03,INR,captured,2026-05-19T09:29:00Z,upi,MREF_11878
PAY_11879,ORDER_11879,4671.23,INR,captured,2026-06-26T16:18:00Z,upi,MREF_11879
PAY_11880,ORDER_11880,3572.14,INR,captured,2026-04-13T09:34:00Z,upi,MREF_11880
PAY_11881,ORDER_11881,5969.74,INR,captured,2026-03-30T08:06:00Z,wallet,MREF_11881
PAY_11882,ORDER_11882,8552.82,INR,captured,2026-03-02T06:49:00Z,upi,MREF_11882
PAY_11883,ORDER_11883,7414.33,INR,captured,2026-04-27T15:36:00Z,card,MREF_11883
PAY_11884,ORDER_11884,2790.27,INR,captured,2026-05-20T08:44:00Z,upi,MREF_11884
PAY_11885,ORDER_11885,6549.99,INR,captured,2026-05-10T18:39:00Z,wallet,MREF_11885
PAY_11886,ORDER_11886,3894.20,INR,captured,2026-06-18T14:51:00Z,upi,MREF_11886
PAY_11887,ORDER_11887,5174.95,INR,captured,2026-06-01T13:52:00Z,card,MREF_11887
PAY_11888,ORDER_11888,2553.47,INR,captured,2026-06-17T14:12:00Z,netbanking,MREF_11888
PAY_11889,ORDER_11889,2823.58,INR,captured,2026-05-31T09:08:00Z,netbanking,MREF_11889
PAY_11890,ORDER_11890,1083.77,INR,captured,2026-04-25T07:34:00Z,wallet,MREF_11890
PAY_11891,ORDER_11891,1711.62,INR,captured,2026-03-12T14:32:00Z,card,MREF_11891
PAY_11892,ORDER_11892,4153.19,INR,captured,2026-05-22T21:47:00Z,upi,MREF_11892
PAY_11893,ORDER_11893,6030.15,INR,captured,2026-03-24T21:37:00Z,wallet,MREF_11893
PAY_11894,ORDER_11894,2625.23,INR,captured,2026-05-30T09:50:00Z,upi,MREF_11894
PAY_11895,ORDER_11895,899.17,INR,captured,2026-06-10T12:09:00Z,card,MREF_11895
PAY_11896,ORDER_11896,1344.40,INR,captured,2026-06-06T12:11:00Z,netbanking,MREF_11896
PAY_11897,ORDER_11897,5415.81,INR,captured,2026-04-12T10:27:00Z,wallet,MREF_11897
PAY_11898,ORDER_11898,4793.21,INR,captured,2026-05-27T09:05:00Z,wallet,MREF_11898
PAY_11899,ORDER_11899,277.56,INR,captured,2026-04-08T19:49:00Z,netbanking,MREF_11899
PAY_11900,ORDER_11900,6609.73,INR,captured,2026-03-17T20:48:00Z,netbanking,MREF_11900
PAY_11901,ORDER_11901,2225.58,INR,captured,2026-06-07T07:01:00Z,card,MREF_11901
PAY_11902,ORDER_11902,358.14,INR,captured,2026-03-21T12:46:00Z,wallet,MREF_11902
PAY_11903,ORDER_11903,2603.63,INR,captured,2026-05-12T11:02:00Z,upi,MREF_11903
PAY_11904,ORDER_11904,8123.54,INR,captured,2026-04-03T08:16:00Z,upi,MREF_11904
PAY_11905,ORDER_11905,471.77,INR,captured,2026-05-02T21:09:00Z,card,MREF_11905
PAY_11906,ORDER_11906,7923.05,INR,captured,2026-03-25T09:35:00Z,wallet,MREF_11906
PAY_11907,ORDER_11907,7263.33,INR,captured,2026-04-28T17:09:00Z,wallet,MREF_11907
PAY_11908,ORDER_11908,2508.49,INR,captured,2026-03-26T15:08:00Z,netbanking,MREF_11908
PAY_11909,ORDER_11909,7175.42,INR,captured,2026-03-29T14:10:00Z,wallet,MREF_11909
PAY_11910,ORDER_11910,884.57,INR,captured,2026-03-23T14:16:00Z,netbanking,MREF_11910
PAY_11911,ORDER_11911,9203.29,INR,captured,2026-05-22T20:21:00Z,upi,MREF_11911
PAY_11912,ORDER_11912,4507.43,INR,captured,2026-03-16T14:37:00Z,wallet,MREF_11912
PAY_11913,ORDER_11913,7681.69,INR,captured,2026-03-26T12:54:00Z,netbanking,MREF_11913
PAY_11914,ORDER_11914,8405.95,INR,captured,2026-06-04T17:10:00Z,wallet,MREF_11914
PAY_11915,ORDER_11915,545.74,INR,captured,2026-04-26T07:25:00Z,card,MREF_11915
PAY_11916,ORDER_11916,3696.38,INR,captured,2026-05-19T10:59:00Z,netbanking,MREF_11916
PAY_11917,ORDER_11917,9354.47,INR,captured,2026-03-26T20:26:00Z,netbanking,MREF_11917
PAY_11918,ORDER_11918,2324.02,INR,captured,2026-05-16T17:06:00Z,upi,MREF_11918
PAY_11919,ORDER_11919,4209.35,INR,captured,2026-05-21T21:36:00Z,wallet,MREF_11919
PAY_11920,ORDER_11920,2620.91,INR,captured,2026-04-26T16:39:00Z,netbanking,MREF_11920
PAY_11921,ORDER_11921,3440.57,INR,captured,2026-05-22T09:13:00Z,netbanking,MREF_11921
PAY_11922,ORDER_11922,5098.88,INR,captured,2026-06-22T21:46:00Z,card,MREF_11922
PAY_11923,ORDER_11923,619.27,INR,captured,2026-05-21T19:33:00Z,card,MREF_11923
PAY_11924,ORDER_11924,7358.34,INR,captured,2026-03-09T06:08:00Z,netbanking,MREF_11924
PAY_11925,ORDER_11925,6282.28,INR,captured,2026-06-20T08:49:00Z,wallet,MREF_11925
PAY_11926,ORDER_11926,6263.00,INR,captured,2026-03-14T16:24:00Z,netbanking,MREF_11926
PAY_11927,ORDER_11927,976.06,INR,captured,2026-04-30T08:39:00Z,upi,MREF_11927
PAY_11928,ORDER_11928,266.06,INR,captured,2026-04-24T18:14:00Z,upi,MREF_11928
PAY_11929,ORDER_11929,5310.50,INR,captured,2026-05-21T20:25:00Z,upi,MREF_11929
PAY_11930,ORDER_11930,6946.67,INR,captured,2026-03-23T19:19:00Z,wallet,MREF_11930
PAY_11931,ORDER_11931,9351.28,INR,captured,2026-03-05T13:28:00Z,card,MREF_11931
PAY_11932,ORDER_11932,2971.23,INR,captured,2026-05-18T12:21:00Z,netbanking,MREF_11932
PAY_11933,ORDER_11933,6807.57,INR,captured,2026-06-02T21:12:00Z,upi,MREF_11933
PAY_11934,ORDER_11934,7911.40,INR,captured,2026-06-05T12:52:00Z,wallet,MREF_11934
PAY_11935,ORDER_11935,590.47,INR,captured,2026-03-13T20:51:00Z,netbanking,MREF_11935
PAY_11936,ORDER_11936,626.73,INR,captured,2026-06-05T08:18:00Z,netbanking,MREF_11936
PAY_11937,ORDER_11937,920.76,INR,captured,2026-06-12T08:30:00Z,netbanking,MREF_11937
PAY_11938,ORDER_11938,567.49,INR,captured,2026-03-22T20:47:00Z,netbanking,MREF_11938
PAY_11939,ORDER_11939,2619.91,INR,captured,2026-05-15T08:44:00Z,netbanking,MREF_11939
PAY_11940,ORDER_11940,8164.04,INR,captured,2026-04-14T09:09:00Z,upi,MREF_11940
PAY_11941,ORDER_11941,364.13,INR,captured,2026-05-17T12:27:00Z,upi,MREF_11941
PAY_11942,ORDER_11942,5780.48,INR,captured,2026-04-29T08:29:00Z,wallet,MREF_11942
PAY_11943,ORDER_11943,2930.05,INR,captured,2026-03-24T09:23:00Z,card,MREF_11943
PAY_11944,ORDER_11944,1105.27,INR,captured,2026-03-14T18:03:00Z,card,MREF_11944
PAY_11945,ORDER_11945,2336.22,INR,captured,2026-06-21T12:29:00Z,upi,MREF_11945
PAY_11946,ORDER_11946,6718.28,INR,captured,2026-04-30T09:19:00Z,upi,MREF_11946
PAY_11947,ORDER_11947,2010.92,INR,captured,2026-04-14T16:29:00Z,netbanking,MREF_11947
PAY_11948,ORDER_11948,1364.02,INR,captured,2026-06-15T06:36:00Z,card,MREF_11948
PAY_11949,ORDER_11949,6212.55,INR,captured,2026-05-24T14:55:00Z,card,MREF_11949
PAY_11950,ORDER_11950,3186.21,INR,captured,2026-05-23T19:21:00Z,netbanking,MREF_11950
PAY_11951,ORDER_11951,6393.69,INR,captured,2026-05-12T18:34:00Z,card,MREF_11951
PAY_11952,ORDER_11952,3159.44,INR,captured,2026-05-11T07:32:00Z,wallet,MREF_11952
PAY_11953,ORDER_11953,5301.17,INR,captured,2026-06-18T13:32:00Z,card,MREF_11953
PAY_11954,ORDER_11954,2970.55,INR,captured,2026-03-11T19:43:00Z,wallet,MREF_11954
PAY_11955,ORDER_11955,4738.52,INR,captured,2026-06-09T16:07:00Z,netbanking,MREF_11955
PAY_11956,ORDER_11956,8909.88,INR,captured,2026-03-07T21:02:00Z,netbanking,MREF_11956
PAY_11957,ORDER_11957,1342.70,INR,captured,2026-06-25T17:51:00Z,card,MREF_11957
PAY_11958,ORDER_11958,3629.95,INR,captured,2026-05-25T19:52:00Z,netbanking,MREF_11958
PAY_11959,ORDER_11959,571.23,INR,captured,2026-03-13T20:21:00Z,card,MREF_11959
PAY_11960,ORDER_11960,3551.07,INR,captured,2026-04-13T16:54:00Z,wallet,MREF_11960
PAY_11961,ORDER_11961,8441.60,INR,captured,2026-03-19T21:27:00Z,netbanking,MREF_11961
PAY_11962,ORDER_11962,8025.72,INR,captured,2026-05-01T15:21:00Z,wallet,MREF_11962
PAY_11963,ORDER_11963,3578.03,INR,captured,2026-03-05T18:52:00Z,netbanking,MREF_11963
PAY_11964,ORDER_11964,5586.51,INR,captured,2026-05-15T15:17:00Z,card,MREF_11964
PAY_11965,ORDER_11965,6537.28,INR,captured,2026-03-08T07:34:00Z,netbanking,MREF_11965
PAY_11966,ORDER_11966,4104.05,INR,captured,2026-04-24T19:58:00Z,netbanking,MREF_11966
PAY_11967,ORDER_11967,4184.62,INR,captured,2026-03-23T14:22:00Z,netbanking,MREF_11967
PAY_11968,ORDER_11968,587.74,INR,captured,2026-05-14T14:47:00Z,wallet,MREF_11968
PAY_11969,ORDER_11969,2969.49,INR,captured,2026-03-04T13:15:00Z,upi,MREF_11969
PAY_11970,ORDER_11970,1087.31,INR,captured,2026-03-18T11:55:00Z,card,MREF_11970
PAY_11971,ORDER_11971,3563.43,INR,captured,2026-03-08T21:46:00Z,upi,MREF_11971
PAY_11972,ORDER_11972,4284.87,INR,captured,2026-03-01T13:48:00Z,upi,MREF_11972
PAY_11973,ORDER_11973,6679.91,INR,captured,2026-04-03T12:32:00Z,card,MREF_11973
PAY_11974,ORDER_11974,8848.25,INR,captured,2026-05-30T15:01:00Z,card,MREF_11974
PAY_11975,ORDER_11975,936.55,INR,captured,2026-03-07T11:44:00Z,card,MREF_11975
PAY_11976,ORDER_11976,3938.47,INR,captured,2026-05-25T13:17:00Z,card,MREF_11976
PAY_11977,ORDER_11977,5699.64,INR,captured,2026-04-10T14:10:00Z,wallet,MREF_11977
PAY_11978,ORDER_11978,2080.60,INR,captured,2026-04-26T12:21:00Z,card,MREF_11978
PAY_11979,ORDER_11979,4727.50,INR,captured,2026-06-12T18:49:00Z,upi,MREF_11979
PAY_11980,ORDER_11980,4099.26,INR,captured,2026-05-14T16:54:00Z,upi,MREF_11980
PAY_11981,ORDER_11981,8500.09,INR,captured,2026-06-02T12:16:00Z,netbanking,MREF_11981
PAY_11982,ORDER_11982,3563.16,INR,captured,2026-05-20T18:01:00Z,card,MREF_11982
PAY_11983,ORDER_11983,636.93,INR,captured,2026-05-02T21:11:00Z,netbanking,MREF_11983
PAY_11984,ORDER_11984,7932.82,INR,captured,2026-06-16T07:03:00Z,wallet,MREF_11984
PAY_11985,ORDER_11985,8014.40,INR,captured,2026-06-14T09:53:00Z,upi,MREF_11985
PAY_11986,ORDER_11986,2819.04,INR,captured,2026-06-17T08:54:00Z,upi,MREF_11986
PAY_11987,ORDER_11987,3418.57,INR,captured,2026-06-08T21:38:00Z,wallet,MREF_11987
PAY_11988,ORDER_11988,9367.12,INR,captured,2026-03-15T18:50:00Z,upi,MREF_11988
PAY_11989,ORDER_11989,1860.57,INR,captured,2026-06-19T06:37:00Z,netbanking,MREF_11989
PAY_11990,ORDER_11990,7464.24,INR,captured,2026-04-29T17:35:00Z,netbanking,MREF_11990
PAY_11991,ORDER_11991,3297.48,INR,captured,2026-05-04T09:28:00Z,wallet,MREF_11991
PAY_11992,ORDER_11992,450.22,INR,captured,2026-04-09T12:27:00Z,upi,MREF_11992
PAY_11993,ORDER_11993,9336.91,INR,captured,2026-06-23T17:56:00Z,netbanking,MREF_11993
PAY_11994,ORDER_11994,1737.71,INR,captured,2026-04-29T09:34:00Z,wallet,MREF_11994
PAY_11995,ORDER_11995,8029.23,INR,captured,2026-03-09T16:29:00Z,card,MREF_11995
PAY_11996,ORDER_11996,788.98,INR,captured,2026-06-28T12:48:00Z,card,MREF_11996
PAY_11997,ORDER_11997,2788.33,INR,captured,2026-03-24T17:23:00Z,wallet,MREF_11997
PAY_11998,ORDER_11998,6514.26,INR,captured,2026-03-30T10:32:00Z,netbanking,MREF_11998
PAY_11999,ORDER_11999,4145.80,INR,captured,2026-03-26T13:20:00Z,upi,MREF_11999
PAY_12000,ORDER_12000,3285.40,INR,captured,2026-05-17T11:08:00Z,netbanking,MREF_12000
PAY_12001,ORDER_12001,1629.50,INR,captured,2026-03-17T18:56:00Z,upi,MREF_12001
PAY_12002,ORDER_12002,7428.30,INR,captured,2026-05-07T15:38:00Z,wallet,MREF_12002
PAY_12003,ORDER_12003,707.15,INR,captured,2026-03-15T21:22:00Z,netbanking,MREF_12003
PAY_12004,ORDER_12004,1444.90,INR,captured,2026-04-23T13:57:00Z,card,MREF_12004
PAY_12005,ORDER_12005,898.85,INR,captured,2026-05-01T11:37:00Z,wallet,MREF_12005
PAY_12006,ORDER_12006,9117.01,INR,captured,2026-05-01T09:48:00Z,netbanking,MREF_12006
PAY_12007,ORDER_12007,1995.51,INR,captured,2026-03-01T07:20:00Z,upi,MREF_12007
PAY_12008,ORDER_12008,2397.81,INR,captured,2026-05-07T20:57:00Z,upi,MREF_12008
PAY_12009,ORDER_12009,7356.05,INR,captured,2026-06-09T20:53:00Z,wallet,MREF_12009
PAY_12010,ORDER_12010,2354.20,INR,captured,2026-05-12T15:55:00Z,wallet,MREF_12010
PAY_12011,ORDER_12011,6562.35,INR,captured,2026-05-06T12:39:00Z,netbanking,MREF_12011
PAY_12012,ORDER_12012,7555.77,INR,captured,2026-05-01T09:47:00Z,upi,MREF_12012
PAY_12013,ORDER_12013,3432.27,INR,captured,2026-03-18T17:18:00Z,netbanking,MREF_12013
PAY_12014,ORDER_12014,7919.76,INR,captured,2026-05-17T15:56:00Z,card,MREF_12014
PAY_12015,ORDER_12015,4362.61,INR,captured,2026-04-26T06:51:00Z,card,MREF_12015
PAY_12016,ORDER_12016,4676.13,INR,captured,2026-06-26T15:22:00Z,upi,MREF_12016
PAY_12017,ORDER_12017,2180.54,INR,captured,2026-05-09T16:52:00Z,wallet,MREF_12017
PAY_12018,ORDER_12018,2263.85,INR,captured,2026-05-18T13:32:00Z,wallet,MREF_12018
PAY_12019,ORDER_12019,4847.40,INR,captured,2026-03-05T17:31:00Z,netbanking,MREF_12019
PAY_12020,ORDER_12020,8264.68,INR,captured,2026-04-06T11:13:00Z,wallet,MREF_12020
PAY_12021,ORDER_12021,2841.88,INR,captured,2026-05-09T15:21:00Z,card,MREF_12021
PAY_12022,ORDER_12022,3025.66,INR,captured,2026-03-01T08:49:00Z,wallet,MREF_12022
PAY_12023,ORDER_12023,5221.99,INR,captured,2026-03-17T20:38:00Z,card,MREF_12023
PAY_12024,ORDER_12024,1324.73,INR,captured,2026-04-02T21:47:00Z,wallet,MREF_12024
PAY_12025,ORDER_12025,5636.25,INR,captured,2026-05-16T21:29:00Z,wallet,MREF_12025
PAY_12026,ORDER_12026,3882.37,INR,captured,2026-03-21T21:34:00Z,upi,MREF_12026
PAY_12027,ORDER_12027,4263.07,INR,captured,2026-05-16T18:20:00Z,netbanking,MREF_12027
PAY_12028,ORDER_12028,8236.42,INR,captured,2026-05-04T09:05:00Z,wallet,MREF_12028
PAY_12029,ORDER_12029,6989.13,INR,captured,2026-03-24T13:56:00Z,wallet,MREF_12029
PAY_12030,ORDER_12030,899.93,INR,captured,2026-06-17T14:02:00Z,card,MREF_12030
PAY_12031,ORDER_12031,1384.81,INR,captured,2026-05-16T11:09:00Z,netbanking,MREF_12031
PAY_12032,ORDER_12032,2677.46,INR,captured,2026-04-12T19:06:00Z,wallet,MREF_12032
PAY_12033,ORDER_12033,8818.38,INR,captured,2026-04-05T19:27:00Z,netbanking,MREF_12033
PAY_12034,ORDER_12034,3556.24,INR,captured,2026-06-09T14:56:00Z,card,MREF_12034
PAY_12035,ORDER_12035,707.15,INR,captured,2026-06-09T07:23:00Z,wallet,MREF_12035
PAY_12036,ORDER_12036,2419.83,INR,captured,2026-03-31T14:13:00Z,upi,MREF_12036
PAY_12037,ORDER_12037,1254.41,INR,captured,2026-05-14T13:10:00Z,wallet,MREF_12037
PAY_12038,ORDER_12038,7882.60,INR,captured,2026-03-17T11:04:00Z,upi,MREF_12038
PAY_12039,ORDER_12039,8092.98,INR,captured,2026-05-08T18:53:00Z,wallet,MREF_12039
PAY_12040,ORDER_12040,2306.50,INR,captured,2026-06-05T11:42:00Z,wallet,MREF_12040
PAY_12041,ORDER_12041,341.71,INR,captured,2026-05-24T12:56:00Z,upi,MREF_12041
PAY_12042,ORDER_12042,208.61,INR,captured,2026-03-31T21:36:00Z,upi,MREF_12042
PAY_12043,ORDER_12043,3086.69,INR,captured,2026-05-27T11:24:00Z,upi,MREF_12043
PAY_12044,ORDER_12044,8894.85,INR,captured,2026-03-11T16:33:00Z,card,MREF_12044
PAY_12045,ORDER_12045,1645.67,INR,captured,2026-04-23T18:50:00Z,wallet,MREF_12045
PAY_12046,ORDER_12046,1966.24,INR,captured,2026-03-09T08:43:00Z,netbanking,MREF_12046
PAY_12047,ORDER_12047,3179.35,INR,captured,2026-04-20T15:12:00Z,wallet,MREF_12047
PAY_12048,ORDER_12048,4903.99,INR,captured,2026-03-28T07:23:00Z,netbanking,MREF_12048
PAY_12049,ORDER_12049,438.69,INR,captured,2026-06-18T11:01:00Z,card,MREF_12049
PAY_12050,ORDER_12050,1337.81,INR,captured,2026-06-14T20:35:00Z,wallet,MREF_12050
PAY_12051,ORDER_12051,1183.90,INR,captured,2026-04-04T16:57:00Z,upi,MREF_12051
PAY_12052,ORDER_12052,1650.89,INR,captured,2026-05-16T21:43:00Z,netbanking,MREF_12052
PAY_12053,ORDER_12053,8823.70,INR,captured,2026-05-11T07:40:00Z,netbanking,MREF_12053
PAY_12054,ORDER_12054,2545.89,INR,captured,2026-06-24T10:12:00Z,netbanking,MREF_12054
PAY_12055,ORDER_12055,6554.63,INR,captured,2026-06-04T09:36:00Z,upi,MREF_12055
PAY_12056,ORDER_12056,7686.30,INR,captured,2026-04-02T21:58:00Z,wallet,MREF_12056
PAY_12057,ORDER_12057,1624.08,INR,captured,2026-05-04T13:43:00Z,netbanking,MREF_12057
PAY_12058,ORDER_12058,763.08,INR,captured,2026-05-18T13:47:00Z,wallet,MREF_12058
PAY_12059,ORDER_12059,4813.94,INR,captured,2026-05-09T18:58:00Z,wallet,MREF_12059
PAY_12060,ORDER_12060,3236.37,INR,captured,2026-03-15T21:22:00Z,wallet,MREF_12060
PAY_12061,ORDER_12061,5456.34,INR,captured,2026-04-02T11:37:00Z,netbanking,MREF_12061
PAY_12062,ORDER_12062,629.02,INR,captured,2026-06-02T15:20:00Z,wallet,MREF_12062
PAY_12063,ORDER_12063,2658.75,INR,captured,2026-04-11T13:56:00Z,upi,MREF_12063
PAY_12064,ORDER_12064,1331.89,INR,captured,2026-03-26T14:19:00Z,upi,MREF_12064
PAY_12065,ORDER_12065,8670.48,INR,captured,2026-03-07T14:23:00Z,upi,MREF_12065
PAY_12066,ORDER_12066,5651.07,INR,captured,2026-04-11T07:08:00Z,netbanking,MREF_12066
PAY_12067,ORDER_12067,4549.40,INR,captured,2026-05-18T13:19:00Z,wallet,MREF_12067
PAY_12068,ORDER_12068,687.63,INR,captured,2026-03-30T16:06:00Z,card,MREF_12068
PAY_12069,ORDER_12069,7657.27,INR,captured,2026-04-10T20:42:00Z,upi,MREF_12069
PAY_12070,ORDER_12070,6189.67,INR,captured,2026-06-14T15:49:00Z,upi,MREF_12070
PAY_12071,ORDER_12071,4879.96,INR,captured,2026-03-04T08:45:00Z,card,MREF_12071
PAY_12072,ORDER_12072,5756.39,INR,captured,2026-06-17T07:47:00Z,upi,MREF_12072
PAY_12073,ORDER_12073,8578.68,INR,captured,2026-03-06T08:52:00Z,netbanking,MREF_12073
PAY_12074,ORDER_12074,6812.93,INR,captured,2026-05-23T20:39:00Z,wallet,MREF_12074
PAY_12075,ORDER_12075,6515.98,INR,captured,2026-05-04T18:39:00Z,wallet,MREF_12075
PAY_12076,ORDER_12076,3510.65,INR,captured,2026-05-03T13:00:00Z,netbanking,MREF_12076
PAY_12077,ORDER_12077,6761.57,INR,captured,2026-06-08T06:11:00Z,card,MREF_12077
PAY_12078,ORDER_12078,3030.10,INR,captured,2026-04-17T21:40:00Z,card,MREF_12078
PAY_12079,ORDER_12079,8222.75,INR,captured,2026-05-23T14:10:00Z,netbanking,MREF_12079
PAY_12080,ORDER_12080,9137.24,INR,captured,2026-05-23T13:02:00Z,upi,MREF_12080
PAY_12081,ORDER_12081,1350.87,INR,captured,2026-06-11T19:48:00Z,card,MREF_12081
PAY_12082,ORDER_12082,4367.29,INR,captured,2026-04-16T08:29:00Z,wallet,MREF_12082
PAY_12083,ORDER_12083,2901.05,INR,captured,2026-05-10T20:21:00Z,wallet,MREF_12083
PAY_12084,ORDER_12084,872.33,INR,captured,2026-03-04T13:15:00Z,upi,MREF_12084
PAY_12085,ORDER_12085,463.23,INR,captured,2026-04-01T19:09:00Z,card,MREF_12085
PAY_12086,ORDER_12086,2997.29,INR,captured,2026-05-23T21:53:00Z,wallet,MREF_12086
PAY_12087,ORDER_12087,579.72,INR,captured,2026-04-21T21:17:00Z,card,MREF_12087
PAY_12088,ORDER_12088,330.33,INR,captured,2026-05-27T16:25:00Z,netbanking,MREF_12088
PAY_12089,ORDER_12089,2064.60,INR,captured,2026-03-21T21:03:00Z,card,MREF_12089
PAY_12090,ORDER_12090,2067.65,INR,captured,2026-05-01T14:25:00Z,wallet,MREF_12090
PAY_12091,ORDER_12091,6765.34,INR,captured,2026-04-21T08:41:00Z,card,MREF_12091
PAY_12092,ORDER_12092,411.00,INR,captured,2026-03-28T10:39:00Z,netbanking,MREF_12092
PAY_12093,ORDER_12093,5939.32,INR,captured,2026-06-05T07:59:00Z,upi,MREF_12093
PAY_12094,ORDER_12094,1709.78,INR,captured,2026-03-19T07:59:00Z,card,MREF_12094
PAY_12095,ORDER_12095,6925.60,INR,captured,2026-06-04T13:40:00Z,netbanking,MREF_12095
PAY_12096,ORDER_12096,7158.89,INR,captured,2026-06-09T14:24:00Z,upi,MREF_12096
PAY_12097,ORDER_12097,3267.96,INR,captured,2026-03-24T15:50:00Z,wallet,MREF_12097
PAY_12098,ORDER_12098,657.56,INR,captured,2026-06-08T12:24:00Z,card,MREF_12098
PAY_12099,ORDER_12099,7029.74,INR,captured,2026-06-03T07:42:00Z,netbanking,MREF_12099
PAY_12100,ORDER_12100,7456.09,INR,captured,2026-06-01T13:24:00Z,wallet,MREF_12100
PAY_12101,ORDER_12101,7210.68,INR,captured,2026-04-11T21:30:00Z,upi,MREF_12101
PAY_12102,ORDER_12102,1483.93,INR,captured,2026-05-24T12:29:00Z,upi,MREF_12102
PAY_12103,ORDER_12103,8312.48,INR,captured,2026-05-19T08:34:00Z,netbanking,MREF_12103
PAY_12104,ORDER_12104,1548.89,INR,captured,2026-03-01T17:56:00Z,card,MREF_12104
PAY_12105,ORDER_12105,3810.74,INR,captured,2026-04-03T16:50:00Z,netbanking,MREF_12105
PAY_12106,ORDER_12106,948.21,INR,captured,2026-03-13T19:05:00Z,netbanking,MREF_12106
PAY_12107,ORDER_12107,6894.00,INR,captured,2026-06-28T12:48:00Z,card,MREF_12107
PAY_12108,ORDER_12108,7743.53,INR,captured,2026-05-31T11:19:00Z,card,MREF_12108
PAY_12109,ORDER_12109,6476.44,INR,captured,2026-05-14T13:37:00Z,netbanking,MREF_12109
PAY_12110,ORDER_12110,807.92,INR,captured,2026-05-02T17:59:00Z,upi,MREF_12110
PAY_12111,ORDER_12111,4492.39,INR,captured,2026-03-14T20:49:00Z,upi,MREF_12111
PAY_12112,ORDER_12112,6147.17,INR,captured,2026-03-18T14:55:00Z,wallet,MREF_12112
PAY_12113,ORDER_12113,6639.40,INR,captured,2026-03-01T20:03:00Z,upi,MREF_12113
PAY_12114,ORDER_12114,5543.92,INR,captured,2026-05-17T20:31:00Z,card,MREF_12114
PAY_12115,ORDER_12115,1127.60,INR,captured,2026-04-26T16:12:00Z,wallet,MREF_12115
PAY_12116,ORDER_12116,6643.12,INR,captured,2026-04-13T14:51:00Z,upi,MREF_12116
PAY_12117,ORDER_12117,2378.78,INR,captured,2026-04-10T06:58:00Z,card,MREF_12117
PAY_12118,ORDER_12118,8508.95,INR,captured,2026-03-05T10:58:00Z,netbanking,MREF_12118
PAY_12119,ORDER_12119,6838.61,INR,captured,2026-03-03T21:29:00Z,upi,MREF_12119
PAY_12120,ORDER_12120,187.85,INR,captured,2026-04-17T14:35:00Z,upi,MREF_12120
PAY_12121,ORDER_12121,3730.48,INR,captured,2026-05-12T08:14:00Z,card,MREF_12121
PAY_12122,ORDER_12122,3670.50,INR,captured,2026-03-27T08:24:00Z,upi,MREF_12122
PAY_12123,ORDER_12123,8113.01,INR,captured,2026-06-23T16:22:00Z,card,MREF_12123
PAY_12124,ORDER_12124,7049.20,INR,captured,2026-06-22T19:09:00Z,netbanking,MREF_12124
PAY_12125,ORDER_12125,6888.48,INR,captured,2026-04-01T10:50:00Z,card,MREF_12125
PAY_12126,ORDER_12126,3475.10,INR,captured,2026-05-13T19:59:00Z,upi,MREF_12126
PAY_12127,ORDER_12127,6374.15,INR,captured,2026-06-27T19:34:00Z,upi,MREF_12127
PAY_12128,ORDER_12128,6614.66,INR,captured,2026-06-17T11:18:00Z,netbanking,MREF_12128
PAY_12129,ORDER_12129,3850.83,INR,captured,2026-04-02T20:40:00Z,card,MREF_12129
PAY_12130,ORDER_12130,2742.99,INR,captured,2026-05-21T06:55:00Z,card,MREF_12130
PAY_12131,ORDER_12131,9489.33,INR,captured,2026-03-27T16:09:00Z,upi,MREF_12131
PAY_12132,ORDER_12132,5307.31,INR,captured,2026-05-16T08:39:00Z,wallet,MREF_12132
PAY_12133,ORDER_12133,6174.72,INR,captured,2026-05-11T12:56:00Z,wallet,MREF_12133
PAY_12134,ORDER_12134,6452.36,INR,captured,2026-04-24T10:26:00Z,wallet,MREF_12134
PAY_12135,ORDER_12135,5393.95,INR,captured,2026-06-03T06:19:00Z,card,MREF_12135
PAY_12136,ORDER_12136,3139.46,INR,captured,2026-06-10T20:38:00Z,wallet,MREF_12136
PAY_12137,ORDER_12137,4997.08,INR,captured,2026-06-16T21:59:00Z,wallet,MREF_12137
PAY_12138,ORDER_12138,2481.06,INR,captured,2026-06-09T06:40:00Z,upi,MREF_12138
PAY_12139,ORDER_12139,6194.66,INR,captured,2026-04-01T07:02:00Z,wallet,MREF_12139
PAY_12140,ORDER_12140,6135.62,INR,captured,2026-04-29T17:47:00Z,upi,MREF_12140
PAY_12141,ORDER_12141,1120.89,INR,captured,2026-06-28T16:27:00Z,card,MREF_12141
PAY_12142,ORDER_12142,6542.15,INR,captured,2026-03-16T15:58:00Z,wallet,MREF_12142
PAY_12143,ORDER_12143,6543.63,INR,captured,2026-03-18T12:25:00Z,upi,MREF_12143
PAY_12144,ORDER_12144,2247.70,INR,captured,2026-06-27T20:12:00Z,wallet,MREF_12144
PAY_12145,ORDER_12145,9041.04,INR,captured,2026-04-04T11:21:00Z,netbanking,MREF_12145
PAY_12146,ORDER_12146,7200.15,INR,captured,2026-04-25T07:30:00Z,upi,MREF_12146
PAY_12147,ORDER_12147,1462.20,INR,captured,2026-03-11T13:15:00Z,card,MREF_12147
PAY_12148,ORDER_12148,4440.41,INR,captured,2026-04-17T17:15:00Z,wallet,MREF_12148
PAY_12149,ORDER_12149,4253.86,INR,captured,2026-04-03T15:10:00Z,card,MREF_12149
PAY_12150,ORDER_12150,4234.36,INR,captured,2026-04-05T08:51:00Z,netbanking,MREF_12150
PAY_12151,ORDER_12151,7149.32,INR,captured,2026-05-10T21:54:00Z,netbanking,MREF_12151
PAY_12152,ORDER_12152,4366.60,INR,captured,2026-06-22T06:19:00Z,upi,MREF_12152
PAY_12153,ORDER_12153,6950.71,INR,captured,2026-06-24T14:29:00Z,netbanking,MREF_12153
PAY_12154,ORDER_12154,5783.42,INR,captured,2026-04-07T19:41:00Z,netbanking,MREF_12154
PAY_12155,ORDER_12155,6515.98,INR,captured,2026-03-28T19:21:00Z,netbanking,MREF_12155
PAY_12156,ORDER_12156,3883.91,INR,captured,2026-04-25T18:06:00Z,wallet,MREF_12156
PAY_12157,ORDER_12157,5910.36,INR,captured,2026-06-22T10:58:00Z,upi,MREF_12157
PAY_12158,ORDER_12158,3403.15,INR,captured,2026-06-21T18:16:00Z,netbanking,MREF_12158
PAY_12159,ORDER_12159,6181.32,INR,captured,2026-06-18T12:12:00Z,card,MREF_12159
PAY_12160,ORDER_12160,2612.39,INR,captured,2026-03-14T09:10:00Z,wallet,MREF_12160
PAY_12161,ORDER_12161,5680.80,INR,captured,2026-05-16T07:34:00Z,netbanking,MREF_12161
PAY_12162,ORDER_12162,1113.71,INR,captured,2026-05-23T09:15:00Z,netbanking,MREF_12162
PAY_12163,ORDER_12163,587.29,INR,captured,2026-03-16T14:35:00Z,upi,MREF_12163
PAY_12164,ORDER_12164,8092.95,INR,captured,2026-03-31T09:49:00Z,netbanking,MREF_12164
PAY_12165,ORDER_12165,8282.36,INR,captured,2026-03-25T10:42:00Z,netbanking,MREF_12165
PAY_12166,ORDER_12166,671.26,INR,captured,2026-04-17T21:20:00Z,card,MREF_12166
PAY_12167,ORDER_12167,3955.14,INR,captured,2026-04-29T07:43:00Z,upi,MREF_12167
PAY_12168,ORDER_12168,1261.32,INR,captured,2026-06-03T15:21:00Z,wallet,MREF_12168
PAY_12169,ORDER_12169,3577.79,INR,captured,2026-06-09T18:46:00Z,wallet,MREF_12169
PAY_12170,ORDER_12170,218.29,INR,captured,2026-03-25T14:47:00Z,card,MREF_12170
PAY_12171,ORDER_12171,5727.75,INR,captured,2026-05-20T19:51:00Z,wallet,MREF_12171
PAY_12172,ORDER_12172,1759.27,INR,captured,2026-04-27T19:11:00Z,upi,MREF_12172
PAY_12173,ORDER_12173,8898.38,INR,captured,2026-04-03T14:42:00Z,wallet,MREF_12173
PAY_12174,ORDER_12174,2916.24,INR,captured,2026-03-20T13:42:00Z,upi,MREF_12174
PAY_12175,ORDER_12175,7450.27,INR,captured,2026-06-07T13:40:00Z,netbanking,MREF_12175
PAY_12176,ORDER_12176,2019.31,INR,captured,2026-05-18T13:12:00Z,upi,MREF_12176
PAY_12177,ORDER_12177,5060.39,INR,captured,2026-06-18T21:47:00Z,netbanking,MREF_12177
PAY_12178,ORDER_12178,7898.69,INR,captured,2026-05-06T15:56:00Z,wallet,MREF_12178
PAY_12179,ORDER_12179,1743.05,INR,captured,2026-05-02T15:39:00Z,upi,MREF_12179
PAY_12180,ORDER_12180,1233.54,INR,captured,2026-04-29T19:38:00Z,netbanking,MREF_12180
PAY_12181,ORDER_12181,8153.56,INR,captured,2026-05-15T10:15:00Z,card,MREF_12181
PAY_12182,ORDER_12182,9298.79,INR,captured,2026-03-01T10:23:00Z,netbanking,MREF_12182
PAY_12183,ORDER_12183,7373.48,INR,captured,2026-04-24T06:09:00Z,wallet,MREF_12183
PAY_12184,ORDER_12184,5331.29,INR,captured,2026-03-15T17:56:00Z,wallet,MREF_12184
PAY_12185,ORDER_12185,4615.63,INR,captured,2026-03-24T13:25:00Z,upi,MREF_12185
PAY_12186,ORDER_12186,1100.96,INR,captured,2026-03-07T11:27:00Z,wallet,MREF_12186
PAY_12187,ORDER_12187,4665.39,INR,captured,2026-04-16T20:50:00Z,upi,MREF_12187
PAY_12188,ORDER_12188,3069.23,INR,captured,2026-04-26T20:05:00Z,wallet,MREF_12188
PAY_12189,ORDER_12189,4116.60,INR,captured,2026-04-09T09:24:00Z,wallet,MREF_12189
PAY_12190,ORDER_12190,1620.52,INR,captured,2026-05-18T21:42:00Z,card,MREF_12190
PAY_12191,ORDER_12191,5042.42,INR,captured,2026-06-21T17:02:00Z,netbanking,MREF_12191
PAY_12192,ORDER_12192,1863.55,INR,captured,2026-06-25T15:38:00Z,wallet,MREF_12192
PAY_12193,ORDER_12193,2286.10,INR,captured,2026-05-07T20:57:00Z,upi,MREF_12193
PAY_12194,ORDER_12194,5468.82,INR,captured,2026-06-01T09:37:00Z,upi,MREF_12194
PAY_12195,ORDER_12195,3462.35,INR,captured,2026-06-28T07:51:00Z,upi,MREF_12195
PAY_12196,ORDER_12196,1308.22,INR,captured,2026-03-23T18:11:00Z,upi,MREF_12196
PAY_12197,ORDER_12197,5358.44,INR,captured,2026-04-15T15:49:00Z,wallet,MREF_12197
PAY_12198,ORDER_12198,7710.31,INR,captured,2026-03-18T06:28:00Z,netbanking,MREF_12198
PAY_12199,ORDER_12199,1167.41,INR,captured,2026-04-12T16:51:00Z,card,MREF_12199
PAY_12200,ORDER_12200,5547.96,INR,captured,2026-06-24T18:33:00Z,wallet,MREF_12200
PAY_12201,ORDER_12201,8556.36,INR,captured,2026-05-20T14:54:00Z,card,MREF_12201
PAY_12202,ORDER_12202,9153.22,INR,captured,2026-05-28T09:17:00Z,wallet,MREF_12202
PAY_12203,ORDER_12203,8610.88,INR,captured,2026-04-06T09:59:00Z,upi,MREF_12203
PAY_12204,ORDER_12204,5137.46,INR,captured,2026-04-15T14:23:00Z,netbanking,MREF_12204
PAY_12205,ORDER_12205,2749.81,INR,captured,2026-06-08T11:47:00Z,upi,MREF_12205
PAY_12206,ORDER_12206,8644.42,INR,captured,2026-03-04T10:55:00Z,netbanking,MREF_12206
PAY_12207,ORDER_12207,8080.00,INR,captured,2026-03-28T17:14:00Z,upi,MREF_12207
PAY_12208,ORDER_12208,3133.77,INR,captured,2026-05-04T10:27:00Z,netbanking,MREF_12208
PAY_12209,ORDER_12209,7395.88,INR,captured,2026-04-05T10:59:00Z,wallet,MREF_12209
PAY_12210,ORDER_12210,6856.57,INR,captured,2026-04-20T11:40:00Z,card,MREF_12210
PAY_12211,ORDER_12211,2081.58,INR,captured,2026-05-16T13:10:00Z,netbanking,MREF_12211
PAY_12212,ORDER_12212,3582.25,INR,captured,2026-04-28T17:30:00Z,upi,MREF_12212
PAY_12213,ORDER_12213,5986.94,INR,captured,2026-06-27T18:18:00Z,card,MREF_12213
PAY_12214,ORDER_12214,5007.34,INR,captured,2026-06-16T10:58:00Z,wallet,MREF_12214
PAY_12215,ORDER_12215,761.21,INR,captured,2026-06-04T10:22:00Z,upi,MREF_12215
PAY_12216,ORDER_12216,7275.62,INR,captured,2026-03-15T14:32:00Z,card,MREF_12216
PAY_12217,ORDER_12217,6088.47,INR,captured,2026-06-21T15:55:00Z,card,MREF_12217
PAY_12218,ORDER_12218,3543.10,INR,captured,2026-06-14T14:35:00Z,upi,MREF_12218
PAY_12219,ORDER_12219,4058.91,INR,captured,2026-05-01T06:00:00Z,upi,MREF_12219
PAY_12220,ORDER_12220,1797.39,INR,captured,2026-03-07T09:47:00Z,upi,MREF_12220
PAY_12221,ORDER_12221,7625.67,INR,captured,2026-06-27T07:32:00Z,wallet,MREF_12221
PAY_12222,ORDER_12222,1111.31,INR,captured,2026-04-05T13:18:00Z,upi,MREF_12222
PAY_12223,ORDER_12223,2577.98,INR,captured,2026-05-13T06:10:00Z,upi,MREF_12223
PAY_12224,ORDER_12224,2030.68,INR,captured,2026-04-30T06:10:00Z,upi,MREF_12224
PAY_12225,ORDER_12225,8644.89,INR,captured,2026-04-15T09:32:00Z,card,MREF_12225
PAY_12226,ORDER_12226,8704.97,INR,captured,2026-06-11T06:24:00Z,upi,MREF_12226
PAY_12227,ORDER_12227,2120.94,INR,captured,2026-05-26T19:24:00Z,wallet,MREF_12227
PAY_12228,ORDER_12228,2088.62,INR,captured,2026-05-06T11:15:00Z,upi,MREF_12228
PAY_12229,ORDER_12229,1394.68,INR,captured,2026-05-13T10:57:00Z,upi,MREF_12229
PAY_12230,ORDER_12230,9270.88,INR,captured,2026-05-18T20:53:00Z,netbanking,MREF_12230
PAY_12231,ORDER_12231,8147.25,INR,captured,2026-04-12T11:21:00Z,wallet,MREF_12231
PAY_12232,ORDER_12232,8986.23,INR,captured,2026-03-01T14:04:00Z,card,MREF_12232
PAY_12233,ORDER_12233,7615.20,INR,captured,2026-04-10T07:01:00Z,card,MREF_12233
PAY_12234,ORDER_12234,4159.87,INR,captured,2026-06-05T20:08:00Z,netbanking,MREF_12234
PAY_12235,ORDER_12235,7159.47,INR,captured,2026-05-06T13:54:00Z,upi,MREF_12235
PAY_12236,ORDER_12236,8280.09,INR,captured,2026-03-06T12:47:00Z,netbanking,MREF_12236
PAY_12237,ORDER_12237,2544.71,INR,captured,2026-04-05T07:04:00Z,wallet,MREF_12237
PAY_12238,ORDER_12238,174.60,INR,captured,2026-04-30T06:15:00Z,netbanking,MREF_12238
PAY_12239,ORDER_12239,5959.01,INR,captured,2026-05-03T15:35:00Z,netbanking,MREF_12239
PAY_12240,ORDER_12240,3635.42,INR,captured,2026-04-15T17:06:00Z,netbanking,MREF_12240
PAY_12241,ORDER_12241,2400.48,INR,captured,2026-06-14T19:00:00Z,wallet,MREF_12241
PAY_12242,ORDER_12242,1366.80,INR,captured,2026-06-14T09:48:00Z,upi,MREF_12242
PAY_12243,ORDER_12243,884.68,INR,captured,2026-05-06T19:02:00Z,netbanking,MREF_12243
PAY_12244,ORDER_12244,2705.18,INR,captured,2026-04-30T19:19:00Z,wallet,MREF_12244
PAY_12245,ORDER_12245,2829.83,INR,captured,2026-04-03T07:55:00Z,netbanking,MREF_12245
PAY_12246,ORDER_12246,7167.68,INR,captured,2026-06-01T07:01:00Z,netbanking,MREF_12246
PAY_12247,ORDER_12247,3349.67,INR,captured,2026-05-08T16:13:00Z,card,MREF_12247
PAY_12248,ORDER_12248,4403.40,INR,captured,2026-03-13T11:10:00Z,card,MREF_12248
PAY_12249,ORDER_12249,775.45,INR,captured,2026-04-27T10:30:00Z,card,MREF_12249
PAY_12250,ORDER_12250,2626.12,INR,captured,2026-03-01T08:25:00Z,wallet,MREF_12250
PAY_12251,ORDER_12251,6613.42,INR,captured,2026-06-27T13:03:00Z,netbanking,MREF_12251
PAY_12252,ORDER_12252,7567.92,INR,captured,2026-05-03T17:06:00Z,card,MREF_12252
PAY_12253,ORDER_12253,8059.73,INR,captured,2026-04-17T14:40:00Z,netbanking,MREF_12253
PAY_12254,ORDER_12254,9295.56,INR,captured,2026-05-30T20:19:00Z,wallet,MREF_12254
PAY_12255,ORDER_12255,3438.77,INR,captured,2026-06-21T13:56:00Z,upi,MREF_12255
PAY_12256,ORDER_12256,6479.70,INR,captured,2026-04-20T07:24:00Z,card,MREF_12256
PAY_12257,ORDER_12257,2201.37,INR,captured,2026-05-02T10:29:00Z,card,MREF_12257
PAY_12258,ORDER_12258,8676.95,INR,captured,2026-05-01T08:04:00Z,netbanking,MREF_12258
PAY_12259,ORDER_12259,8678.22,INR,captured,2026-05-21T19:05:00Z,wallet,MREF_12259
PAY_12260,ORDER_12260,3429.40,INR,captured,2026-06-28T18:13:00Z,netbanking,MREF_12260
PAY_12261,ORDER_12261,3185.08,INR,captured,2026-04-26T11:09:00Z,netbanking,MREF_12261
PAY_12262,ORDER_12262,3852.77,INR,captured,2026-04-05T21:27:00Z,card,MREF_12262
PAY_12263,ORDER_12263,5702.32,INR,captured,2026-05-02T18:53:00Z,netbanking,MREF_12263
PAY_12264,ORDER_12264,3271.78,INR,captured,2026-05-05T20:17:00Z,card,MREF_12264
PAY_12265,ORDER_12265,6998.18,INR,captured,2026-05-22T18:23:00Z,upi,MREF_12265
PAY_12266,ORDER_12266,7011.61,INR,captured,2026-06-11T15:12:00Z,card,MREF_12266
PAY_12267,ORDER_12267,7640.63,INR,captured,2026-05-29T16:59:00Z,wallet,MREF_12267
PAY_12268,ORDER_12268,8498.99,INR,captured,2026-04-08T07:56:00Z,upi,MREF_12268
PAY_12269,ORDER_12269,2072.86,INR,captured,2026-05-17T06:39:00Z,upi,MREF_12269
PAY_12270,ORDER_12270,2235.88,INR,captured,2026-06-22T21:00:00Z,upi,MREF_12270
PAY_12271,ORDER_12271,5016.26,INR,captured,2026-06-27T21:18:00Z,wallet,MREF_12271
PAY_12272,ORDER_12272,3423.77,INR,captured,2026-04-09T18:52:00Z,netbanking,MREF_12272
PAY_12273,ORDER_12273,8393.35,INR,captured,2026-06-27T09:46:00Z,wallet,MREF_12273
PAY_12274,ORDER_12274,3021.36,INR,captured,2026-06-27T18:29:00Z,netbanking,MREF_12274
PAY_12275,ORDER_12275,6333.49,INR,captured,2026-06-11T08:58:00Z,upi,MREF_12275
PAY_12276,ORDER_12276,8876.01,INR,captured,2026-05-28T12:36:00Z,wallet,MREF_12276
PAY_12277,ORDER_12277,3128.57,INR,captured,2026-04-20T18:05:00Z,upi,MREF_12277
PAY_12278,ORDER_12278,1662.99,INR,captured,2026-05-03T17:54:00Z,upi,MREF_12278
PAY_12279,ORDER_12279,8152.43,INR,captured,2026-05-15T13:05:00Z,upi,MREF_12279
PAY_12280,ORDER_12280,6154.85,INR,captured,2026-06-08T10:19:00Z,netbanking,MREF_12280
PAY_12281,ORDER_12281,6236.49,INR,captured,2026-05-24T19:53:00Z,card,MREF_12281
PAY_12282,ORDER_12282,1660.29,INR,captured,2026-04-26T06:31:00Z,netbanking,MREF_12282
PAY_12283,ORDER_12283,7228.63,INR,captured,2026-04-15T19:10:00Z,upi,MREF_12283
PAY_12284,ORDER_12284,3216.46,INR,captured,2026-03-30T18:27:00Z,card,MREF_12284
PAY_12285,ORDER_12285,7348.24,INR,captured,2026-06-06T16:34:00Z,wallet,MREF_12285
PAY_12286,ORDER_12286,4308.33,INR,captured,2026-06-16T20:34:00Z,upi,MREF_12286
PAY_12287,ORDER_12287,9387.25,INR,captured,2026-06-05T14:34:00Z,wallet,MREF_12287
PAY_12288,ORDER_12288,536.14,INR,captured,2026-06-28T20:01:00Z,card,MREF_12288
PAY_12289,ORDER_12289,1549.62,INR,captured,2026-06-25T06:03:00Z,netbanking,MREF_12289
PAY_12290,ORDER_12290,3231.24,INR,captured,2026-06-17T18:39:00Z,card,MREF_12290
PAY_12291,ORDER_12291,845.42,INR,captured,2026-03-02T08:11:00Z,card,MREF_12291
PAY_12292,ORDER_12292,8313.43,INR,captured,2026-04-12T08:56:00Z,card,MREF_12292
PAY_12293,ORDER_12293,8933.60,INR,captured,2026-06-25T11:19:00Z,wallet,MREF_12293
PAY_12294,ORDER_12294,2050.34,INR,captured,2026-05-19T12:16:00Z,card,MREF_12294
PAY_12295,ORDER_12295,8995.41,INR,captured,2026-06-23T09:09:00Z,netbanking,MREF_12295
PAY_12296,ORDER_12296,8426.69,INR,captured,2026-03-06T15:11:00Z,upi,MREF_12296
PAY_12297,ORDER_12297,400.58,INR,captured,2026-05-26T07:24:00Z,upi,MREF_12297
PAY_12298,ORDER_12298,6997.62,INR,captured,2026-06-24T18:22:00Z,wallet,MREF_12298
PAY_12299,ORDER_12299,3041.64,INR,captured,2026-03-17T08:04:00Z,wallet,MREF_12299
PAY_12300,ORDER_12300,4234.64,INR,captured,2026-06-19T19:48:00Z,card,MREF_12300
PAY_12301,ORDER_12301,1184.94,INR,captured,2026-05-19T14:30:00Z,wallet,MREF_12301
PAY_12302,ORDER_12302,8214.21,INR,captured,2026-06-08T11:44:00Z,card,MREF_12302
PAY_12303,ORDER_12303,4791.31,INR,captured,2026-04-19T19:34:00Z,upi,MREF_12303
PAY_12304,ORDER_12304,4818.56,INR,captured,2026-06-24T11:51:00Z,upi,MREF_12304
PAY_12305,ORDER_12305,8049.46,INR,captured,2026-05-01T09:53:00Z,card,MREF_12305
PAY_12306,ORDER_12306,3193.22,INR,captured,2026-03-15T17:59:00Z,upi,MREF_12306
PAY_12307,ORDER_12307,8414.02,INR,captured,2026-06-21T13:59:00Z,upi,MREF_12307
PAY_12308,ORDER_12308,3689.33,INR,captured,2026-04-12T14:17:00Z,upi,MREF_12308
PAY_12309,ORDER_12309,3322.59,INR,captured,2026-04-27T15:40:00Z,wallet,MREF_12309
PAY_12310,ORDER_12310,9034.82,INR,captured,2026-03-24T16:57:00Z,wallet,MREF_12310
PAY_12311,ORDER_12311,9159.25,INR,captured,2026-06-13T15:43:00Z,card,MREF_12311
PAY_12312,ORDER_12312,3037.05,INR,captured,2026-04-29T14:47:00Z,card,MREF_12312
PAY_12313,ORDER_12313,6454.12,INR,captured,2026-05-08T15:31:00Z,wallet,MREF_12313
PAY_12314,ORDER_12314,9211.63,INR,captured,2026-03-26T21:54:00Z,card,MREF_12314
PAY_12315,ORDER_12315,7269.85,INR,captured,2026-06-16T09:53:00Z,netbanking,MREF_12315
PAY_12316,ORDER_12316,1258.75,INR,captured,2026-04-04T09:48:00Z,card,MREF_12316
PAY_12317,ORDER_12317,3340.20,INR,captured,2026-06-05T14:13:00Z,card,MREF_12317
PAY_12318,ORDER_12318,4761.98,INR,captured,2026-06-12T20:08:00Z,upi,MREF_12318
PAY_12319,ORDER_12319,7012.10,INR,captured,2026-05-11T11:11:00Z,netbanking,MREF_12319
PAY_12320,ORDER_12320,2781.97,INR,captured,2026-03-06T14:30:00Z,wallet,MREF_12320
PAY_12321,ORDER_12321,3092.42,INR,captured,2026-05-28T20:45:00Z,netbanking,MREF_12321
PAY_12322,ORDER_12322,1565.30,INR,captured,2026-05-10T15:41:00Z,netbanking,MREF_12322
PAY_12323,ORDER_12323,3470.41,INR,captured,2026-05-15T08:48:00Z,upi,MREF_12323
PAY_12324,ORDER_12324,7758.67,INR,captured,2026-03-11T16:04:00Z,netbanking,MREF_12324
PAY_12325,ORDER_12325,9211.54,INR,captured,2026-05-17T16:29:00Z,upi,MREF_12325
PAY_12326,ORDER_12326,8903.49,INR,captured,2026-05-11T13:58:00Z,wallet,MREF_12326
PAY_12327,ORDER_12327,1274.64,INR,captured,2026-05-24T17:10:00Z,netbanking,MREF_12327
PAY_12328,ORDER_12328,2702.67,INR,captured,2026-04-29T20:38:00Z,wallet,MREF_12328
PAY_12329,ORDER_12329,577.66,INR,captured,2026-03-23T15:17:00Z,upi,MREF_12329
PAY_12330,ORDER_12330,4659.28,INR,captured,2026-03-06T13:25:00Z,card,MREF_12330
PAY_12331,ORDER_12331,4945.47,INR,captured,2026-04-08T18:42:00Z,upi,MREF_12331
PAY_12332,ORDER_12332,4846.36,INR,captured,2026-04-03T16:59:00Z,netbanking,MREF_12332
PAY_12333,ORDER_12333,7845.82,INR,captured,2026-04-04T09:43:00Z,netbanking,MREF_12333
PAY_12334,ORDER_12334,4830.79,INR,captured,2026-05-27T06:40:00Z,card,MREF_12334
PAY_12335,ORDER_12335,8146.96,INR,captured,2026-04-22T16:44:00Z,upi,MREF_12335
PAY_12336,ORDER_12336,2107.69,INR,captured,2026-06-09T21:54:00Z,upi,MREF_12336
PAY_12337,ORDER_12337,3630.24,INR,captured,2026-06-06T15:31:00Z,upi,MREF_12337
PAY_12338,ORDER_12338,7364.72,INR,captured,2026-03-26T15:23:00Z,card,MREF_12338
PAY_12339,ORDER_12339,7190.91,INR,captured,2026-04-18T16:05:00Z,upi,MREF_12339
PAY_12340,ORDER_12340,1138.72,INR,captured,2026-03-11T20:27:00Z,netbanking,MREF_12340
PAY_12341,ORDER_12341,8282.39,INR,captured,2026-03-03T16:04:00Z,wallet,MREF_12341
PAY_12342,ORDER_12342,1588.05,INR,captured,2026-06-08T12:33:00Z,wallet,MREF_12342
PAY_12343,ORDER_12343,6851.57,INR,captured,2026-03-05T19:39:00Z,card,MREF_12343
PAY_12344,ORDER_12344,7145.81,INR,captured,2026-03-07T07:00:00Z,wallet,MREF_12344
PAY_12345,ORDER_12345,9211.99,INR,captured,2026-03-10T08:01:00Z,netbanking,MREF_12345
PAY_12346,ORDER_12346,7628.19,INR,captured,2026-03-18T19:39:00Z,card,MREF_12346
PAY_12347,ORDER_12347,3705.23,INR,captured,2026-03-10T12:10:00Z,card,MREF_12347
PAY_12348,ORDER_12348,5554.80,INR,captured,2026-03-05T13:37:00Z,netbanking,MREF_12348
PAY_12349,ORDER_12349,569.92,INR,captured,2026-04-27T08:59:00Z,netbanking,MREF_12349
PAY_12350,ORDER_12350,1224.27,INR,captured,2026-03-03T16:15:00Z,upi,MREF_12350
PAY_12351,ORDER_12351,4355.93,INR,captured,2026-03-03T20:10:00Z,card,MREF_12351
PAY_12352,ORDER_12352,8920.76,INR,captured,2026-04-01T06:07:00Z,netbanking,MREF_12352
PAY_12353,ORDER_12353,684.35,INR,captured,2026-06-08T18:57:00Z,upi,MREF_12353
PAY_12354,ORDER_12354,560.77,INR,captured,2026-06-13T11:07:00Z,wallet,MREF_12354
PAY_12355,ORDER_12355,3021.72,INR,captured,2026-04-25T19:33:00Z,netbanking,MREF_12355
PAY_12356,ORDER_12356,2061.13,INR,captured,2026-03-19T09:01:00Z,upi,MREF_12356
PAY_12357,ORDER_12357,3794.25,INR,captured,2026-05-30T18:37:00Z,netbanking,MREF_12357
PAY_12358,ORDER_12358,2438.36,INR,captured,2026-06-09T12:36:00Z,netbanking,MREF_12358
PAY_12359,ORDER_12359,5447.75,INR,captured,2026-03-25T14:47:00Z,card,MREF_12359
PAY_12360,ORDER_12360,7423.83,INR,captured,2026-03-27T09:52:00Z,card,MREF_12360
PAY_12361,ORDER_12361,655.32,INR,captured,2026-06-25T13:21:00Z,upi,MREF_12361
PAY_12362,ORDER_12362,7338.67,INR,captured,2026-03-20T10:54:00Z,card,MREF_12362
PAY_12363,ORDER_12363,7771.33,INR,captured,2026-03-21T19:14:00Z,card,MREF_12363
PAY_12364,ORDER_12364,940.64,INR,captured,2026-03-07T14:10:00Z,wallet,MREF_12364
PAY_12365,ORDER_12365,5375.86,INR,captured,2026-05-15T17:10:00Z,upi,MREF_12365
PAY_12366,ORDER_12366,7301.63,INR,captured,2026-06-28T13:05:00Z,netbanking,MREF_12366
PAY_12367,ORDER_12367,7455.04,INR,captured,2026-05-03T13:00:00Z,upi,MREF_12367
PAY_12368,ORDER_12368,7328.94,INR,captured,2026-05-31T07:24:00Z,card,MREF_12368
PAY_12369,ORDER_12369,5090.50,INR,captured,2026-03-19T20:15:00Z,netbanking,MREF_12369
PAY_12370,ORDER_12370,7275.05,INR,captured,2026-03-05T06:12:00Z,wallet,MREF_12370
PAY_12371,ORDER_12371,2982.15,INR,captured,2026-05-11T19:01:00Z,card,MREF_12371
PAY_12372,ORDER_12372,5286.54,INR,captured,2026-05-18T20:01:00Z,upi,MREF_12372
PAY_12373,ORDER_12373,515.61,INR,captured,2026-03-29T11:47:00Z,card,MREF_12373
PAY_12374,ORDER_12374,6230.94,INR,captured,2026-05-31T06:10:00Z,card,MREF_12374
PAY_12375,ORDER_12375,3139.73,INR,captured,2026-05-05T12:49:00Z,card,MREF_12375
PAY_12376,ORDER_12376,4613.56,INR,captured,2026-04-17T07:45:00Z,netbanking,MREF_12376
PAY_12377,ORDER_12377,8763.42,INR,captured,2026-03-20T19:53:00Z,upi,MREF_12377
PAY_12378,ORDER_12378,6543.71,INR,captured,2026-05-24T14:08:00Z,card,MREF_12378
PAY_12379,ORDER_12379,6376.90,INR,captured,2026-03-19T13:09:00Z,wallet,MREF_12379
PAY_12380,ORDER_12380,8823.31,INR,captured,2026-06-09T17:02:00Z,netbanking,MREF_12380
PAY_12381,ORDER_12381,4287.72,INR,captured,2026-03-25T16:08:00Z,netbanking,MREF_12381
PAY_12382,ORDER_12382,8304.79,INR,captured,2026-05-11T18:43:00Z,card,MREF_12382
PAY_12383,ORDER_12383,5028.55,INR,captured,2026-03-25T11:05:00Z,netbanking,MREF_12383
PAY_12384,ORDER_12384,7984.51,INR,captured,2026-03-04T20:50:00Z,upi,MREF_12384
PAY_12385,ORDER_12385,2090.86,INR,captured,2026-03-26T13:38:00Z,upi,MREF_12385
PAY_12386,ORDER_12386,6202.15,INR,captured,2026-05-19T12:33:00Z,card,MREF_12386
PAY_12387,ORDER_12387,2190.30,INR,captured,2026-04-25T07:18:00Z,card,MREF_12387
PAY_12388,ORDER_12388,1566.92,INR,captured,2026-06-06T18:06:00Z,upi,MREF_12388
PAY_12389,ORDER_12389,1884.77,INR,captured,2026-05-19T18:26:00Z,netbanking,MREF_12389
PAY_12390,ORDER_12390,5161.50,INR,captured,2026-05-01T20:25:00Z,wallet,MREF_12390
PAY_12391,ORDER_12391,3199.26,INR,captured,2026-06-11T08:27:00Z,upi,MREF_12391
PAY_12392,ORDER_12392,1253.12,INR,captured,2026-03-11T10:31:00Z,netbanking,MREF_12392
PAY_12393,ORDER_12393,7825.26,INR,captured,2026-05-28T11:04:00Z,card,MREF_12393
PAY_12394,ORDER_12394,6257.77,INR,captured,2026-04-22T17:30:00Z,card,MREF_12394
PAY_12395,ORDER_12395,3224.83,INR,captured,2026-04-09T09:54:00Z,card,MREF_12395
PAY_12396,ORDER_12396,3508.88,INR,captured,2026-05-28T09:52:00Z,card,MREF_12396
PAY_12397,ORDER_12397,5685.73,INR,captured,2026-03-27T20:51:00Z,wallet,MREF_12397
PAY_12398,ORDER_12398,9473.18,INR,captured,2026-04-09T20:37:00Z,netbanking,MREF_12398
PAY_12399,ORDER_12399,2632.96,INR,captured,2026-05-21T12:49:00Z,card,MREF_12399
PAY_12400,ORDER_12400,8048.17,INR,captured,2026-05-17T08:32:00Z,card,MREF_12400
PAY_12401,ORDER_12401,6934.58,INR,captured,2026-05-29T17:36:00Z,upi,MREF_12401
PAY_12402,ORDER_12402,9429.47,INR,captured,2026-06-19T09:17:00Z,upi,MREF_12402
PAY_12403,ORDER_12403,9025.74,INR,captured,2026-04-26T06:06:00Z,wallet,MREF_12403
PAY_12404,ORDER_12404,5214.57,INR,captured,2026-04-23T12:07:00Z,upi,MREF_12404
PAY_12405,ORDER_12405,8543.66,INR,captured,2026-06-05T06:14:00Z,upi,MREF_12405
PAY_12406,ORDER_12406,5545.12,INR,captured,2026-06-01T08:24:00Z,netbanking,MREF_12406
PAY_12407,ORDER_12407,7769.24,INR,captured,2026-03-13T17:31:00Z,upi,MREF_12407
PAY_12408,ORDER_12408,6018.46,INR,captured,2026-06-20T19:08:00Z,netbanking,MREF_12408
PAY_12409,ORDER_12409,8582.61,INR,captured,2026-04-29T09:19:00Z,wallet,MREF_12409
PAY_12410,ORDER_12410,8510.69,INR,captured,2026-03-08T21:51:00Z,card,MREF_12410
PAY_12411,ORDER_12411,6792.45,INR,captured,2026-05-25T10:53:00Z,card,MREF_12411
PAY_12412,ORDER_12412,7895.29,INR,captured,2026-05-21T13:02:00Z,upi,MREF_12412
PAY_12413,ORDER_12413,4230.01,INR,captured,2026-06-03T20:56:00Z,netbanking,MREF_12413
PAY_12414,ORDER_12414,4522.14,INR,captured,2026-04-05T11:58:00Z,netbanking,MREF_12414
PAY_12415,ORDER_12415,6422.25,INR,captured,2026-05-20T14:23:00Z,wallet,MREF_12415
PAY_12416,ORDER_12416,7097.09,INR,captured,2026-04-06T11:53:00Z,netbanking,MREF_12416
PAY_12417,ORDER_12417,1237.98,INR,captured,2026-05-07T20:43:00Z,wallet,MREF_12417
PAY_12418,ORDER_12418,2490.89,INR,captured,2026-03-30T07:20:00Z,netbanking,MREF_12418
PAY_12419,ORDER_12419,1850.01,INR,captured,2026-05-06T10:21:00Z,upi,MREF_12419
PAY_12420,ORDER_12420,5043.55,INR,captured,2026-06-16T12:34:00Z,wallet,MREF_12420
PAY_12421,ORDER_12421,1579.22,INR,captured,2026-03-18T14:19:00Z,card,MREF_12421
PAY_12422,ORDER_12422,1874.81,INR,captured,2026-03-18T19:10:00Z,card,MREF_12422
PAY_12423,ORDER_12423,5657.77,INR,captured,2026-03-10T18:23:00Z,upi,MREF_12423
PAY_12424,ORDER_12424,1879.24,INR,captured,2026-04-13T20:36:00Z,netbanking,MREF_12424
PAY_12425,ORDER_12425,7993.15,INR,captured,2026-06-08T06:36:00Z,netbanking,MREF_12425
PAY_12426,ORDER_12426,2623.37,INR,captured,2026-06-05T08:23:00Z,card,MREF_12426
PAY_12427,ORDER_12427,5218.34,INR,captured,2026-03-04T21:01:00Z,wallet,MREF_12427
PAY_12428,ORDER_12428,3489.34,INR,captured,2026-06-04T20:39:00Z,netbanking,MREF_12428
PAY_12429,ORDER_12429,4337.98,INR,captured,2026-05-17T17:19:00Z,wallet,MREF_12429
PAY_12430,ORDER_12430,1410.63,INR,captured,2026-06-04T12:55:00Z,card,MREF_12430
PAY_12431,ORDER_12431,5752.77,INR,captured,2026-05-06T16:21:00Z,card,MREF_12431
PAY_12432,ORDER_12432,7127.94,INR,captured,2026-06-04T08:45:00Z,card,MREF_12432
PAY_12433,ORDER_12433,4192.52,INR,captured,2026-06-16T09:15:00Z,netbanking,MREF_12433
PAY_12434,ORDER_12434,4269.74,INR,captured,2026-06-07T19:34:00Z,netbanking,MREF_12434
PAY_12435,ORDER_12435,2385.05,INR,captured,2026-06-07T12:39:00Z,upi,MREF_12435
PAY_12436,ORDER_12436,8537.67,INR,captured,2026-03-20T19:58:00Z,netbanking,MREF_12436
PAY_12437,ORDER_12437,7291.57,INR,captured,2026-04-29T06:48:00Z,card,MREF_12437
PAY_12438,ORDER_12438,7035.21,INR,captured,2026-06-28T18:09:00Z,netbanking,MREF_12438
PAY_12439,ORDER_12439,3006.84,INR,captured,2026-04-24T11:39:00Z,upi,MREF_12439
PAY_12440,ORDER_12440,2161.07,INR,captured,2026-05-20T11:23:00Z,upi,MREF_12440
PAY_12441,ORDER_12441,8948.95,INR,captured,2026-05-18T20:40:00Z,netbanking,MREF_12441
PAY_12442,ORDER_12442,8723.07,INR,captured,2026-04-21T10:29:00Z,upi,MREF_12442
PAY_12443,ORDER_12443,5110.56,INR,captured,2026-05-18T18:34:00Z,upi,MREF_12443
PAY_12444,ORDER_12444,1330.21,INR,captured,2026-05-30T14:31:00Z,upi,MREF_12444
PAY_12445,ORDER_12445,498.64,INR,captured,2026-04-25T15:34:00Z,netbanking,MREF_12445
PAY_12446,ORDER_12446,6513.56,INR,captured,2026-06-13T15:38:00Z,netbanking,MREF_12446
PAY_12447,ORDER_12447,2970.38,INR,captured,2026-06-12T16:23:00Z,upi,MREF_12447
PAY_12448,ORDER_12448,7327.18,INR,captured,2026-06-27T11:09:00Z,wallet,MREF_12448
PAY_12449,ORDER_12449,2808.35,INR,captured,2026-06-06T10:47:00Z,netbanking,MREF_12449
PAY_12450,ORDER_12450,5828.75,INR,captured,2026-03-07T19:28:00Z,upi,MREF_12450
PAY_12451,ORDER_12451,8114.94,INR,captured,2026-05-28T20:40:00Z,upi,MREF_12451
PAY_12452,ORDER_12452,724.66,INR,captured,2026-05-04T21:02:00Z,card,MREF_12452
PAY_12453,ORDER_12453,859.91,INR,captured,2026-05-04T14:27:00Z,upi,MREF_12453
PAY_12454,ORDER_12454,6481.94,INR,captured,2026-04-02T18:17:00Z,card,MREF_12454
PAY_12455,ORDER_12455,9420.61,INR,captured,2026-04-12T16:01:00Z,wallet,MREF_12455
PAY_12456,ORDER_12456,2108.05,INR,captured,2026-05-18T14:08:00Z,card,MREF_12456
PAY_12457,ORDER_12457,7480.82,INR,captured,2026-06-21T06:40:00Z,card,MREF_12457
PAY_12458,ORDER_12458,966.86,INR,captured,2026-06-23T17:24:00Z,upi,MREF_12458
PAY_12459,ORDER_12459,4135.11,INR,captured,2026-05-13T15:03:00Z,wallet,MREF_12459
PAY_12460,ORDER_12460,6742.85,INR,captured,2026-03-27T17:26:00Z,card,MREF_12460
PAY_12461,ORDER_12461,7772.26,INR,captured,2026-05-01T19:13:00Z,card,MREF_12461
PAY_12462,ORDER_12462,4110.59,INR,captured,2026-04-21T14:02:00Z,wallet,MREF_12462
PAY_12463,ORDER_12463,6359.40,INR,captured,2026-06-23T18:31:00Z,upi,MREF_12463
PAY_12464,ORDER_12464,7569.59,INR,captured,2026-03-04T19:49:00Z,card,MREF_12464
PAY_12465,ORDER_12465,8800.22,INR,captured,2026-04-04T13:59:00Z,card,MREF_12465
PAY_12466,ORDER_12466,3090.30,INR,captured,2026-05-09T09:33:00Z,netbanking,MREF_12466
PAY_12467,ORDER_12467,7548.93,INR,captured,2026-04-24T09:08:00Z,wallet,MREF_12467
PAY_12468,ORDER_12468,9160.62,INR,captured,2026-03-19T20:35:00Z,netbanking,MREF_12468
PAY_12469,ORDER_12469,2051.24,INR,captured,2026-03-13T14:56:00Z,netbanking,MREF_12469
PAY_12470,ORDER_12470,8692.09,INR,captured,2026-05-14T08:24:00Z,card,MREF_12470
PAY_12471,ORDER_12471,6651.48,INR,captured,2026-05-13T06:16:00Z,card,MREF_12471
PAY_12472,ORDER_12472,2950.35,INR,captured,2026-03-23T17:45:00Z,wallet,MREF_12472
PAY_12473,ORDER_12473,3979.09,INR,captured,2026-05-11T12:55:00Z,card,MREF_12473
PAY_12474,ORDER_12474,3888.55,INR,captured,2026-05-31T11:21:00Z,card,MREF_12474
PAY_12475,ORDER_12475,1792.01,INR,captured,2026-04-21T07:16:00Z,card,MREF_12475
PAY_12476,ORDER_12476,7611.12,INR,captured,2026-06-03T16:51:00Z,card,MREF_12476
PAY_12477,ORDER_12477,3438.16,INR,captured,2026-03-09T08:57:00Z,card,MREF_12477
PAY_12478,ORDER_12478,2122.14,INR,captured,2026-04-09T08:49:00Z,upi,MREF_12478
PAY_12479,ORDER_12479,3290.70,INR,captured,2026-06-01T14:00:00Z,netbanking,MREF_12479
PAY_12480,ORDER_12480,1263.21,INR,captured,2026-04-09T14:19:00Z,upi,MREF_12480
PAY_12481,ORDER_12481,1601.96,INR,captured,2026-05-13T13:49:00Z,upi,MREF_12481
PAY_12482,ORDER_12482,3324.72,INR,captured,2026-03-30T09:54:00Z,upi,MREF_12482
PAY_12483,ORDER_12483,8114.27,INR,captured,2026-03-17T09:50:00Z,netbanking,MREF_12483
PAY_12484,ORDER_12484,9229.77,INR,captured,2026-06-20T13:25:00Z,card,MREF_12484
PAY_12485,ORDER_12485,2653.75,INR,captured,2026-04-07T20:08:00Z,wallet,MREF_12485
PAY_12486,ORDER_12486,8850.09,INR,captured,2026-04-09T12:26:00Z,upi,MREF_12486
PAY_12487,ORDER_12487,1064.15,INR,captured,2026-03-12T12:45:00Z,upi,MREF_12487
PAY_12488,ORDER_12488,3102.64,INR,captured,2026-06-23T12:37:00Z,netbanking,MREF_12488
PAY_12489,ORDER_12489,3620.38,INR,captured,2026-05-21T17:01:00Z,card,MREF_12489
PAY_12490,ORDER_12490,2882.12,INR,captured,2026-04-04T07:00:00Z,card,MREF_12490
PAY_12491,ORDER_12491,8886.77,INR,captured,2026-03-31T08:11:00Z,upi,MREF_12491
PAY_12492,ORDER_12492,3450.48,INR,captured,2026-06-02T07:01:00Z,upi,MREF_12492
PAY_12493,ORDER_12493,2885.77,INR,captured,2026-04-16T07:56:00Z,netbanking,MREF_12493
PAY_12494,ORDER_12494,4600.90,INR,captured,2026-06-13T07:25:00Z,netbanking,MREF_12494
PAY_12495,ORDER_12495,3059.11,INR,captured,2026-04-22T11:20:00Z,wallet,MREF_12495
PAY_12496,ORDER_12496,5942.77,INR,captured,2026-05-19T07:36:00Z,card,MREF_12496
PAY_12497,ORDER_12497,1498.54,INR,captured,2026-05-01T06:50:00Z,card,MREF_12497
PAY_12498,ORDER_12498,7997.26,INR,captured,2026-06-27T12:33:00Z,card,MREF_12498
PAY_12499,ORDER_12499,5338.02,INR,captured,2026-05-14T19:37:00Z,upi,MREF_12499
PAY_12500,ORDER_12500,7282.06,INR,captured,2026-03-05T13:52:00Z,card,MREF_12500
PAY_12501,ORDER_12501,158.96,INR,captured,2026-03-10T14:40:00Z,upi,MREF_12501
PAY_12502,ORDER_12502,235.40,INR,captured,2026-06-06T15:56:00Z,netbanking,MREF_12502
PAY_12503,ORDER_12503,4638.96,INR,captured,2026-03-01T14:58:00Z,wallet,MREF_12503
PAY_12504,ORDER_12504,5396.47,INR,captured,2026-05-03T07:38:00Z,wallet,MREF_12504
PAY_12505,ORDER_12505,8153.54,INR,captured,2026-06-06T07:40:00Z,netbanking,MREF_12505
PAY_12506,ORDER_12506,4153.49,INR,captured,2026-04-10T07:21:00Z,upi,MREF_12506
PAY_12507,ORDER_12507,8172.30,INR,captured,2026-03-22T16:09:00Z,netbanking,MREF_12507
PAY_12508,ORDER_12508,1322.52,INR,captured,2026-05-05T07:01:00Z,netbanking,MREF_12508
PAY_12509,ORDER_12509,6640.88,INR,captured,2026-05-30T19:39:00Z,upi,MREF_12509
PAY_12510,ORDER_12510,6867.40,INR,captured,2026-04-21T13:55:00Z,wallet,MREF_12510
PAY_12511,ORDER_12511,4645.05,INR,captured,2026-05-10T17:09:00Z,wallet,MREF_12511
PAY_12512,ORDER_12512,6900.23,INR,captured,2026-04-24T12:40:00Z,card,MREF_12512
PAY_12513,ORDER_12513,5160.75,INR,captured,2026-06-20T08:21:00Z,netbanking,MREF_12513
PAY_12514,ORDER_12514,4921.57,INR,captured,2026-03-04T17:25:00Z,card,MREF_12514
PAY_12515,ORDER_12515,1440.88,INR,captured,2026-04-01T12:36:00Z,wallet,MREF_12515
PAY_12516,ORDER_12516,7798.31,INR,captured,2026-05-26T18:49:00Z,wallet,MREF_12516
PAY_12517,ORDER_12517,2815.36,INR,captured,2026-03-11T12:10:00Z,wallet,MREF_12517
PAY_12518,ORDER_12518,1694.22,INR,captured,2026-03-02T06:45:00Z,upi,MREF_12518
PAY_12519,ORDER_12519,8189.64,INR,captured,2026-04-21T19:07:00Z,wallet,MREF_12519
PAY_12520,ORDER_12520,5932.20,INR,captured,2026-03-27T11:56:00Z,card,MREF_12520
PAY_12521,ORDER_12521,2628.54,INR,captured,2026-05-01T20:41:00Z,netbanking,MREF_12521
PAY_12522,ORDER_12522,908.19,INR,captured,2026-03-29T11:51:00Z,card,MREF_12522
PAY_12523,ORDER_12523,6970.27,INR,captured,2026-04-22T10:06:00Z,card,MREF_12523
PAY_12524,ORDER_12524,8685.16,INR,captured,2026-04-13T20:49:00Z,netbanking,MREF_12524
PAY_12525,ORDER_12525,1392.47,INR,captured,2026-06-02T09:55:00Z,wallet,MREF_12525
PAY_12526,ORDER_12526,6399.35,INR,captured,2026-06-28T16:56:00Z,upi,MREF_12526
PAY_12527,ORDER_12527,6779.07,INR,captured,2026-06-18T18:16:00Z,upi,MREF_12527
PAY_12528,ORDER_12528,3220.55,INR,captured,2026-05-10T20:19:00Z,wallet,MREF_12528
PAY_12529,ORDER_12529,5289.25,INR,captured,2026-06-15T06:48:00Z,wallet,MREF_12529
PAY_12530,ORDER_12530,7896.66,INR,captured,2026-03-14T17:44:00Z,upi,MREF_12530
PAY_12531,ORDER_12531,3277.56,INR,captured,2026-03-19T21:36:00Z,netbanking,MREF_12531
PAY_12532,ORDER_12532,3988.46,INR,captured,2026-05-31T14:15:00Z,card,MREF_12532
PAY_12533,ORDER_12533,3804.78,INR,captured,2026-04-26T19:32:00Z,card,MREF_12533
PAY_12534,ORDER_12534,5172.92,INR,captured,2026-04-11T14:01:00Z,upi,MREF_12534
PAY_12535,ORDER_12535,1058.11,INR,captured,2026-05-02T10:05:00Z,netbanking,MREF_12535
PAY_12536,ORDER_12536,8742.09,INR,captured,2026-06-22T21:37:00Z,upi,MREF_12536
PAY_12537,ORDER_12537,3025.93,INR,captured,2026-03-29T14:24:00Z,card,MREF_12537
PAY_12538,ORDER_12538,9457.46,INR,captured,2026-05-17T17:54:00Z,wallet,MREF_12538
PAY_12539,ORDER_12539,1370.20,INR,captured,2026-06-23T10:11:00Z,wallet,MREF_12539
PAY_12540,ORDER_12540,6332.83,INR,captured,2026-03-15T19:08:00Z,wallet,MREF_12540
PAY_12541,ORDER_12541,7940.16,INR,captured,2026-06-27T18:32:00Z,card,MREF_12541
PAY_12542,ORDER_12542,2362.89,INR,captured,2026-05-17T20:24:00Z,upi,MREF_12542
PAY_12543,ORDER_12543,4420.44,INR,captured,2026-03-11T19:24:00Z,upi,MREF_12543
PAY_12544,ORDER_12544,6222.35,INR,captured,2026-05-14T19:59:00Z,wallet,MREF_12544
PAY_12545,ORDER_12545,3707.72,INR,captured,2026-05-21T11:32:00Z,netbanking,MREF_12545
PAY_12546,ORDER_12546,5373.92,INR,captured,2026-03-31T18:08:00Z,wallet,MREF_12546
PAY_12547,ORDER_12547,9049.45,INR,captured,2026-05-05T18:23:00Z,netbanking,MREF_12547
PAY_12548,ORDER_12548,6867.25,INR,captured,2026-04-30T20:23:00Z,netbanking,MREF_12548
PAY_12549,ORDER_12549,9003.42,INR,captured,2026-06-21T16:59:00Z,upi,MREF_12549
PAY_12550,ORDER_12550,6908.73,INR,captured,2026-06-13T12:12:00Z,upi,MREF_12550
PAY_12551,ORDER_12551,1030.10,INR,captured,2026-04-15T08:28:00Z,upi,MREF_12551
PAY_12552,ORDER_12552,7376.13,INR,captured,2026-06-06T11:30:00Z,upi,MREF_12552
PAY_12553,ORDER_12553,8727.08,INR,captured,2026-03-15T21:47:00Z,wallet,MREF_12553
PAY_12554,ORDER_12554,9375.77,INR,captured,2026-06-12T08:50:00Z,card,MREF_12554
PAY_12555,ORDER_12555,4703.31,INR,captured,2026-03-15T19:28:00Z,card,MREF_12555
PAY_12556,ORDER_12556,8447.32,INR,captured,2026-04-06T20:30:00Z,upi,MREF_12556
PAY_12557,ORDER_12557,8238.52,INR,captured,2026-04-11T06:13:00Z,card,MREF_12557
PAY_12558,ORDER_12558,5302.13,INR,captured,2026-04-24T20:50:00Z,card,MREF_12558
PAY_12559,ORDER_12559,5722.34,INR,captured,2026-04-26T14:31:00Z,card,MREF_12559
PAY_12560,ORDER_12560,4780.84,INR,captured,2026-03-12T13:26:00Z,netbanking,MREF_12560
PAY_12561,ORDER_12561,2472.14,INR,captured,2026-06-18T16:27:00Z,card,MREF_12561
PAY_12562,ORDER_12562,9358.19,INR,captured,2026-03-16T09:49:00Z,wallet,MREF_12562
PAY_12563,ORDER_12563,7191.50,INR,captured,2026-03-01T16:02:00Z,wallet,MREF_12563
PAY_12564,ORDER_12564,1954.72,INR,captured,2026-04-29T19:25:00Z,wallet,MREF_12564
PAY_12565,ORDER_12565,9068.31,INR,captured,2026-05-18T07:17:00Z,netbanking,MREF_12565
PAY_12566,ORDER_12566,8827.48,INR,captured,2026-06-23T17:25:00Z,wallet,MREF_12566
PAY_12567,ORDER_12567,9230.19,INR,captured,2026-05-16T19:21:00Z,netbanking,MREF_12567
PAY_12568,ORDER_12568,5280.58,INR,captured,2026-05-27T14:16:00Z,netbanking,MREF_12568
PAY_12569,ORDER_12569,8690.36,INR,captured,2026-04-23T12:38:00Z,wallet,MREF_12569
PAY_12570,ORDER_12570,2968.73,INR,captured,2026-05-10T06:20:00Z,upi,MREF_12570
PAY_12571,ORDER_12571,7210.75,INR,captured,2026-06-03T21:59:00Z,netbanking,MREF_12571
PAY_12572,ORDER_12572,8192.43,INR,captured,2026-03-29T14:44:00Z,wallet,MREF_12572
PAY_12573,ORDER_12573,2278.90,INR,captured,2026-06-19T14:14:00Z,netbanking,MREF_12573
PAY_12574,ORDER_12574,4797.14,INR,captured,2026-05-31T17:08:00Z,card,MREF_12574
PAY_12575,ORDER_12575,3225.62,INR,captured,2026-04-21T13:18:00Z,upi,MREF_12575
PAY_12576,ORDER_12576,9087.23,INR,captured,2026-03-28T16:34:00Z,upi,MREF_12576
PAY_12577,ORDER_12577,3708.97,INR,captured,2026-06-13T19:35:00Z,wallet,MREF_12577
PAY_12578,ORDER_12578,8444.39,INR,captured,2026-04-23T17:41:00Z,wallet,MREF_12578
PAY_12579,ORDER_12579,7471.48,INR,captured,2026-06-15T20:50:00Z,netbanking,MREF_12579
PAY_12580,ORDER_12580,7338.01,INR,captured,2026-03-06T13:34:00Z,upi,MREF_12580
PAY_12581,ORDER_12581,4023.11,INR,captured,2026-04-05T12:24:00Z,wallet,MREF_12581
PAY_12582,ORDER_12582,3140.80,INR,captured,2026-05-09T11:20:00Z,upi,MREF_12582
PAY_12583,ORDER_12583,7898.60,INR,captured,2026-04-07T19:15:00Z,upi,MREF_12583
PAY_12584,ORDER_12584,8963.75,INR,captured,2026-05-11T11:19:00Z,card,MREF_12584
PAY_12585,ORDER_12585,7570.78,INR,captured,2026-05-06T11:28:00Z,card,MREF_12585
PAY_12586,ORDER_12586,7645.57,INR,captured,2026-03-22T18:28:00Z,upi,MREF_12586
PAY_12587,ORDER_12587,4628.65,INR,captured,2026-05-11T16:35:00Z,card,MREF_12587
PAY_12588,ORDER_12588,8941.55,INR,captured,2026-06-26T17:52:00Z,netbanking,MREF_12588
PAY_12589,ORDER_12589,3044.49,INR,captured,2026-03-04T11:57:00Z,netbanking,MREF_12589
PAY_12590,ORDER_12590,8011.13,INR,captured,2026-05-18T12:10:00Z,upi,MREF_12590
PAY_12591,ORDER_12591,1038.74,INR,captured,2026-03-24T06:07:00Z,upi,MREF_12591
PAY_12592,ORDER_12592,1633.10,INR,captured,2026-04-03T15:39:00Z,wallet,MREF_12592
PAY_12593,ORDER_12593,7671.53,INR,captured,2026-05-29T09:33:00Z,netbanking,MREF_12593
PAY_12594,ORDER_12594,2954.26,INR,captured,2026-05-21T12:22:00Z,netbanking,MREF_12594
PAY_12595,ORDER_12595,5357.18,INR,captured,2026-05-08T19:37:00Z,wallet,MREF_12595
PAY_12596,ORDER_12596,1318.19,INR,captured,2026-06-07T14:10:00Z,card,MREF_12596
PAY_12597,ORDER_12597,8953.46,INR,captured,2026-03-30T11:45:00Z,netbanking,MREF_12597
PAY_12598,ORDER_12598,9400.46,INR,captured,2026-04-26T21:05:00Z,card,MREF_12598
PAY_12599,ORDER_12599,4746.09,INR,captured,2026-06-25T18:18:00Z,netbanking,MREF_12599
PAY_12600,ORDER_12600,9208.48,INR,captured,2026-03-25T09:35:00Z,netbanking,MREF_12600
PAY_12601,ORDER_12601,2702.53,INR,captured,2026-03-22T16:55:00Z,wallet,MREF_12601
PAY_12602,ORDER_12602,8363.97,INR,captured,2026-06-03T10:08:00Z,upi,MREF_12602
PAY_12603,ORDER_12603,1936.99,INR,captured,2026-06-02T18:40:00Z,card,MREF_12603
PAY_12604,ORDER_12604,4634.47,INR,captured,2026-05-02T17:55:00Z,card,MREF_12604
PAY_12605,ORDER_12605,7602.62,INR,captured,2026-06-13T08:45:00Z,upi,MREF_12605
PAY_12606,ORDER_12606,8668.31,INR,captured,2026-03-23T19:28:00Z,upi,MREF_12606
PAY_12607,ORDER_12607,375.64,INR,captured,2026-04-10T20:40:00Z,upi,MREF_12607
PAY_12608,ORDER_12608,3450.74,INR,captured,2026-05-16T14:42:00Z,wallet,MREF_12608
PAY_12609,ORDER_12609,5793.94,INR,captured,2026-06-09T06:50:00Z,wallet,MREF_12609
PAY_12610,ORDER_12610,7846.98,INR,captured,2026-04-05T09:52:00Z,wallet,MREF_12610
PAY_12611,ORDER_12611,8973.22,INR,captured,2026-03-30T08:28:00Z,card,MREF_12611
PAY_12612,ORDER_12612,2983.45,INR,captured,2026-03-10T19:26:00Z,upi,MREF_12612
PAY_12613,ORDER_12613,879.88,INR,captured,2026-03-18T07:44:00Z,card,MREF_12613
PAY_12614,ORDER_12614,7913.47,INR,captured,2026-05-12T21:13:00Z,card,MREF_12614
PAY_12615,ORDER_12615,6052.10,INR,captured,2026-03-28T19:34:00Z,card,MREF_12615
PAY_12616,ORDER_12616,3662.63,INR,captured,2026-04-24T17:19:00Z,card,MREF_12616
PAY_12617,ORDER_12617,7791.97,INR,captured,2026-03-12T11:12:00Z,wallet,MREF_12617
PAY_12618,ORDER_12618,3289.41,INR,captured,2026-06-14T11:56:00Z,upi,MREF_12618
PAY_12619,ORDER_12619,3239.53,INR,captured,2026-03-25T16:16:00Z,wallet,MREF_12619
PAY_12620,ORDER_12620,6174.17,INR,captured,2026-03-27T17:15:00Z,card,MREF_12620
PAY_12621,ORDER_12621,3543.80,INR,captured,2026-04-24T11:30:00Z,netbanking,MREF_12621
PAY_12622,ORDER_12622,4301.83,INR,captured,2026-03-24T06:06:00Z,netbanking,MREF_12622
PAY_12623,ORDER_12623,4986.64,INR,captured,2026-05-29T19:39:00Z,netbanking,MREF_12623
PAY_12624,ORDER_12624,6321.11,INR,captured,2026-05-31T14:37:00Z,wallet,MREF_12624
PAY_12625,ORDER_12625,5216.90,INR,captured,2026-03-14T19:21:00Z,wallet,MREF_12625
PAY_12626,ORDER_12626,5660.46,INR,captured,2026-03-18T09:05:00Z,card,MREF_12626
PAY_12627,ORDER_12627,5291.53,INR,captured,2026-03-17T13:57:00Z,upi,MREF_12627
PAY_12628,ORDER_12628,6043.87,INR,captured,2026-06-06T19:47:00Z,netbanking,MREF_12628
PAY_12629,ORDER_12629,1624.02,INR,captured,2026-05-10T13:20:00Z,upi,MREF_12629
PAY_12630,ORDER_12630,4190.98,INR,captured,2026-04-22T16:07:00Z,wallet,MREF_12630
PAY_12631,ORDER_12631,1103.55,INR,captured,2026-04-03T21:15:00Z,card,MREF_12631
PAY_12632,ORDER_12632,5915.61,INR,captured,2026-04-26T11:45:00Z,wallet,MREF_12632
PAY_12633,ORDER_12633,269.58,INR,captured,2026-05-08T16:29:00Z,netbanking,MREF_12633
PAY_12634,ORDER_12634,8357.42,INR,captured,2026-04-19T10:58:00Z,netbanking,MREF_12634
PAY_12635,ORDER_12635,2082.00,INR,captured,2026-04-28T07:10:00Z,card,MREF_12635
PAY_12636,ORDER_12636,701.71,INR,captured,2026-06-24T16:14:00Z,upi,MREF_12636
PAY_12637,ORDER_12637,7090.28,INR,captured,2026-04-26T15:23:00Z,card,MREF_12637
PAY_12638,ORDER_12638,4278.42,INR,captured,2026-03-12T17:39:00Z,netbanking,MREF_12638
PAY_12639,ORDER_12639,5030.50,INR,captured,2026-03-28T20:44:00Z,card,MREF_12639
PAY_12640,ORDER_12640,6486.16,INR,captured,2026-05-31T10:13:00Z,wallet,MREF_12640
PAY_12641,ORDER_12641,7660.27,INR,captured,2026-05-27T20:59:00Z,wallet,MREF_12641
PAY_12642,ORDER_12642,4853.49,INR,captured,2026-03-07T18:05:00Z,card,MREF_12642
PAY_12643,ORDER_12643,3872.73,INR,captured,2026-03-26T17:10:00Z,netbanking,MREF_12643
PAY_12644,ORDER_12644,5873.10,INR,captured,2026-05-20T19:13:00Z,wallet,MREF_12644
PAY_12645,ORDER_12645,8946.31,INR,captured,2026-05-16T06:47:00Z,upi,MREF_12645
PAY_12646,ORDER_12646,2062.81,INR,captured,2026-04-06T13:05:00Z,card,MREF_12646
PAY_12647,ORDER_12647,3642.17,INR,captured,2026-05-30T17:22:00Z,netbanking,MREF_12647
PAY_12648,ORDER_12648,5829.09,INR,captured,2026-03-14T14:34:00Z,netbanking,MREF_12648
PAY_12649,ORDER_12649,894.96,INR,captured,2026-06-26T14:46:00Z,wallet,MREF_12649
PAY_12650,ORDER_12650,2708.53,INR,captured,2026-04-28T07:26:00Z,upi,MREF_12650
PAY_12651,ORDER_12651,1298.32,INR,captured,2026-03-20T16:32:00Z,card,MREF_12651
PAY_12652,ORDER_12652,2560.97,INR,captured,2026-06-15T13:28:00Z,wallet,MREF_12652
PAY_12653,ORDER_12653,1908.95,INR,captured,2026-03-02T08:00:00Z,card,MREF_12653
PAY_12654,ORDER_12654,2884.84,INR,captured,2026-05-07T09:20:00Z,card,MREF_12654
PAY_12655,ORDER_12655,7808.21,INR,captured,2026-05-01T13:13:00Z,netbanking,MREF_12655
PAY_12656,ORDER_12656,1827.18,INR,captured,2026-03-10T12:35:00Z,netbanking,MREF_12656
PAY_12657,ORDER_12657,8282.08,INR,captured,2026-03-19T14:13:00Z,netbanking,MREF_12657
PAY_12658,ORDER_12658,1462.46,INR,captured,2026-04-11T16:40:00Z,card,MREF_12658
PAY_12659,ORDER_12659,4519.36,INR,captured,2026-06-12T20:03:00Z,upi,MREF_12659
PAY_12660,ORDER_12660,8794.18,INR,captured,2026-05-06T15:40:00Z,wallet,MREF_12660
PAY_12661,ORDER_12661,5987.41,INR,captured,2026-04-10T18:58:00Z,card,MREF_12661
PAY_12662,ORDER_12662,9412.62,INR,captured,2026-04-01T19:46:00Z,card,MREF_12662
PAY_12663,ORDER_12663,5586.93,INR,captured,2026-05-16T15:50:00Z,wallet,MREF_12663
PAY_12664,ORDER_12664,8740.96,INR,captured,2026-05-01T08:38:00Z,wallet,MREF_12664
PAY_12665,ORDER_12665,7751.66,INR,captured,2026-06-25T19:03:00Z,netbanking,MREF_12665
PAY_12666,ORDER_12666,9216.38,INR,captured,2026-03-10T13:42:00Z,upi,MREF_12666
PAY_12667,ORDER_12667,6286.94,INR,captured,2026-04-20T21:01:00Z,netbanking,MREF_12667
PAY_12668,ORDER_12668,1876.30,INR,captured,2026-03-06T17:32:00Z,netbanking,MREF_12668
PAY_12669,ORDER_12669,3271.59,INR,captured,2026-06-03T17:14:00Z,card,MREF_12669
PAY_12670,ORDER_12670,4816.44,INR,captured,2026-03-19T08:44:00Z,wallet,MREF_12670
PAY_12671,ORDER_12671,1062.45,INR,captured,2026-04-25T14:02:00Z,upi,MREF_12671
PAY_12672,ORDER_12672,8353.55,INR,captured,2026-06-07T19:14:00Z,upi,MREF_12672
PAY_12673,ORDER_12673,9259.80,INR,captured,2026-05-14T13:19:00Z,upi,MREF_12673
PAY_12674,ORDER_12674,8378.43,INR,captured,2026-06-10T16:46:00Z,upi,MREF_12674
PAY_12675,ORDER_12675,9435.27,INR,captured,2026-03-18T06:40:00Z,card,MREF_12675
PAY_12676,ORDER_12676,9371.46,INR,captured,2026-06-25T13:00:00Z,netbanking,MREF_12676
PAY_12677,ORDER_12677,8603.78,INR,captured,2026-05-14T20:39:00Z,upi,MREF_12677
PAY_12678,ORDER_12678,6162.97,INR,captured,2026-03-07T14:56:00Z,netbanking,MREF_12678
PAY_12679,ORDER_12679,5291.07,INR,captured,2026-05-06T08:11:00Z,card,MREF_12679
PAY_12680,ORDER_12680,3969.63,INR,captured,2026-06-23T08:59:00Z,card,MREF_12680
PAY_12681,ORDER_12681,657.25,INR,captured,2026-04-14T21:56:00Z,netbanking,MREF_12681
PAY_12682,ORDER_12682,7996.12,INR,captured,2026-05-23T17:29:00Z,upi,MREF_12682
PAY_12683,ORDER_12683,6396.20,INR,captured,2026-05-09T13:18:00Z,card,MREF_12683
PAY_12684,ORDER_12684,6666.36,INR,captured,2026-05-12T10:34:00Z,wallet,MREF_12684
PAY_12685,ORDER_12685,4661.53,INR,captured,2026-05-22T16:20:00Z,card,MREF_12685
PAY_12686,ORDER_12686,4550.18,INR,captured,2026-03-13T15:22:00Z,netbanking,MREF_12686
PAY_12687,ORDER_12687,4813.12,INR,captured,2026-03-01T13:19:00Z,card,MREF_12687
PAY_12688,ORDER_12688,8587.71,INR,captured,2026-04-01T20:44:00Z,card,MREF_12688
PAY_12689,ORDER_12689,4650.58,INR,captured,2026-04-22T08:15:00Z,card,MREF_12689
PAY_12690,ORDER_12690,1692.62,INR,captured,2026-06-20T06:19:00Z,wallet,MREF_12690
PAY_12691,ORDER_12691,577.39,INR,captured,2026-05-04T08:29:00Z,card,MREF_12691
PAY_12692,ORDER_12692,768.31,INR,captured,2026-04-09T19:55:00Z,upi,MREF_12692
PAY_12693,ORDER_12693,2546.11,INR,captured,2026-04-26T07:54:00Z,card,MREF_12693
PAY_12694,ORDER_12694,6937.78,INR,captured,2026-03-25T15:55:00Z,upi,MREF_12694
PAY_12695,ORDER_12695,8244.38,INR,captured,2026-04-02T13:20:00Z,upi,MREF_12695
PAY_12696,ORDER_12696,3670.49,INR,captured,2026-05-12T21:42:00Z,card,MREF_12696
PAY_12697,ORDER_12697,7373.01,INR,captured,2026-04-13T09:32:00Z,card,MREF_12697
PAY_12698,ORDER_12698,6893.40,INR,captured,2026-03-24T07:24:00Z,card,MREF_12698
PAY_12699,ORDER_12699,1474.51,INR,captured,2026-05-09T09:07:00Z,wallet,MREF_12699
PAY_12700,ORDER_12700,7483.73,INR,captured,2026-06-01T12:58:00Z,netbanking,MREF_12700
PAY_12701,ORDER_12701,5754.21,INR,captured,2026-04-18T08:29:00Z,netbanking,MREF_12701
PAY_12702,ORDER_12702,1770.20,INR,captured,2026-04-01T19:16:00Z,netbanking,MREF_12702
PAY_12703,ORDER_12703,6621.29,INR,captured,2026-06-03T16:04:00Z,card,MREF_12703
PAY_12704,ORDER_12704,3396.94,INR,captured,2026-05-06T19:09:00Z,wallet,MREF_12704
PAY_12705,ORDER_12705,7711.85,INR,captured,2026-05-04T15:35:00Z,netbanking,MREF_12705
PAY_12706,ORDER_12706,1782.82,INR,captured,2026-05-25T09:45:00Z,netbanking,MREF_12706
PAY_12707,ORDER_12707,4181.64,INR,captured,2026-04-27T06:15:00Z,upi,MREF_12707
PAY_12708,ORDER_12708,993.38,INR,captured,2026-03-14T08:59:00Z,wallet,MREF_12708
PAY_12709,ORDER_12709,810.45,INR,captured,2026-04-14T06:01:00Z,wallet,MREF_12709
PAY_12710,ORDER_12710,8470.37,INR,captured,2026-03-10T09:17:00Z,upi,MREF_12710
PAY_12711,ORDER_12711,8876.61,INR,captured,2026-04-04T09:12:00Z,upi,MREF_12711
PAY_12712,ORDER_12712,3172.25,INR,captured,2026-05-19T13:29:00Z,card,MREF_12712
PAY_12713,ORDER_12713,1988.44,INR,captured,2026-03-04T17:23:00Z,wallet,MREF_12713
PAY_12714,ORDER_12714,1749.24,INR,captured,2026-04-13T08:47:00Z,wallet,MREF_12714
PAY_12715,ORDER_12715,9276.38,INR,captured,2026-06-02T10:59:00Z,wallet,MREF_12715
PAY_12716,ORDER_12716,2043.23,INR,captured,2026-04-13T12:35:00Z,netbanking,MREF_12716
PAY_12717,ORDER_12717,7064.78,INR,captured,2026-06-26T20:44:00Z,wallet,MREF_12717
PAY_12718,ORDER_12718,5960.18,INR,captured,2026-06-01T19:16:00Z,netbanking,MREF_12718
PAY_12719,ORDER_12719,6591.30,INR,captured,2026-05-22T09:21:00Z,netbanking,MREF_12719
PAY_12720,ORDER_12720,4973.55,INR,captured,2026-06-05T10:05:00Z,card,MREF_12720
PAY_12721,ORDER_12721,1642.98,INR,captured,2026-04-15T18:08:00Z,wallet,MREF_12721
PAY_12722,ORDER_12722,392.20,INR,captured,2026-03-02T20:29:00Z,wallet,MREF_12722
PAY_12723,ORDER_12723,3186.70,INR,captured,2026-05-03T14:36:00Z,wallet,MREF_12723
PAY_12724,ORDER_12724,6677.11,INR,captured,2026-05-14T18:52:00Z,netbanking,MREF_12724
PAY_12725,ORDER_12725,526.18,INR,captured,2026-03-09T07:54:00Z,card,MREF_12725
PAY_12726,ORDER_12726,5852.94,INR,captured,2026-05-06T08:26:00Z,card,MREF_12726
PAY_12727,ORDER_12727,2813.49,INR,captured,2026-05-28T18:59:00Z,card,MREF_12727
PAY_12728,ORDER_12728,3185.68,INR,captured,2026-06-08T21:34:00Z,wallet,MREF_12728
PAY_12729,ORDER_12729,3754.38,INR,captured,2026-03-04T08:15:00Z,card,MREF_12729
PAY_12730,ORDER_12730,5016.32,INR,captured,2026-06-25T11:40:00Z,card,MREF_12730
PAY_12731,ORDER_12731,7273.63,INR,captured,2026-03-31T16:34:00Z,card,MREF_12731
PAY_12732,ORDER_12732,3977.70,INR,captured,2026-03-30T12:02:00Z,wallet,MREF_12732
PAY_12733,ORDER_12733,2893.20,INR,captured,2026-05-30T17:48:00Z,upi,MREF_12733
PAY_12734,ORDER_12734,3557.93,INR,captured,2026-05-31T11:51:00Z,netbanking,MREF_12734
PAY_12735,ORDER_12735,5239.76,INR,captured,2026-04-25T10:47:00Z,upi,MREF_12735
PAY_12736,ORDER_12736,4586.51,INR,captured,2026-05-21T10:49:00Z,upi,MREF_12736
PAY_12737,ORDER_12737,7770.56,INR,captured,2026-06-18T09:39:00Z,card,MREF_12737
PAY_12738,ORDER_12738,779.56,INR,captured,2026-03-10T16:42:00Z,netbanking,MREF_12738
PAY_12739,ORDER_12739,3904.87,INR,captured,2026-05-10T13:25:00Z,card,MREF_12739
PAY_12740,ORDER_12740,3271.51,INR,captured,2026-04-30T11:25:00Z,netbanking,MREF_12740
PAY_12741,ORDER_12741,2902.51,INR,captured,2026-06-20T07:52:00Z,card,MREF_12741
PAY_12742,ORDER_12742,5050.88,INR,captured,2026-03-28T14:18:00Z,card,MREF_12742
PAY_12743,ORDER_12743,7180.57,INR,captured,2026-04-26T18:23:00Z,wallet,MREF_12743
PAY_12744,ORDER_12744,3073.67,INR,captured,2026-05-03T10:48:00Z,wallet,MREF_12744
PAY_12745,ORDER_12745,6285.36,INR,captured,2026-03-15T10:05:00Z,card,MREF_12745
PAY_12746,ORDER_12746,5010.68,INR,captured,2026-06-11T08:08:00Z,card,MREF_12746
PAY_12747,ORDER_12747,3419.66,INR,captured,2026-04-15T13:19:00Z,netbanking,MREF_12747
PAY_12748,ORDER_12748,8845.66,INR,captured,2026-03-18T11:00:00Z,card,MREF_12748
PAY_12749,ORDER_12749,3010.19,INR,captured,2026-05-16T16:20:00Z,wallet,MREF_12749
PAY_12750,ORDER_12750,1631.26,INR,captured,2026-06-03T07:42:00Z,netbanking,MREF_12750
PAY_12751,ORDER_12751,1250.81,INR,captured,2026-06-04T20:53:00Z,card,MREF_12751
PAY_12752,ORDER_12752,2701.48,INR,captured,2026-06-01T20:21:00Z,card,MREF_12752
PAY_12753,ORDER_12753,1881.88,INR,captured,2026-03-30T19:39:00Z,wallet,MREF_12753
PAY_12754,ORDER_12754,1279.32,INR,captured,2026-04-07T17:25:00Z,wallet,MREF_12754
PAY_12755,ORDER_12755,5708.01,INR,captured,2026-06-17T19:13:00Z,wallet,MREF_12755
PAY_12756,ORDER_12756,5005.03,INR,captured,2026-05-22T06:52:00Z,upi,MREF_12756
PAY_12757,ORDER_12757,5427.64,INR,captured,2026-04-24T15:32:00Z,card,MREF_12757
PAY_12758,ORDER_12758,8242.74,INR,captured,2026-05-27T17:11:00Z,wallet,MREF_12758
PAY_12759,ORDER_12759,4224.54,INR,captured,2026-04-04T11:31:00Z,netbanking,MREF_12759
PAY_12760,ORDER_12760,3164.25,INR,captured,2026-05-09T16:12:00Z,upi,MREF_12760
PAY_12761,ORDER_12761,3714.95,INR,captured,2026-05-11T13:45:00Z,wallet,MREF_12761
PAY_12762,ORDER_12762,840.70,INR,captured,2026-05-12T15:13:00Z,netbanking,MREF_12762
PAY_12763,ORDER_12763,2784.13,INR,captured,2026-04-13T12:48:00Z,upi,MREF_12763
PAY_12764,ORDER_12764,741.86,INR,captured,2026-06-17T19:42:00Z,upi,MREF_12764
PAY_12765,ORDER_12765,6082.53,INR,captured,2026-04-14T20:27:00Z,netbanking,MREF_12765
PAY_12766,ORDER_12766,2978.16,INR,captured,2026-05-05T16:57:00Z,wallet,MREF_12766
PAY_12767,ORDER_12767,4974.88,INR,captured,2026-04-18T09:48:00Z,upi,MREF_12767
PAY_12768,ORDER_12768,593.19,INR,captured,2026-04-20T08:25:00Z,netbanking,MREF_12768
PAY_12769,ORDER_12769,5153.78,INR,captured,2026-03-06T21:17:00Z,wallet,MREF_12769
PAY_12770,ORDER_12770,4528.31,INR,captured,2026-03-26T16:13:00Z,wallet,MREF_12770
PAY_12771,ORDER_12771,6131.13,INR,captured,2026-03-20T20:17:00Z,upi,MREF_12771
PAY_12772,ORDER_12772,7702.12,INR,captured,2026-03-27T13:38:00Z,card,MREF_12772
PAY_12773,ORDER_12773,833.68,INR,captured,2026-04-10T13:00:00Z,wallet,MREF_12773
PAY_12774,ORDER_12774,5540.33,INR,captured,2026-06-11T17:30:00Z,card,MREF_12774
PAY_12775,ORDER_12775,7441.03,INR,captured,2026-06-14T13:46:00Z,upi,MREF_12775
PAY_12776,ORDER_12776,6401.65,INR,captured,2026-04-02T18:25:00Z,upi,MREF_12776
PAY_12777,ORDER_12777,5082.83,INR,captured,2026-06-06T12:45:00Z,upi,MREF_12777
PAY_12778,ORDER_12778,2775.66,INR,captured,2026-06-09T15:31:00Z,wallet,MREF_12778
PAY_12779,ORDER_12779,1312.78,INR,captured,2026-06-07T15:06:00Z,card,MREF_12779
PAY_12780,ORDER_12780,4820.69,INR,captured,2026-06-27T10:48:00Z,netbanking,MREF_12780
PAY_12781,ORDER_12781,3912.20,INR,captured,2026-03-19T20:30:00Z,wallet,MREF_12781
PAY_12782,ORDER_12782,5614.65,INR,captured,2026-04-19T06:10:00Z,netbanking,MREF_12782
PAY_12783,ORDER_12783,9458.49,INR,captured,2026-04-25T21:11:00Z,wallet,MREF_12783
PAY_12784,ORDER_12784,1106.58,INR,captured,2026-03-25T12:49:00Z,wallet,MREF_12784
PAY_12785,ORDER_12785,1643.20,INR,captured,2026-06-26T12:50:00Z,card,MREF_12785
PAY_12786,ORDER_12786,5795.14,INR,captured,2026-06-11T06:55:00Z,upi,MREF_12786
PAY_12787,ORDER_12787,8981.34,INR,captured,2026-03-07T16:53:00Z,wallet,MREF_12787
PAY_12788,ORDER_12788,3069.96,INR,captured,2026-04-07T08:56:00Z,upi,MREF_12788
PAY_12789,ORDER_12789,5824.16,INR,captured,2026-03-18T16:08:00Z,card,MREF_12789
PAY_12790,ORDER_12790,6504.07,INR,captured,2026-03-27T19:02:00Z,upi,MREF_12790
PAY_12791,ORDER_12791,872.46,INR,captured,2026-05-13T10:24:00Z,upi,MREF_12791
PAY_12792,ORDER_12792,8398.44,INR,captured,2026-04-13T19:25:00Z,upi,MREF_12792
PAY_12793,ORDER_12793,8158.21,INR,captured,2026-06-15T18:57:00Z,netbanking,MREF_12793
PAY_12794,ORDER_12794,2424.48,INR,captured,2026-03-14T06:29:00Z,card,MREF_12794
PAY_12795,ORDER_12795,7652.79,INR,captured,2026-05-10T13:42:00Z,upi,MREF_12795
PAY_12796,ORDER_12796,4210.30,INR,captured,2026-06-05T13:44:00Z,upi,MREF_12796
PAY_12797,ORDER_12797,3377.36,INR,captured,2026-06-26T16:39:00Z,upi,MREF_12797
PAY_12798,ORDER_12798,8284.08,INR,captured,2026-04-24T19:52:00Z,upi,MREF_12798
PAY_12799,ORDER_12799,7246.89,INR,captured,2026-04-17T18:35:00Z,upi,MREF_12799
PAY_12800,ORDER_12800,4847.48,INR,captured,2026-03-30T20:16:00Z,card,MREF_12800
PAY_12801,ORDER_12801,6727.33,INR,captured,2026-06-21T10:06:00Z,card,MREF_12801
PAY_12802,ORDER_12802,7563.36,INR,captured,2026-05-14T19:59:00Z,netbanking,MREF_12802
PAY_12803,ORDER_12803,4720.70,INR,captured,2026-03-04T16:48:00Z,upi,MREF_12803
PAY_12804,ORDER_12804,1095.80,INR,captured,2026-05-25T17:30:00Z,netbanking,MREF_12804
PAY_12805,ORDER_12805,7744.80,INR,captured,2026-04-30T19:41:00Z,netbanking,MREF_12805
PAY_12806,ORDER_12806,9279.08,INR,captured,2026-05-16T11:36:00Z,card,MREF_12806
PAY_12807,ORDER_12807,7063.47,INR,captured,2026-05-03T13:20:00Z,card,MREF_12807
PAY_12808,ORDER_12808,7847.26,INR,captured,2026-03-18T09:37:00Z,wallet,MREF_12808
PAY_12809,ORDER_12809,6527.41,INR,captured,2026-06-04T06:52:00Z,upi,MREF_12809
PAY_12810,ORDER_12810,1014.21,INR,captured,2026-04-03T18:03:00Z,card,MREF_12810
PAY_12811,ORDER_12811,1057.94,INR,captured,2026-05-24T11:03:00Z,card,MREF_12811
PAY_12812,ORDER_12812,2411.47,INR,captured,2026-04-19T12:52:00Z,card,MREF_12812
PAY_12813,ORDER_12813,9415.95,INR,captured,2026-05-20T10:36:00Z,netbanking,MREF_12813
PAY_12814,ORDER_12814,2464.43,INR,captured,2026-05-02T19:27:00Z,netbanking,MREF_12814
PAY_12815,ORDER_12815,7562.86,INR,captured,2026-05-01T08:04:00Z,card,MREF_12815
PAY_12816,ORDER_12816,4746.17,INR,captured,2026-04-06T15:12:00Z,netbanking,MREF_12816
PAY_12817,ORDER_12817,5647.99,INR,captured,2026-06-28T19:27:00Z,wallet,MREF_12817
PAY_12818,ORDER_12818,3441.70,INR,captured,2026-05-26T10:24:00Z,upi,MREF_12818
PAY_12819,ORDER_12819,663.74,INR,captured,2026-03-10T12:19:00Z,card,MREF_12819
PAY_12820,ORDER_12820,5539.99,INR,captured,2026-03-06T13:50:00Z,netbanking,MREF_12820
PAY_12821,ORDER_12821,2588.44,INR,captured,2026-03-17T17:25:00Z,card,MREF_12821
PAY_12822,ORDER_12822,7049.81,INR,captured,2026-03-17T12:24:00Z,wallet,MREF_12822
PAY_12823,ORDER_12823,7908.40,INR,captured,2026-05-11T14:56:00Z,netbanking,MREF_12823
PAY_12824,ORDER_12824,2844.46,INR,captured,2026-04-06T14:53:00Z,upi,MREF_12824
PAY_12825,ORDER_12825,8323.70,INR,captured,2026-05-12T06:33:00Z,netbanking,MREF_12825
PAY_12826,ORDER_12826,282.75,INR,captured,2026-04-28T14:50:00Z,wallet,MREF_12826
PAY_12827,ORDER_12827,9384.11,INR,captured,2026-06-26T21:01:00Z,upi,MREF_12827
PAY_12828,ORDER_12828,332.45,INR,captured,2026-05-05T15:07:00Z,netbanking,MREF_12828
PAY_12829,ORDER_12829,6497.52,INR,captured,2026-05-29T11:55:00Z,upi,MREF_12829
PAY_12830,ORDER_12830,1222.67,INR,captured,2026-05-27T08:25:00Z,wallet,MREF_12830
PAY_12831,ORDER_12831,2287.96,INR,captured,2026-05-11T06:15:00Z,netbanking,MREF_12831
PAY_12832,ORDER_12832,7100.32,INR,captured,2026-05-03T16:50:00Z,netbanking,MREF_12832
PAY_12833,ORDER_12833,247.69,INR,captured,2026-03-12T07:47:00Z,wallet,MREF_12833
PAY_12834,ORDER_12834,2366.98,INR,captured,2026-05-04T06:16:00Z,wallet,MREF_12834
PAY_12835,ORDER_12835,6857.23,INR,captured,2026-05-18T17:32:00Z,card,MREF_12835
PAY_12836,ORDER_12836,5941.60,INR,captured,2026-03-11T13:15:00Z,card,MREF_12836
PAY_12837,ORDER_12837,3304.48,INR,captured,2026-06-12T17:33:00Z,card,MREF_12837
PAY_12838,ORDER_12838,3798.35,INR,captured,2026-05-16T14:49:00Z,card,MREF_12838
PAY_12839,ORDER_12839,7798.21,INR,captured,2026-05-20T08:44:00Z,card,MREF_12839
PAY_12840,ORDER_12840,362.70,INR,captured,2026-04-02T10:41:00Z,wallet,MREF_12840
PAY_12841,ORDER_12841,8246.47,INR,captured,2026-06-19T20:33:00Z,wallet,MREF_12841
PAY_12842,ORDER_12842,1283.32,INR,captured,2026-03-06T15:36:00Z,upi,MREF_12842
PAY_12843,ORDER_12843,5838.17,INR,captured,2026-06-19T10:55:00Z,netbanking,MREF_12843
PAY_12844,ORDER_12844,8360.43,INR,captured,2026-06-16T06:02:00Z,wallet,MREF_12844
PAY_12845,ORDER_12845,8967.43,INR,captured,2026-06-16T19:54:00Z,wallet,MREF_12845
PAY_12846,ORDER_12846,2099.68,INR,captured,2026-04-30T18:49:00Z,upi,MREF_12846
PAY_12847,ORDER_12847,3416.14,INR,captured,2026-05-03T12:48:00Z,netbanking,MREF_12847
PAY_12848,ORDER_12848,1923.51,INR,captured,2026-05-05T12:56:00Z,wallet,MREF_12848
PAY_12849,ORDER_12849,2137.72,INR,captured,2026-05-18T06:28:00Z,card,MREF_12849
PAY_12850,ORDER_12850,1974.44,INR,captured,2026-05-29T07:23:00Z,netbanking,MREF_12850
PAY_12851,ORDER_12851,6552.69,INR,captured,2026-05-09T16:41:00Z,wallet,MREF_12851
PAY_12852,ORDER_12852,9247.47,INR,captured,2026-05-27T09:40:00Z,wallet,MREF_12852
PAY_12853,ORDER_12853,5290.42,INR,captured,2026-04-13T08:26:00Z,card,MREF_12853
PAY_12854,ORDER_12854,4094.74,INR,captured,2026-05-14T21:22:00Z,netbanking,MREF_12854
PAY_12855,ORDER_12855,2226.30,INR,captured,2026-03-11T16:31:00Z,upi,MREF_12855
PAY_12856,ORDER_12856,3779.78,INR,captured,2026-04-16T19:31:00Z,netbanking,MREF_12856
PAY_12857,ORDER_12857,1545.75,INR,captured,2026-04-12T16:00:00Z,netbanking,MREF_12857
PAY_12858,ORDER_12858,7667.22,INR,captured,2026-04-25T14:49:00Z,card,MREF_12858
PAY_12859,ORDER_12859,551.68,INR,captured,2026-05-05T13:35:00Z,upi,MREF_12859
PAY_12860,ORDER_12860,6246.24,INR,captured,2026-06-17T10:45:00Z,netbanking,MREF_12860
PAY_12861,ORDER_12861,2630.96,INR,captured,2026-05-27T17:10:00Z,card,MREF_12861
PAY_12862,ORDER_12862,5457.99,INR,captured,2026-05-16T18:55:00Z,card,MREF_12862
PAY_12863,ORDER_12863,7963.96,INR,captured,2026-05-24T06:27:00Z,upi,MREF_12863
PAY_12864,ORDER_12864,8553.88,INR,captured,2026-06-18T07:08:00Z,upi,MREF_12864
PAY_12865,ORDER_12865,8719.15,INR,captured,2026-04-20T07:47:00Z,netbanking,MREF_12865
PAY_12866,ORDER_12866,1511.44,INR,captured,2026-04-09T09:35:00Z,wallet,MREF_12866
PAY_12867,ORDER_12867,858.82,INR,captured,2026-03-28T12:45:00Z,upi,MREF_12867
PAY_12868,ORDER_12868,3146.05,INR,captured,2026-04-03T15:32:00Z,netbanking,MREF_12868
PAY_12869,ORDER_12869,4211.16,INR,captured,2026-04-13T11:52:00Z,wallet,MREF_12869
PAY_12870,ORDER_12870,4364.91,INR,captured,2026-06-14T17:07:00Z,netbanking,MREF_12870
PAY_12871,ORDER_12871,1049.49,INR,captured,2026-05-03T14:34:00Z,card,MREF_12871
PAY_12872,ORDER_12872,3688.78,INR,captured,2026-03-24T11:26:00Z,card,MREF_12872
PAY_12873,ORDER_12873,5315.22,INR,captured,2026-03-09T08:33:00Z,netbanking,MREF_12873
PAY_12874,ORDER_12874,8935.05,INR,captured,2026-04-01T09:14:00Z,upi,MREF_12874
PAY_12875,ORDER_12875,956.94,INR,captured,2026-03-11T20:49:00Z,netbanking,MREF_12875
PAY_12876,ORDER_12876,7591.05,INR,captured,2026-06-26T06:36:00Z,upi,MREF_12876
PAY_12877,ORDER_12877,8000.40,INR,captured,2026-06-25T19:20:00Z,wallet,MREF_12877
PAY_12878,ORDER_12878,1792.50,INR,captured,2026-04-26T10:29:00Z,netbanking,MREF_12878
PAY_12879,ORDER_12879,6947.86,INR,captured,2026-05-22T19:44:00Z,upi,MREF_12879
PAY_12880,ORDER_12880,7234.20,INR,captured,2026-04-01T13:44:00Z,wallet,MREF_12880
PAY_12881,ORDER_12881,5282.35,INR,captured,2026-05-17T09:39:00Z,upi,MREF_12881
PAY_12882,ORDER_12882,3061.96,INR,captured,2026-05-25T17:23:00Z,upi,MREF_12882
PAY_12883,ORDER_12883,9304.36,INR,captured,2026-06-24T21:23:00Z,wallet,MREF_12883
PAY_12884,ORDER_12884,4117.53,INR,captured,2026-06-22T09:17:00Z,wallet,MREF_12884
PAY_12885,ORDER_12885,4678.11,INR,captured,2026-05-15T19:39:00Z,card,MREF_12885
PAY_12886,ORDER_12886,6706.94,INR,captured,2026-05-19T13:43:00Z,netbanking,MREF_12886
PAY_12887,ORDER_12887,8751.94,INR,captured,2026-03-12T14:15:00Z,netbanking,MREF_12887
PAY_12888,ORDER_12888,8473.05,INR,captured,2026-06-24T14:53:00Z,netbanking,MREF_12888
PAY_12889,ORDER_12889,237.54,INR,captured,2026-04-26T10:48:00Z,wallet,MREF_12889
PAY_12890,ORDER_12890,7442.55,INR,captured,2026-04-24T11:18:00Z,netbanking,MREF_12890
PAY_12891,ORDER_12891,5668.28,INR,captured,2026-03-29T14:19:00Z,card,MREF_12891
PAY_12892,ORDER_12892,6109.05,INR,captured,2026-05-16T17:35:00Z,netbanking,MREF_12892
PAY_12893,ORDER_12893,4534.22,INR,captured,2026-04-26T20:02:00Z,wallet,MREF_12893
PAY_12894,ORDER_12894,9065.28,INR,captured,2026-03-30T09:58:00Z,upi,MREF_12894
PAY_12895,ORDER_12895,6860.39,INR,captured,2026-04-07T19:03:00Z,wallet,MREF_12895
PAY_12896,ORDER_12896,7118.88,INR,captured,2026-04-29T18:21:00Z,netbanking,MREF_12896
PAY_12897,ORDER_12897,341.76,INR,captured,2026-06-28T09:22:00Z,upi,MREF_12897
PAY_12898,ORDER_12898,614.20,INR,captured,2026-04-01T15:35:00Z,netbanking,MREF_12898
PAY_12899,ORDER_12899,7479.68,INR,captured,2026-06-02T17:17:00Z,upi,MREF_12899
PAY_12900,ORDER_12900,248.42,INR,captured,2026-04-15T10:44:00Z,upi,MREF_12900
PAY_12901,ORDER_12901,223.08,INR,captured,2026-06-16T21:24:00Z,card,MREF_12901
PAY_12902,ORDER_12902,8276.17,INR,captured,2026-04-18T16:23:00Z,wallet,MREF_12902
PAY_12903,ORDER_12903,3005.77,INR,captured,2026-06-06T16:29:00Z,card,MREF_12903
PAY_12904,ORDER_12904,6992.44,INR,captured,2026-04-18T12:35:00Z,netbanking,MREF_12904
PAY_12905,ORDER_12905,780.08,INR,captured,2026-05-11T15:25:00Z,upi,MREF_12905
PAY_12906,ORDER_12906,9324.44,INR,captured,2026-03-29T13:26:00Z,card,MREF_12906
PAY_12907,ORDER_12907,3215.82,INR,captured,2026-03-15T06:19:00Z,wallet,MREF_12907
PAY_12908,ORDER_12908,6039.92,INR,captured,2026-03-30T15:05:00Z,wallet,MREF_12908
PAY_12909,ORDER_12909,3885.42,INR,captured,2026-06-06T18:46:00Z,wallet,MREF_12909
PAY_12910,ORDER_12910,8656.05,INR,captured,2026-06-08T14:01:00Z,wallet,MREF_12910
PAY_12911,ORDER_12911,6475.00,INR,captured,2026-03-02T06:06:00Z,card,MREF_12911
PAY_12912,ORDER_12912,1606.60,INR,captured,2026-06-08T13:13:00Z,netbanking,MREF_12912
PAY_12913,ORDER_12913,766.93,INR,captured,2026-04-12T12:38:00Z,netbanking,MREF_12913
PAY_12914,ORDER_12914,9004.46,INR,captured,2026-05-12T07:43:00Z,upi,MREF_12914
PAY_12915,ORDER_12915,7920.07,INR,captured,2026-04-13T20:41:00Z,wallet,MREF_12915
PAY_12916,ORDER_12916,9224.30,INR,captured,2026-04-03T18:27:00Z,card,MREF_12916
PAY_12917,ORDER_12917,2121.18,INR,captured,2026-06-15T21:41:00Z,wallet,MREF_12917
PAY_12918,ORDER_12918,5027.13,INR,captured,2026-06-16T19:11:00Z,card,MREF_12918
PAY_12919,ORDER_12919,6563.99,INR,captured,2026-04-19T15:18:00Z,wallet,MREF_12919
PAY_12920,ORDER_12920,9067.77,INR,captured,2026-06-18T13:40:00Z,upi,MREF_12920
PAY_12921,ORDER_12921,9367.06,INR,captured,2026-06-09T12:25:00Z,upi,MREF_12921
PAY_12922,ORDER_12922,1076.20,INR,captured,2026-05-22T19:22:00Z,upi,MREF_12922
PAY_12923,ORDER_12923,2573.11,INR,captured,2026-05-24T07:20:00Z,netbanking,MREF_12923
PAY_12924,ORDER_12924,1694.48,INR,captured,2026-04-07T21:01:00Z,netbanking,MREF_12924
PAY_12925,ORDER_12925,7664.81,INR,captured,2026-06-08T06:44:00Z,upi,MREF_12925
PAY_12926,ORDER_12926,171.29,INR,captured,2026-03-11T09:57:00Z,wallet,MREF_12926
PAY_12927,ORDER_12927,7173.24,INR,captured,2026-06-06T09:36:00Z,netbanking,MREF_12927
PAY_12928,ORDER_12928,5420.07,INR,captured,2026-05-29T19:15:00Z,card,MREF_12928
PAY_12929,ORDER_12929,8846.30,INR,captured,2026-04-08T17:42:00Z,netbanking,MREF_12929
PAY_12930,ORDER_12930,6338.91,INR,captured,2026-06-27T16:56:00Z,wallet,MREF_12930
PAY_12931,ORDER_12931,7277.15,INR,captured,2026-04-07T07:26:00Z,card,MREF_12931
PAY_12932,ORDER_12932,6546.74,INR,captured,2026-06-25T19:13:00Z,upi,MREF_12932
PAY_12933,ORDER_12933,286.64,INR,captured,2026-04-02T16:16:00Z,card,MREF_12933
PAY_12934,ORDER_12934,9383.91,INR,captured,2026-03-20T12:31:00Z,wallet,MREF_12934
PAY_12935,ORDER_12935,4780.69,INR,captured,2026-03-18T17:23:00Z,wallet,MREF_12935
PAY_12936,ORDER_12936,3293.89,INR,captured,2026-05-04T21:39:00Z,wallet,MREF_12936
PAY_12937,ORDER_12937,2456.72,INR,captured,2026-03-14T16:14:00Z,netbanking,MREF_12937
PAY_12938,ORDER_12938,7581.46,INR,captured,2026-03-17T16:49:00Z,wallet,MREF_12938
PAY_12939,ORDER_12939,6040.79,INR,captured,2026-05-12T09:56:00Z,netbanking,MREF_12939
PAY_12940,ORDER_12940,7136.63,INR,captured,2026-04-19T11:51:00Z,upi,MREF_12940
PAY_12941,ORDER_12941,8478.80,INR,captured,2026-04-18T15:40:00Z,card,MREF_12941
PAY_12942,ORDER_12942,8130.60,INR,captured,2026-06-28T16:24:00Z,upi,MREF_12942
PAY_12943,ORDER_12943,8683.84,INR,captured,2026-03-30T13:58:00Z,card,MREF_12943
PAY_12944,ORDER_12944,4252.36,INR,captured,2026-05-22T18:00:00Z,card,MREF_12944
PAY_12945,ORDER_12945,2359.50,INR,captured,2026-06-10T15:35:00Z,netbanking,MREF_12945
PAY_12946,ORDER_12946,2153.03,INR,captured,2026-04-17T18:29:00Z,netbanking,MREF_12946
PAY_12947,ORDER_12947,4832.78,INR,captured,2026-03-08T06:00:00Z,upi,MREF_12947
PAY_12948,ORDER_12948,3253.40,INR,captured,2026-04-14T06:29:00Z,netbanking,MREF_12948
PAY_12949,ORDER_12949,303.60,INR,captured,2026-06-23T14:10:00Z,wallet,MREF_12949
PAY_12950,ORDER_12950,5221.34,INR,captured,2026-05-10T06:35:00Z,netbanking,MREF_12950
PAY_12951,ORDER_12951,2338.80,INR,captured,2026-06-07T14:43:00Z,card,MREF_12951
PAY_12952,ORDER_12952,8949.68,INR,captured,2026-05-25T09:28:00Z,upi,MREF_12952
PAY_12953,ORDER_12953,6648.88,INR,captured,2026-03-14T12:09:00Z,card,MREF_12953
PAY_12954,ORDER_12954,317.48,INR,captured,2026-04-11T19:28:00Z,card,MREF_12954
PAY_12955,ORDER_12955,8500.26,INR,captured,2026-06-10T16:08:00Z,netbanking,MREF_12955
PAY_12956,ORDER_12956,8498.91,INR,captured,2026-03-30T06:44:00Z,wallet,MREF_12956
PAY_12957,ORDER_12957,4735.25,INR,captured,2026-05-23T14:26:00Z,upi,MREF_12957
PAY_12958,ORDER_12958,3993.11,INR,captured,2026-04-12T20:34:00Z,netbanking,MREF_12958
PAY_12959,ORDER_12959,1364.43,INR,captured,2026-06-07T10:03:00Z,upi,MREF_12959
PAY_12960,ORDER_12960,7790.70,INR,captured,2026-05-12T07:15:00Z,upi,MREF_12960
PAY_12961,ORDER_12961,709.21,INR,captured,2026-05-06T12:50:00Z,wallet,MREF_12961
PAY_12962,ORDER_12962,3868.75,INR,captured,2026-06-13T15:08:00Z,card,MREF_12962
PAY_12963,ORDER_12963,6586.86,INR,captured,2026-03-15T21:44:00Z,card,MREF_12963
PAY_12964,ORDER_12964,3060.39,INR,captured,2026-05-04T08:18:00Z,wallet,MREF_12964
PAY_12965,ORDER_12965,5056.00,INR,captured,2026-05-14T06:03:00Z,wallet,MREF_12965
PAY_12966,ORDER_12966,7198.73,INR,captured,2026-04-23T21:38:00Z,wallet,MREF_12966
PAY_12967,ORDER_12967,6282.72,INR,captured,2026-06-23T21:40:00Z,netbanking,MREF_12967
PAY_12968,ORDER_12968,7253.20,INR,captured,2026-06-19T12:00:00Z,netbanking,MREF_12968
PAY_12969,ORDER_12969,3626.86,INR,captured,2026-03-16T08:39:00Z,netbanking,MREF_12969
PAY_12970,ORDER_12970,3967.73,INR,captured,2026-04-16T14:13:00Z,card,MREF_12970
PAY_12971,ORDER_12971,4560.41,INR,captured,2026-06-20T07:18:00Z,upi,MREF_12971
PAY_12972,ORDER_12972,4216.21,INR,captured,2026-06-28T15:12:00Z,wallet,MREF_12972
PAY_12973,ORDER_12973,6917.12,INR,captured,2026-04-20T07:13:00Z,netbanking,MREF_12973
PAY_12974,ORDER_12974,4828.83,INR,captured,2026-06-03T08:34:00Z,card,MREF_12974
PAY_12975,ORDER_12975,2637.66,INR,captured,2026-04-07T13:09:00Z,wallet,MREF_12975
PAY_12976,ORDER_12976,6060.41,INR,captured,2026-06-23T10:24:00Z,card,MREF_12976
PAY_12977,ORDER_12977,8599.71,INR,captured,2026-06-21T12:37:00Z,card,MREF_12977
PAY_12978,ORDER_12978,7202.21,INR,captured,2026-03-15T15:13:00Z,upi,MREF_12978
PAY_12979,ORDER_12979,5015.62,INR,captured,2026-06-05T20:02:00Z,card,MREF_12979
PAY_12980,ORDER_12980,8411.40,INR,captured,2026-04-08T17:01:00Z,netbanking,MREF_12980
PAY_12981,ORDER_12981,6928.59,INR,captured,2026-05-04T13:14:00Z,upi,MREF_12981
PAY_12982,ORDER_12982,3409.29,INR,captured,2026-05-24T11:38:00Z,card,MREF_12982
PAY_12983,ORDER_12983,5570.49,INR,captured,2026-05-01T15:25:00Z,wallet,MREF_12983
PAY_12984,ORDER_12984,553.72,INR,captured,2026-06-07T08:35:00Z,card,MREF_12984
PAY_12985,ORDER_12985,1578.64,INR,captured,2026-05-15T15:37:00Z,card,MREF_12985
PAY_12986,ORDER_12986,6750.73,INR,captured,2026-04-08T09:38:00Z,wallet,MREF_12986
PAY_12987,ORDER_12987,1506.74,INR,captured,2026-05-27T08:23:00Z,netbanking,MREF_12987
PAY_12988,ORDER_12988,4356.70,INR,captured,2026-05-11T16:03:00Z,netbanking,MREF_12988
PAY_12989,ORDER_12989,6671.71,INR,captured,2026-04-24T09:23:00Z,netbanking,MREF_12989
PAY_12990,ORDER_12990,9310.73,INR,captured,2026-06-15T10:39:00Z,card,MREF_12990
PAY_12991,ORDER_12991,1155.95,INR,captured,2026-03-09T18:43:00Z,netbanking,MREF_12991
PAY_12992,ORDER_12992,5228.19,INR,captured,2026-06-09T14:17:00Z,netbanking,MREF_12992
PAY_12993,ORDER_12993,540.12,INR,captured,2026-03-22T17:56:00Z,wallet,MREF_12993
PAY_12994,ORDER_12994,2868.41,INR,captured,2026-05-04T14:33:00Z,netbanking,MREF_12994
PAY_12995,ORDER_12995,2429.60,INR,captured,2026-06-01T15:27:00Z,netbanking,MREF_12995
PAY_12996,ORDER_12996,1714.24,INR,captured,2026-04-07T19:45:00Z,upi,MREF_12996
PAY_12997,ORDER_12997,6140.97,INR,captured,2026-03-30T14:24:00Z,card,MREF_12997
PAY_12998,ORDER_12998,6262.66,INR,captured,2026-06-04T19:02:00Z,netbanking,MREF_12998
PAY_12999,ORDER_12999,2239.56,INR,captured,2026-03-01T09:53:00Z,netbanking,MREF_12999
PAY_13000,ORDER_13000,612.29,INR,captured,2026-06-04T07:08:00Z,netbanking,MREF_13000
PAY_13001,ORDER_13001,1636.76,INR,captured,2026-05-31T17:10:00Z,wallet,MREF_13001
PAY_13002,ORDER_13002,1608.38,INR,captured,2026-06-21T06:52:00Z,wallet,MREF_13002
PAY_13003,ORDER_13003,4784.07,INR,captured,2026-06-23T08:05:00Z,upi,MREF_13003
PAY_13004,ORDER_13004,2546.10,INR,captured,2026-05-23T20:25:00Z,wallet,MREF_13004
PAY_13005,ORDER_13005,3020.13,INR,captured,2026-03-23T10:17:00Z,card,MREF_13005
PAY_13006,ORDER_13006,3608.80,INR,captured,2026-03-25T06:00:00Z,wallet,MREF_13006
PAY_13007,ORDER_13007,4089.80,INR,captured,2026-06-15T21:59:00Z,upi,MREF_13007
PAY_13008,ORDER_13008,2155.73,INR,captured,2026-05-10T21:59:00Z,wallet,MREF_13008
PAY_13009,ORDER_13009,989.05,INR,captured,2026-04-13T20:26:00Z,wallet,MREF_13009
PAY_13010,ORDER_13010,2960.16,INR,captured,2026-04-14T21:29:00Z,netbanking,MREF_13010
PAY_13011,ORDER_13011,2092.74,INR,captured,2026-06-22T08:21:00Z,upi,MREF_13011
PAY_13012,ORDER_13012,7179.71,INR,captured,2026-03-15T15:02:00Z,upi,MREF_13012
PAY_13013,ORDER_13013,6189.70,INR,captured,2026-03-19T15:30:00Z,upi,MREF_13013
PAY_13014,ORDER_13014,4982.84,INR,captured,2026-03-29T09:05:00Z,upi,MREF_13014
PAY_13015,ORDER_13015,8485.51,INR,captured,2026-06-24T12:17:00Z,wallet,MREF_13015
PAY_13016,ORDER_13016,4837.05,INR,captured,2026-06-14T06:18:00Z,card,MREF_13016
PAY_13017,ORDER_13017,933.73,INR,captured,2026-05-21T14:27:00Z,netbanking,MREF_13017
PAY_13018,ORDER_13018,4422.69,INR,captured,2026-03-11T08:10:00Z,upi,MREF_13018
PAY_13019,ORDER_13019,2615.67,INR,captured,2026-05-28T09:32:00Z,wallet,MREF_13019
PAY_13020,ORDER_13020,468.88,INR,captured,2026-04-10T21:52:00Z,card,MREF_13020
PAY_13021,ORDER_13021,3121.78,INR,captured,2026-05-16T15:20:00Z,card,MREF_13021
PAY_13022,ORDER_13022,891.26,INR,captured,2026-03-11T17:19:00Z,upi,MREF_13022
PAY_13023,ORDER_13023,361.99,INR,captured,2026-03-29T17:15:00Z,card,MREF_13023
PAY_13024,ORDER_13024,7753.97,INR,captured,2026-03-12T06:08:00Z,upi,MREF_13024
PAY_13025,ORDER_13025,3068.54,INR,captured,2026-05-04T20:37:00Z,wallet,MREF_13025
PAY_13026,ORDER_13026,1546.02,INR,captured,2026-03-17T12:36:00Z,upi,MREF_13026
PAY_13027,ORDER_13027,3752.83,INR,captured,2026-04-30T08:49:00Z,upi,MREF_13027
PAY_13028,ORDER_13028,452.13,INR,captured,2026-04-11T14:46:00Z,wallet,MREF_13028
PAY_13029,ORDER_13029,8024.00,INR,captured,2026-05-17T09:11:00Z,upi,MREF_13029
PAY_13030,ORDER_13030,3698.34,INR,captured,2026-03-01T17:40:00Z,upi,MREF_13030
PAY_13031,ORDER_13031,6090.23,INR,captured,2026-06-11T16:57:00Z,upi,MREF_13031
PAY_13032,ORDER_13032,221.43,INR,captured,2026-04-25T06:56:00Z,netbanking,MREF_13032
PAY_13033,ORDER_13033,7325.13,INR,captured,2026-05-19T17:56:00Z,netbanking,MREF_13033
PAY_13034,ORDER_13034,6573.70,INR,captured,2026-06-07T20:57:00Z,card,MREF_13034
PAY_13035,ORDER_13035,3304.15,INR,captured,2026-03-12T09:24:00Z,netbanking,MREF_13035
PAY_13036,ORDER_13036,7378.14,INR,captured,2026-04-07T14:43:00Z,netbanking,MREF_13036
PAY_13037,ORDER_13037,1094.99,INR,captured,2026-05-23T07:17:00Z,netbanking,MREF_13037
PAY_13038,ORDER_13038,7316.96,INR,captured,2026-04-18T07:17:00Z,card,MREF_13038
PAY_13039,ORDER_13039,7924.61,INR,captured,2026-06-10T17:16:00Z,card,MREF_13039
PAY_13040,ORDER_13040,830.92,INR,captured,2026-06-21T19:27:00Z,netbanking,MREF_13040
PAY_13041,ORDER_13041,6068.56,INR,captured,2026-04-01T16:22:00Z,wallet,MREF_13041
PAY_13042,ORDER_13042,3531.05,INR,captured,2026-05-28T07:06:00Z,wallet,MREF_13042
PAY_13043,ORDER_13043,4796.09,INR,captured,2026-04-20T13:26:00Z,card,MREF_13043
PAY_13044,ORDER_13044,2764.44,INR,captured,2026-05-27T07:56:00Z,upi,MREF_13044
PAY_13045,ORDER_13045,3487.26,INR,captured,2026-06-22T07:27:00Z,netbanking,MREF_13045
PAY_13046,ORDER_13046,2483.05,INR,captured,2026-03-18T18:53:00Z,wallet,MREF_13046
PAY_13047,ORDER_13047,8346.61,INR,captured,2026-03-26T20:12:00Z,card,MREF_13047
PAY_13048,ORDER_13048,487.72,INR,captured,2026-04-09T19:05:00Z,card,MREF_13048
PAY_13049,ORDER_13049,7309.07,INR,captured,2026-05-10T12:35:00Z,netbanking,MREF_13049
PAY_13050,ORDER_13050,911.28,INR,captured,2026-04-11T14:55:00Z,upi,MREF_13050
PAY_13051,ORDER_13051,694.30,INR,captured,2026-05-30T15:13:00Z,upi,MREF_13051
PAY_13052,ORDER_13052,2609.49,INR,captured,2026-06-20T15:20:00Z,wallet,MREF_13052
PAY_13053,ORDER_13053,9487.72,INR,captured,2026-05-30T16:24:00Z,upi,MREF_13053
PAY_13054,ORDER_13054,3299.95,INR,captured,2026-03-07T10:55:00Z,netbanking,MREF_13054
PAY_13055,ORDER_13055,7158.17,INR,captured,2026-05-06T07:08:00Z,card,MREF_13055
PAY_13056,ORDER_13056,5344.46,INR,captured,2026-06-08T13:51:00Z,card,MREF_13056
PAY_13057,ORDER_13057,5838.47,INR,captured,2026-06-11T11:48:00Z,wallet,MREF_13057
PAY_13058,ORDER_13058,882.38,INR,captured,2026-03-22T10:12:00Z,upi,MREF_13058
PAY_13059,ORDER_13059,2833.60,INR,captured,2026-06-07T10:19:00Z,card,MREF_13059
PAY_13060,ORDER_13060,5596.13,INR,captured,2026-04-05T09:36:00Z,netbanking,MREF_13060
PAY_13061,ORDER_13061,4118.48,INR,captured,2026-04-02T19:44:00Z,netbanking,MREF_13061
PAY_13062,ORDER_13062,1412.26,INR,captured,2026-05-04T12:09:00Z,upi,MREF_13062
PAY_13063,ORDER_13063,5904.68,INR,captured,2026-04-03T18:48:00Z,wallet,MREF_13063
PAY_13064,ORDER_13064,9230.88,INR,captured,2026-03-01T12:52:00Z,netbanking,MREF_13064
PAY_13065,ORDER_13065,7403.65,INR,captured,2026-03-12T11:34:00Z,netbanking,MREF_13065
PAY_13066,ORDER_13066,6767.49,INR,captured,2026-03-02T19:13:00Z,card,MREF_13066
PAY_13067,ORDER_13067,8892.94,INR,captured,2026-06-12T17:44:00Z,wallet,MREF_13067
PAY_13068,ORDER_13068,7363.23,INR,captured,2026-05-28T10:20:00Z,netbanking,MREF_13068
PAY_13069,ORDER_13069,3980.80,INR,captured,2026-05-15T20:48:00Z,card,MREF_13069
PAY_13070,ORDER_13070,771.24,INR,captured,2026-05-04T11:20:00Z,card,MREF_13070
PAY_13071,ORDER_13071,7147.24,INR,captured,2026-05-04T14:05:00Z,card,MREF_13071
PAY_13072,ORDER_13072,3292.63,INR,captured,2026-06-10T12:31:00Z,card,MREF_13072
PAY_13073,ORDER_13073,5773.21,INR,captured,2026-05-01T17:57:00Z,card,MREF_13073
PAY_13074,ORDER_13074,6327.04,INR,captured,2026-03-29T15:55:00Z,card,MREF_13074
PAY_13075,ORDER_13075,6465.70,INR,captured,2026-03-31T20:55:00Z,upi,MREF_13075
PAY_13076,ORDER_13076,6871.08,INR,captured,2026-05-20T19:03:00Z,card,MREF_13076
PAY_13077,ORDER_13077,975.59,INR,captured,2026-05-03T19:41:00Z,netbanking,MREF_13077
PAY_13078,ORDER_13078,1852.61,INR,captured,2026-03-12T15:57:00Z,card,MREF_13078
PAY_13079,ORDER_13079,9466.51,INR,captured,2026-06-27T20:13:00Z,card,MREF_13079
PAY_13080,ORDER_13080,4679.60,INR,captured,2026-03-19T18:43:00Z,netbanking,MREF_13080
PAY_13081,ORDER_13081,1182.23,INR,captured,2026-06-28T16:40:00Z,wallet,MREF_13081
PAY_13082,ORDER_13082,2458.52,INR,captured,2026-04-30T06:49:00Z,card,MREF_13082
PAY_13083,ORDER_13083,3561.14,INR,captured,2026-03-20T09:53:00Z,wallet,MREF_13083
PAY_13084,ORDER_13084,5426.59,INR,captured,2026-05-26T16:38:00Z,upi,MREF_13084
PAY_13085,ORDER_13085,1844.35,INR,captured,2026-05-13T06:46:00Z,card,MREF_13085
PAY_13086,ORDER_13086,3619.50,INR,captured,2026-04-02T20:58:00Z,upi,MREF_13086
PAY_13087,ORDER_13087,7361.98,INR,captured,2026-04-30T08:48:00Z,upi,MREF_13087
PAY_13088,ORDER_13088,4414.88,INR,captured,2026-04-15T09:52:00Z,upi,MREF_13088
PAY_13089,ORDER_13089,2823.92,INR,captured,2026-05-18T09:45:00Z,upi,MREF_13089
PAY_13090,ORDER_13090,826.92,INR,captured,2026-03-15T09:52:00Z,card,MREF_13090
PAY_13091,ORDER_13091,1798.64,INR,captured,2026-05-28T10:51:00Z,netbanking,MREF_13091
PAY_13092,ORDER_13092,2544.54,INR,captured,2026-03-30T21:38:00Z,upi,MREF_13092
PAY_13093,ORDER_13093,6430.16,INR,captured,2026-03-18T11:34:00Z,netbanking,MREF_13093
PAY_13094,ORDER_13094,4083.18,INR,captured,2026-06-09T15:37:00Z,wallet,MREF_13094
PAY_13095,ORDER_13095,5897.62,INR,captured,2026-05-13T07:34:00Z,wallet,MREF_13095
PAY_13096,ORDER_13096,6686.32,INR,captured,2026-04-16T16:23:00Z,wallet,MREF_13096
PAY_13097,ORDER_13097,2623.32,INR,captured,2026-06-04T15:39:00Z,card,MREF_13097
PAY_13098,ORDER_13098,269.01,INR,captured,2026-04-05T11:49:00Z,netbanking,MREF_13098
PAY_13099,ORDER_13099,8189.00,INR,captured,2026-03-15T16:54:00Z,upi,MREF_13099
PAY_13100,ORDER_13100,4294.66,INR,captured,2026-05-22T07:58:00Z,wallet,MREF_13100
PAY_13101,ORDER_13101,5341.86,INR,captured,2026-06-03T11:24:00Z,netbanking,MREF_13101
PAY_13102,ORDER_13102,8726.97,INR,captured,2026-06-05T18:36:00Z,netbanking,MREF_13102
PAY_13103,ORDER_13103,3085.17,INR,captured,2026-04-10T18:18:00Z,upi,MREF_13103
PAY_13104,ORDER_13104,503.57,INR,captured,2026-04-18T11:21:00Z,netbanking,MREF_13104
PAY_13105,ORDER_13105,1952.60,INR,captured,2026-06-06T18:40:00Z,netbanking,MREF_13105
PAY_13106,ORDER_13106,8364.98,INR,captured,2026-06-25T15:54:00Z,netbanking,MREF_13106
PAY_13107,ORDER_13107,8208.65,INR,captured,2026-05-03T17:16:00Z,netbanking,MREF_13107
PAY_13108,ORDER_13108,1407.94,INR,captured,2026-06-06T20:57:00Z,upi,MREF_13108
PAY_13109,ORDER_13109,1624.32,INR,captured,2026-03-26T20:07:00Z,card,MREF_13109
PAY_13110,ORDER_13110,6819.44,INR,captured,2026-06-14T19:29:00Z,netbanking,MREF_13110
PAY_13111,ORDER_13111,5300.30,INR,captured,2026-03-13T12:05:00Z,netbanking,MREF_13111
PAY_13112,ORDER_13112,2853.93,INR,captured,2026-06-19T12:24:00Z,card,MREF_13112
PAY_13113,ORDER_13113,2495.07,INR,captured,2026-06-26T06:35:00Z,upi,MREF_13113
PAY_13114,ORDER_13114,7942.76,INR,captured,2026-04-16T14:08:00Z,upi,MREF_13114
PAY_13115,ORDER_13115,5249.76,INR,captured,2026-04-11T18:20:00Z,wallet,MREF_13115
PAY_13116,ORDER_13116,3762.66,INR,captured,2026-05-01T15:43:00Z,upi,MREF_13116
PAY_13117,ORDER_13117,1504.68,INR,captured,2026-05-08T13:20:00Z,netbanking,MREF_13117
PAY_13118,ORDER_13118,8173.45,INR,captured,2026-04-06T10:45:00Z,netbanking,MREF_13118
PAY_13119,ORDER_13119,6132.57,INR,captured,2026-05-14T16:04:00Z,netbanking,MREF_13119
PAY_13120,ORDER_13120,1702.74,INR,captured,2026-04-17T19:38:00Z,card,MREF_13120
PAY_13121,ORDER_13121,2603.80,INR,captured,2026-05-11T12:24:00Z,wallet,MREF_13121
PAY_13122,ORDER_13122,4425.58,INR,captured,2026-03-30T16:20:00Z,netbanking,MREF_13122
PAY_13123,ORDER_13123,4576.57,INR,captured,2026-03-29T08:56:00Z,wallet,MREF_13123
PAY_13124,ORDER_13124,455.59,INR,captured,2026-06-03T15:17:00Z,upi,MREF_13124
PAY_13125,ORDER_13125,9175.28,INR,captured,2026-03-11T09:03:00Z,wallet,MREF_13125
PAY_13126,ORDER_13126,9375.58,INR,captured,2026-04-15T08:03:00Z,wallet,MREF_13126
PAY_13127,ORDER_13127,9379.58,INR,captured,2026-05-26T19:45:00Z,wallet,MREF_13127
PAY_13128,ORDER_13128,1675.78,INR,captured,2026-03-03T11:08:00Z,netbanking,MREF_13128
PAY_13129,ORDER_13129,8760.04,INR,captured,2026-05-03T13:24:00Z,card,MREF_13129
PAY_13130,ORDER_13130,5821.98,INR,captured,2026-04-04T21:57:00Z,netbanking,MREF_13130
PAY_13131,ORDER_13131,6590.89,INR,captured,2026-05-07T15:42:00Z,card,MREF_13131
PAY_13132,ORDER_13132,7532.35,INR,captured,2026-05-11T08:32:00Z,upi,MREF_13132
PAY_13133,ORDER_13133,1226.08,INR,captured,2026-04-05T11:59:00Z,upi,MREF_13133
PAY_13134,ORDER_13134,1343.67,INR,captured,2026-06-27T18:00:00Z,wallet,MREF_13134
PAY_13135,ORDER_13135,2486.05,INR,captured,2026-06-07T20:53:00Z,upi,MREF_13135
PAY_13136,ORDER_13136,8020.07,INR,captured,2026-04-07T14:53:00Z,card,MREF_13136
PAY_13137,ORDER_13137,3475.07,INR,captured,2026-05-24T18:45:00Z,card,MREF_13137
PAY_13138,ORDER_13138,222.86,INR,captured,2026-06-15T16:30:00Z,upi,MREF_13138
PAY_13139,ORDER_13139,1216.22,INR,captured,2026-03-12T13:24:00Z,card,MREF_13139
PAY_13140,ORDER_13140,6306.12,INR,captured,2026-05-21T07:45:00Z,wallet,MREF_13140
PAY_13141,ORDER_13141,8825.68,INR,captured,2026-06-12T20:28:00Z,netbanking,MREF_13141
PAY_13142,ORDER_13142,4759.44,INR,captured,2026-06-10T14:03:00Z,netbanking,MREF_13142
PAY_13143,ORDER_13143,1983.32,INR,captured,2026-05-08T15:35:00Z,upi,MREF_13143
PAY_13144,ORDER_13144,571.31,INR,captured,2026-05-09T19:46:00Z,card,MREF_13144
PAY_13145,ORDER_13145,5991.23,INR,captured,2026-04-21T16:30:00Z,netbanking,MREF_13145
PAY_13146,ORDER_13146,295.27,INR,captured,2026-05-23T09:02:00Z,wallet,MREF_13146
PAY_13147,ORDER_13147,1549.99,INR,captured,2026-05-24T16:56:00Z,card,MREF_13147
PAY_13148,ORDER_13148,8199.90,INR,captured,2026-04-15T09:12:00Z,card,MREF_13148
PAY_13149,ORDER_13149,9434.11,INR,captured,2026-06-26T08:03:00Z,card,MREF_13149
PAY_13150,ORDER_13150,4214.88,INR,captured,2026-04-07T21:19:00Z,card,MREF_13150
PAY_13151,ORDER_13151,9164.98,INR,captured,2026-04-06T13:49:00Z,card,MREF_13151
PAY_13152,ORDER_13152,4214.62,INR,captured,2026-03-23T13:59:00Z,card,MREF_13152
PAY_13153,ORDER_13153,9298.32,INR,captured,2026-06-06T19:19:00Z,netbanking,MREF_13153
PAY_13154,ORDER_13154,1085.66,INR,captured,2026-04-12T08:47:00Z,upi,MREF_13154
PAY_13155,ORDER_13155,6608.85,INR,captured,2026-03-01T15:20:00Z,wallet,MREF_13155
PAY_13156,ORDER_13156,3501.71,INR,captured,2026-06-22T06:02:00Z,upi,MREF_13156
PAY_13157,ORDER_13157,7764.73,INR,captured,2026-04-19T08:14:00Z,card,MREF_13157
PAY_13158,ORDER_13158,9240.59,INR,captured,2026-03-28T10:53:00Z,wallet,MREF_13158
PAY_13159,ORDER_13159,1567.92,INR,captured,2026-04-18T07:23:00Z,card,MREF_13159
PAY_13160,ORDER_13160,7565.52,INR,captured,2026-04-27T21:18:00Z,upi,MREF_13160
PAY_13161,ORDER_13161,6141.92,INR,captured,2026-03-23T16:37:00Z,upi,MREF_13161
PAY_13162,ORDER_13162,7701.13,INR,captured,2026-04-08T21:51:00Z,netbanking,MREF_13162
PAY_13163,ORDER_13163,7772.32,INR,captured,2026-03-07T19:20:00Z,upi,MREF_13163
PAY_13164,ORDER_13164,3440.34,INR,captured,2026-05-27T08:40:00Z,upi,MREF_13164
PAY_13165,ORDER_13165,4855.51,INR,captured,2026-03-28T19:39:00Z,card,MREF_13165
PAY_13166,ORDER_13166,2866.08,INR,captured,2026-05-10T17:12:00Z,upi,MREF_13166
PAY_13167,ORDER_13167,2933.79,INR,captured,2026-05-23T20:40:00Z,upi,MREF_13167
PAY_13168,ORDER_13168,2195.41,INR,captured,2026-05-03T08:24:00Z,card,MREF_13168
PAY_13169,ORDER_13169,2800.75,INR,captured,2026-05-17T20:16:00Z,wallet,MREF_13169
PAY_13170,ORDER_13170,4294.07,INR,captured,2026-04-01T14:07:00Z,upi,MREF_13170
PAY_13171,ORDER_13171,7847.56,INR,captured,2026-03-24T06:22:00Z,wallet,MREF_13171
PAY_13172,ORDER_13172,6593.05,INR,captured,2026-03-03T08:19:00Z,card,MREF_13172
PAY_13173,ORDER_13173,8644.74,INR,captured,2026-05-31T06:52:00Z,wallet,MREF_13173
PAY_13174,ORDER_13174,550.24,INR,captured,2026-03-21T18:11:00Z,wallet,MREF_13174
PAY_13175,ORDER_13175,2759.81,INR,captured,2026-04-14T19:04:00Z,upi,MREF_13175
PAY_13176,ORDER_13176,4934.86,INR,captured,2026-03-02T06:21:00Z,card,MREF_13176
PAY_13177,ORDER_13177,8417.81,INR,captured,2026-06-14T12:32:00Z,netbanking,MREF_13177
PAY_13178,ORDER_13178,5012.71,INR,captured,2026-05-16T07:10:00Z,card,MREF_13178
PAY_13179,ORDER_13179,274.98,INR,captured,2026-04-26T14:47:00Z,wallet,MREF_13179
PAY_13180,ORDER_13180,1703.73,INR,captured,2026-05-03T14:17:00Z,wallet,MREF_13180
PAY_13181,ORDER_13181,723.08,INR,captured,2026-04-02T12:49:00Z,netbanking,MREF_13181
PAY_13182,ORDER_13182,4923.94,INR,captured,2026-04-21T10:45:00Z,netbanking,MREF_13182
PAY_13183,ORDER_13183,5796.12,INR,captured,2026-03-23T17:31:00Z,card,MREF_13183
PAY_13184,ORDER_13184,654.72,INR,captured,2026-04-03T13:55:00Z,wallet,MREF_13184
PAY_13185,ORDER_13185,5273.57,INR,captured,2026-03-27T06:32:00Z,upi,MREF_13185
PAY_13186,ORDER_13186,4545.81,INR,captured,2026-06-08T07:56:00Z,wallet,MREF_13186
PAY_13187,ORDER_13187,480.76,INR,captured,2026-03-25T13:51:00Z,upi,MREF_13187
PAY_13188,ORDER_13188,3048.42,INR,captured,2026-06-04T06:06:00Z,netbanking,MREF_13188
PAY_13189,ORDER_13189,6804.82,INR,captured,2026-05-16T10:40:00Z,wallet,MREF_13189
PAY_13190,ORDER_13190,1378.02,INR,captured,2026-05-01T06:51:00Z,wallet,MREF_13190
PAY_13191,ORDER_13191,4050.42,INR,captured,2026-04-24T15:09:00Z,netbanking,MREF_13191
PAY_13192,ORDER_13192,2009.85,INR,captured,2026-05-23T13:34:00Z,wallet,MREF_13192
PAY_13193,ORDER_13193,1604.12,INR,captured,2026-06-25T13:50:00Z,netbanking,MREF_13193
PAY_13194,ORDER_13194,7562.73,INR,captured,2026-05-16T09:36:00Z,netbanking,MREF_13194
PAY_13195,ORDER_13195,5732.49,INR,captured,2026-06-04T16:16:00Z,wallet,MREF_13195
PAY_13196,ORDER_13196,4927.25,INR,captured,2026-03-12T21:10:00Z,wallet,MREF_13196
PAY_13197,ORDER_13197,1249.02,INR,captured,2026-04-26T21:25:00Z,wallet,MREF_13197
PAY_13198,ORDER_13198,6110.66,INR,captured,2026-05-16T06:33:00Z,wallet,MREF_13198
PAY_13199,ORDER_13199,7051.87,INR,captured,2026-06-22T12:23:00Z,netbanking,MREF_13199
PAY_13200,ORDER_13200,685.95,INR,captured,2026-05-08T21:28:00Z,upi,MREF_13200
PAY_13201,ORDER_13201,1715.68,INR,captured,2026-03-15T07:47:00Z,netbanking,MREF_13201
PAY_13202,ORDER_13202,9430.26,INR,captured,2026-03-23T19:12:00Z,card,MREF_13202
PAY_13203,ORDER_13203,6761.02,INR,captured,2026-06-18T14:54:00Z,card,MREF_13203
PAY_13204,ORDER_13204,6811.98,INR,captured,2026-03-23T09:58:00Z,upi,MREF_13204
PAY_13205,ORDER_13205,5358.88,INR,captured,2026-06-04T06:31:00Z,netbanking,MREF_13205
PAY_13206,ORDER_13206,6870.45,INR,captured,2026-04-17T10:01:00Z,card,MREF_13206
PAY_13207,ORDER_13207,4011.34,INR,captured,2026-04-20T12:20:00Z,netbanking,MREF_13207
PAY_13208,ORDER_13208,5864.05,INR,captured,2026-06-25T18:11:00Z,wallet,MREF_13208
PAY_13209,ORDER_13209,1456.84,INR,captured,2026-05-23T15:50:00Z,netbanking,MREF_13209
PAY_13210,ORDER_13210,5702.00,INR,captured,2026-06-23T08:30:00Z,wallet,MREF_13210
PAY_13211,ORDER_13211,5098.45,INR,captured,2026-05-20T13:12:00Z,upi,MREF_13211
PAY_13212,ORDER_13212,289.07,INR,captured,2026-04-16T17:11:00Z,wallet,MREF_13212
PAY_13213,ORDER_13213,732.69,INR,captured,2026-05-26T15:34:00Z,upi,MREF_13213
PAY_13214,ORDER_13214,6723.72,INR,captured,2026-06-10T12:40:00Z,netbanking,MREF_13214
PAY_13215,ORDER_13215,1005.28,INR,captured,2026-06-13T08:28:00Z,upi,MREF_13215
PAY_13216,ORDER_13216,5580.40,INR,captured,2026-03-11T11:03:00Z,upi,MREF_13216
PAY_13217,ORDER_13217,7585.63,INR,captured,2026-03-09T14:15:00Z,netbanking,MREF_13217
PAY_13218,ORDER_13218,1409.53,INR,captured,2026-06-17T20:19:00Z,upi,MREF_13218
PAY_13219,ORDER_13219,8413.98,INR,captured,2026-05-23T15:45:00Z,upi,MREF_13219
PAY_13220,ORDER_13220,6255.62,INR,captured,2026-05-27T10:49:00Z,netbanking,MREF_13220
PAY_13221,ORDER_13221,5426.45,INR,captured,2026-06-27T14:28:00Z,upi,MREF_13221
PAY_13222,ORDER_13222,6556.67,INR,captured,2026-05-03T11:21:00Z,netbanking,MREF_13222
PAY_13223,ORDER_13223,7065.61,INR,captured,2026-03-12T09:46:00Z,wallet,MREF_13223
PAY_13224,ORDER_13224,8897.56,INR,captured,2026-03-19T13:42:00Z,netbanking,MREF_13224
PAY_13225,ORDER_13225,1215.69,INR,captured,2026-05-15T08:01:00Z,card,MREF_13225
PAY_13226,ORDER_13226,6572.04,INR,captured,2026-06-12T09:18:00Z,netbanking,MREF_13226
PAY_13227,ORDER_13227,6316.01,INR,captured,2026-06-01T19:22:00Z,card,MREF_13227
PAY_13228,ORDER_13228,8341.73,INR,captured,2026-04-03T06:39:00Z,netbanking,MREF_13228
PAY_13229,ORDER_13229,7104.75,INR,captured,2026-06-03T15:19:00Z,netbanking,MREF_13229
PAY_13230,ORDER_13230,7932.09,INR,captured,2026-03-13T06:47:00Z,netbanking,MREF_13230
PAY_13231,ORDER_13231,2737.55,INR,captured,2026-04-11T08:26:00Z,card,MREF_13231
PAY_13232,ORDER_13232,3688.57,INR,captured,2026-03-05T19:55:00Z,card,MREF_13232
PAY_13233,ORDER_13233,4262.53,INR,captured,2026-05-06T20:11:00Z,upi,MREF_13233
PAY_13234,ORDER_13234,4443.34,INR,captured,2026-03-28T09:14:00Z,card,MREF_13234
PAY_13235,ORDER_13235,4960.26,INR,captured,2026-04-09T10:19:00Z,netbanking,MREF_13235
PAY_13236,ORDER_13236,665.49,INR,captured,2026-03-23T11:48:00Z,wallet,MREF_13236
PAY_13237,ORDER_13237,5432.66,INR,captured,2026-04-10T15:13:00Z,card,MREF_13237
PAY_13238,ORDER_13238,6438.04,INR,captured,2026-03-11T12:42:00Z,wallet,MREF_13238
PAY_13239,ORDER_13239,724.87,INR,captured,2026-05-01T21:21:00Z,card,MREF_13239
PAY_13240,ORDER_13240,6448.43,INR,captured,2026-04-24T14:12:00Z,wallet,MREF_13240
PAY_13241,ORDER_13241,7933.87,INR,captured,2026-06-21T10:24:00Z,wallet,MREF_13241
PAY_13242,ORDER_13242,4270.57,INR,captured,2026-04-23T07:19:00Z,card,MREF_13242
PAY_13243,ORDER_13243,1695.67,INR,captured,2026-05-30T09:16:00Z,card,MREF_13243
PAY_13244,ORDER_13244,8676.67,INR,captured,2026-04-19T14:52:00Z,upi,MREF_13244
PAY_13245,ORDER_13245,695.52,INR,captured,2026-03-22T12:51:00Z,wallet,MREF_13245
PAY_13246,ORDER_13246,6320.81,INR,captured,2026-05-21T16:33:00Z,netbanking,MREF_13246
PAY_13247,ORDER_13247,1533.12,INR,captured,2026-04-01T19:43:00Z,netbanking,MREF_13247
PAY_13248,ORDER_13248,4670.92,INR,captured,2026-04-29T14:27:00Z,netbanking,MREF_13248
PAY_13249,ORDER_13249,8323.62,INR,captured,2026-04-17T18:11:00Z,card,MREF_13249
PAY_13250,ORDER_13250,5054.24,INR,captured,2026-05-22T21:14:00Z,card,MREF_13250
PAY_13251,ORDER_13251,1279.48,INR,captured,2026-04-27T14:32:00Z,netbanking,MREF_13251
PAY_13252,ORDER_13252,4040.51,INR,captured,2026-06-24T18:59:00Z,upi,MREF_13252
PAY_13253,ORDER_13253,2193.61,INR,captured,2026-04-23T10:18:00Z,netbanking,MREF_13253
PAY_13254,ORDER_13254,3412.83,INR,captured,2026-05-13T12:59:00Z,wallet,MREF_13254
PAY_13255,ORDER_13255,1351.23,INR,captured,2026-03-07T06:05:00Z,netbanking,MREF_13255
PAY_13256,ORDER_13256,6185.96,INR,captured,2026-03-31T06:22:00Z,netbanking,MREF_13256
PAY_13257,ORDER_13257,7647.93,INR,captured,2026-05-25T12:20:00Z,wallet,MREF_13257
PAY_13258,ORDER_13258,5291.70,INR,captured,2026-03-10T15:21:00Z,netbanking,MREF_13258
PAY_13259,ORDER_13259,8900.91,INR,captured,2026-04-18T15:17:00Z,netbanking,MREF_13259
PAY_13260,ORDER_13260,8866.62,INR,captured,2026-06-06T12:09:00Z,wallet,MREF_13260
PAY_13261,ORDER_13261,4137.31,INR,captured,2026-04-22T18:25:00Z,upi,MREF_13261
PAY_13262,ORDER_13262,3165.82,INR,captured,2026-05-03T09:50:00Z,wallet,MREF_13262
PAY_13263,ORDER_13263,1304.66,INR,captured,2026-03-08T16:54:00Z,wallet,MREF_13263
PAY_13264,ORDER_13264,6561.45,INR,captured,2026-06-09T15:23:00Z,wallet,MREF_13264
PAY_13265,ORDER_13265,7278.03,INR,captured,2026-03-30T07:33:00Z,wallet,MREF_13265
PAY_13266,ORDER_13266,1895.09,INR,captured,2026-05-11T09:14:00Z,card,MREF_13266
PAY_13267,ORDER_13267,4207.38,INR,captured,2026-06-20T15:18:00Z,wallet,MREF_13267
PAY_13268,ORDER_13268,7183.00,INR,captured,2026-06-27T13:27:00Z,card,MREF_13268
PAY_13269,ORDER_13269,9162.23,INR,captured,2026-06-26T15:10:00Z,netbanking,MREF_13269
PAY_13270,ORDER_13270,8424.16,INR,captured,2026-03-13T19:28:00Z,card,MREF_13270
PAY_13271,ORDER_13271,8451.23,INR,captured,2026-06-13T06:46:00Z,card,MREF_13271
PAY_13272,ORDER_13272,7602.62,INR,captured,2026-03-30T09:25:00Z,upi,MREF_13272
PAY_13273,ORDER_13273,6979.30,INR,captured,2026-06-14T14:42:00Z,card,MREF_13273
PAY_13274,ORDER_13274,7686.61,INR,captured,2026-06-08T06:16:00Z,upi,MREF_13274
PAY_13275,ORDER_13275,1726.73,INR,captured,2026-05-07T07:52:00Z,netbanking,MREF_13275
PAY_13276,ORDER_13276,3424.16,INR,captured,2026-06-18T13:55:00Z,netbanking,MREF_13276
PAY_13277,ORDER_13277,4429.76,INR,captured,2026-06-06T21:36:00Z,netbanking,MREF_13277
PAY_13278,ORDER_13278,349.12,INR,captured,2026-05-26T17:27:00Z,upi,MREF_13278
PAY_13279,ORDER_13279,5889.42,INR,captured,2026-06-25T15:48:00Z,upi,MREF_13279
PAY_13280,ORDER_13280,5267.83,INR,captured,2026-05-07T18:57:00Z,upi,MREF_13280
PAY_13281,ORDER_13281,7990.80,INR,captured,2026-04-20T07:14:00Z,wallet,MREF_13281
PAY_13282,ORDER_13282,6658.69,INR,captured,2026-03-30T09:56:00Z,card,MREF_13282
PAY_13283,ORDER_13283,4205.73,INR,captured,2026-05-27T06:21:00Z,netbanking,MREF_13283
PAY_13284,ORDER_13284,6483.27,INR,captured,2026-03-05T07:08:00Z,card,MREF_13284
PAY_13285,ORDER_13285,6518.06,INR,captured,2026-03-29T17:35:00Z,netbanking,MREF_13285
PAY_13286,ORDER_13286,5716.12,INR,captured,2026-05-10T21:05:00Z,card,MREF_13286
PAY_13287,ORDER_13287,7730.61,INR,captured,2026-03-23T12:53:00Z,wallet,MREF_13287
PAY_13288,ORDER_13288,3644.14,INR,captured,2026-04-05T17:07:00Z,card,MREF_13288
PAY_13289,ORDER_13289,3315.72,INR,captured,2026-03-24T08:33:00Z,upi,MREF_13289
PAY_13290,ORDER_13290,4541.70,INR,captured,2026-05-11T12:12:00Z,upi,MREF_13290
PAY_13291,ORDER_13291,2535.21,INR,captured,2026-04-15T14:16:00Z,netbanking,MREF_13291
PAY_13292,ORDER_13292,5157.67,INR,captured,2026-04-12T15:43:00Z,card,MREF_13292
PAY_13293,ORDER_13293,8237.37,INR,captured,2026-03-04T19:40:00Z,netbanking,MREF_13293
PAY_13294,ORDER_13294,2679.36,INR,captured,2026-04-25T06:01:00Z,wallet,MREF_13294
PAY_13295,ORDER_13295,1391.40,INR,captured,2026-05-22T17:19:00Z,upi,MREF_13295
PAY_13296,ORDER_13296,6586.51,INR,captured,2026-05-26T12:28:00Z,card,MREF_13296
PAY_13297,ORDER_13297,3379.15,INR,captured,2026-06-02T09:27:00Z,wallet,MREF_13297
PAY_13298,ORDER_13298,4810.40,INR,captured,2026-06-19T14:28:00Z,netbanking,MREF_13298
PAY_13299,ORDER_13299,6601.91,INR,captured,2026-05-04T21:42:00Z,upi,MREF_13299
PAY_13300,ORDER_13300,3541.46,INR,captured,2026-06-05T11:15:00Z,wallet,MREF_13300
PAY_13301,ORDER_13301,2306.81,INR,captured,2026-05-03T06:42:00Z,card,MREF_13301
PAY_13302,ORDER_13302,3113.12,INR,captured,2026-06-03T18:59:00Z,upi,MREF_13302
PAY_13303,ORDER_13303,8186.47,INR,captured,2026-05-29T09:41:00Z,card,MREF_13303
PAY_13304,ORDER_13304,1643.90,INR,captured,2026-04-20T12:22:00Z,netbanking,MREF_13304
PAY_13305,ORDER_13305,6249.16,INR,captured,2026-05-04T14:25:00Z,netbanking,MREF_13305
PAY_13306,ORDER_13306,4203.92,INR,captured,2026-05-13T14:51:00Z,card,MREF_13306
PAY_13307,ORDER_13307,5306.98,INR,captured,2026-04-22T17:44:00Z,card,MREF_13307
PAY_13308,ORDER_13308,421.25,INR,captured,2026-06-06T19:46:00Z,upi,MREF_13308
PAY_13309,ORDER_13309,1219.71,INR,captured,2026-04-13T12:05:00Z,wallet,MREF_13309
PAY_13310,ORDER_13310,6959.91,INR,captured,2026-04-02T17:53:00Z,card,MREF_13310
PAY_13311,ORDER_13311,6342.37,INR,captured,2026-05-18T13:18:00Z,wallet,MREF_13311
PAY_13312,ORDER_13312,4637.37,INR,captured,2026-04-21T20:03:00Z,netbanking,MREF_13312
PAY_13313,ORDER_13313,4433.71,INR,captured,2026-03-31T10:14:00Z,wallet,MREF_13313
PAY_13314,ORDER_13314,2238.46,INR,captured,2026-04-12T18:39:00Z,card,MREF_13314
PAY_13315,ORDER_13315,6109.97,INR,captured,2026-06-23T09:13:00Z,card,MREF_13315
PAY_13316,ORDER_13316,3899.91,INR,captured,2026-05-22T12:42:00Z,card,MREF_13316
PAY_13317,ORDER_13317,2956.27,INR,captured,2026-03-30T21:42:00Z,upi,MREF_13317
PAY_13318,ORDER_13318,6236.32,INR,captured,2026-04-04T13:20:00Z,wallet,MREF_13318
PAY_13319,ORDER_13319,7692.63,INR,captured,2026-04-05T18:21:00Z,netbanking,MREF_13319
PAY_13320,ORDER_13320,1290.59,INR,captured,2026-06-07T11:54:00Z,card,MREF_13320
PAY_13321,ORDER_13321,1043.91,INR,captured,2026-03-02T14:00:00Z,wallet,MREF_13321
PAY_13322,ORDER_13322,2715.43,INR,captured,2026-05-02T11:25:00Z,card,MREF_13322
PAY_13323,ORDER_13323,905.60,INR,captured,2026-04-07T06:03:00Z,card,MREF_13323
PAY_13324,ORDER_13324,2693.55,INR,captured,2026-04-28T09:45:00Z,netbanking,MREF_13324
PAY_13325,ORDER_13325,6017.33,INR,captured,2026-06-18T15:07:00Z,upi,MREF_13325
PAY_13326,ORDER_13326,3500.43,INR,captured,2026-04-11T15:25:00Z,netbanking,MREF_13326
PAY_13327,ORDER_13327,806.87,INR,captured,2026-05-24T11:39:00Z,upi,MREF_13327
PAY_13328,ORDER_13328,2685.80,INR,captured,2026-04-17T17:36:00Z,netbanking,MREF_13328
PAY_13329,ORDER_13329,6262.75,INR,captured,2026-05-07T21:06:00Z,card,MREF_13329
PAY_13330,ORDER_13330,7199.92,INR,captured,2026-06-11T12:41:00Z,upi,MREF_13330
PAY_13331,ORDER_13331,1631.92,INR,captured,2026-04-14T20:16:00Z,upi,MREF_13331
PAY_13332,ORDER_13332,6554.22,INR,captured,2026-03-28T19:18:00Z,upi,MREF_13332
PAY_13333,ORDER_13333,5773.12,INR,captured,2026-03-09T17:24:00Z,wallet,MREF_13333
PAY_13334,ORDER_13334,8919.49,INR,captured,2026-03-28T08:35:00Z,wallet,MREF_13334
PAY_13335,ORDER_13335,981.71,INR,captured,2026-03-19T06:55:00Z,upi,MREF_13335
PAY_13336,ORDER_13336,2839.96,INR,captured,2026-04-06T08:39:00Z,wallet,MREF_13336
PAY_13337,ORDER_13337,5464.24,INR,captured,2026-03-02T20:09:00Z,upi,MREF_13337
PAY_13338,ORDER_13338,1913.85,INR,captured,2026-04-19T18:12:00Z,card,MREF_13338
PAY_13339,ORDER_13339,4920.92,INR,captured,2026-04-16T10:53:00Z,upi,MREF_13339
PAY_13340,ORDER_13340,5424.18,INR,captured,2026-04-25T13:03:00Z,netbanking,MREF_13340
PAY_13341,ORDER_13341,5985.45,INR,captured,2026-03-17T14:17:00Z,wallet,MREF_13341
PAY_13342,ORDER_13342,7631.99,INR,captured,2026-06-04T10:32:00Z,card,MREF_13342
PAY_13343,ORDER_13343,6099.55,INR,captured,2026-03-16T17:44:00Z,wallet,MREF_13343
PAY_13344,ORDER_13344,5285.07,INR,captured,2026-05-21T16:03:00Z,netbanking,MREF_13344
PAY_13345,ORDER_13345,7843.51,INR,captured,2026-03-07T12:36:00Z,card,MREF_13345
PAY_13346,ORDER_13346,3694.65,INR,captured,2026-04-25T06:41:00Z,wallet,MREF_13346
PAY_13347,ORDER_13347,4757.03,INR,captured,2026-04-14T15:01:00Z,netbanking,MREF_13347
PAY_13348,ORDER_13348,2430.22,INR,captured,2026-03-20T19:34:00Z,card,MREF_13348
PAY_13349,ORDER_13349,383.65,INR,captured,2026-03-29T21:41:00Z,wallet,MREF_13349
PAY_13350,ORDER_13350,4302.15,INR,captured,2026-06-13T08:44:00Z,wallet,MREF_13350
PAY_13351,ORDER_13351,3033.94,INR,captured,2026-06-22T14:53:00Z,netbanking,MREF_13351
PAY_13352,ORDER_13352,1351.79,INR,captured,2026-06-27T16:35:00Z,wallet,MREF_13352
PAY_13353,ORDER_13353,773.01,INR,captured,2026-06-18T18:45:00Z,wallet,MREF_13353
PAY_13354,ORDER_13354,6525.84,INR,captured,2026-05-27T13:06:00Z,card,MREF_13354
PAY_13355,ORDER_13355,5732.58,INR,captured,2026-03-15T16:58:00Z,upi,MREF_13355
PAY_13356,ORDER_13356,4990.12,INR,captured,2026-03-10T09:02:00Z,upi,MREF_13356
PAY_13357,ORDER_13357,1664.53,INR,captured,2026-04-03T18:39:00Z,upi,MREF_13357
PAY_13358,ORDER_13358,7327.33,INR,captured,2026-06-20T18:07:00Z,upi,MREF_13358
PAY_13359,ORDER_13359,1146.74,INR,captured,2026-03-31T07:49:00Z,netbanking,MREF_13359
PAY_13360,ORDER_13360,5935.42,INR,captured,2026-05-12T10:30:00Z,wallet,MREF_13360
PAY_13361,ORDER_13361,3468.83,INR,captured,2026-03-23T16:58:00Z,card,MREF_13361
PAY_13362,ORDER_13362,5123.24,INR,captured,2026-04-22T17:24:00Z,wallet,MREF_13362
PAY_13363,ORDER_13363,6881.36,INR,captured,2026-03-23T15:28:00Z,upi,MREF_13363
PAY_13364,ORDER_13364,6381.90,INR,captured,2026-04-11T21:10:00Z,netbanking,MREF_13364
PAY_13365,ORDER_13365,1969.39,INR,captured,2026-04-03T19:05:00Z,card,MREF_13365
PAY_13366,ORDER_13366,3258.31,INR,captured,2026-04-18T11:36:00Z,netbanking,MREF_13366
PAY_13367,ORDER_13367,4750.57,INR,captured,2026-03-05T06:24:00Z,netbanking,MREF_13367
PAY_13368,ORDER_13368,7721.82,INR,captured,2026-03-11T10:02:00Z,card,MREF_13368
PAY_13369,ORDER_13369,3162.99,INR,captured,2026-03-08T11:40:00Z,card,MREF_13369
PAY_13370,ORDER_13370,7693.84,INR,captured,2026-03-25T12:47:00Z,netbanking,MREF_13370
PAY_13371,ORDER_13371,882.63,INR,captured,2026-06-12T10:50:00Z,upi,MREF_13371
PAY_13372,ORDER_13372,1535.55,INR,captured,2026-03-12T21:03:00Z,upi,MREF_13372
PAY_13373,ORDER_13373,9040.42,INR,captured,2026-05-10T13:21:00Z,upi,MREF_13373
PAY_13374,ORDER_13374,6750.88,INR,captured,2026-03-03T17:12:00Z,netbanking,MREF_13374
PAY_13375,ORDER_13375,2377.91,INR,captured,2026-04-04T07:42:00Z,upi,MREF_13375
PAY_13376,ORDER_13376,3370.84,INR,captured,2026-03-18T19:28:00Z,card,MREF_13376
PAY_13377,ORDER_13377,7116.31,INR,captured,2026-03-16T21:55:00Z,wallet,MREF_13377
PAY_13378,ORDER_13378,1051.67,INR,captured,2026-03-10T20:04:00Z,card,MREF_13378
PAY_13379,ORDER_13379,3444.73,INR,captured,2026-05-12T08:36:00Z,wallet,MREF_13379
PAY_13380,ORDER_13380,7849.96,INR,captured,2026-03-16T15:30:00Z,upi,MREF_13380
PAY_13381,ORDER_13381,2946.28,INR,captured,2026-03-23T09:29:00Z,card,MREF_13381
PAY_13382,ORDER_13382,7426.21,INR,captured,2026-04-28T19:51:00Z,wallet,MREF_13382
PAY_13383,ORDER_13383,6680.94,INR,captured,2026-06-21T13:23:00Z,card,MREF_13383
PAY_13384,ORDER_13384,4544.98,INR,captured,2026-05-23T09:32:00Z,wallet,MREF_13384
PAY_13385,ORDER_13385,1221.05,INR,captured,2026-04-26T10:43:00Z,netbanking,MREF_13385
PAY_13386,ORDER_13386,7805.62,INR,captured,2026-04-06T21:27:00Z,wallet,MREF_13386
PAY_13387,ORDER_13387,3101.78,INR,captured,2026-05-05T14:34:00Z,upi,MREF_13387
PAY_13388,ORDER_13388,6948.63,INR,captured,2026-03-03T08:23:00Z,netbanking,MREF_13388
PAY_13389,ORDER_13389,1751.53,INR,captured,2026-03-06T21:18:00Z,upi,MREF_13389
PAY_13390,ORDER_13390,3439.33,INR,captured,2026-06-03T12:50:00Z,netbanking,MREF_13390
PAY_13391,ORDER_13391,2123.40,INR,captured,2026-03-01T08:25:00Z,upi,MREF_13391
PAY_13392,ORDER_13392,8917.24,INR,captured,2026-06-25T16:14:00Z,upi,MREF_13392
PAY_13393,ORDER_13393,2281.21,INR,captured,2026-05-18T15:29:00Z,card,MREF_13393
PAY_13394,ORDER_13394,8879.92,INR,captured,2026-05-23T08:42:00Z,netbanking,MREF_13394
PAY_13395,ORDER_13395,1883.03,INR,captured,2026-03-30T11:35:00Z,wallet,MREF_13395
PAY_13396,ORDER_13396,3103.39,INR,captured,2026-03-05T06:01:00Z,card,MREF_13396
PAY_13397,ORDER_13397,3926.70,INR,captured,2026-03-05T15:43:00Z,netbanking,MREF_13397
PAY_13398,ORDER_13398,1723.54,INR,captured,2026-05-25T08:55:00Z,upi,MREF_13398
PAY_13399,ORDER_13399,399.48,INR,captured,2026-06-20T20:18:00Z,card,MREF_13399
PAY_13400,ORDER_13400,6731.74,INR,captured,2026-03-27T12:03:00Z,wallet,MREF_13400
PAY_13401,ORDER_13401,7766.59,INR,captured,2026-03-09T13:02:00Z,card,MREF_13401
PAY_13402,ORDER_13402,834.07,INR,captured,2026-06-08T20:19:00Z,wallet,MREF_13402
PAY_13403,ORDER_13403,1225.47,INR,captured,2026-04-26T14:48:00Z,upi,MREF_13403
PAY_13404,ORDER_13404,3086.08,INR,captured,2026-06-28T18:32:00Z,card,MREF_13404
PAY_13405,ORDER_13405,4187.60,INR,captured,2026-05-15T13:36:00Z,wallet,MREF_13405
PAY_13406,ORDER_13406,5381.64,INR,captured,2026-05-08T19:53:00Z,card,MREF_13406
PAY_13407,ORDER_13407,3802.71,INR,captured,2026-05-26T18:25:00Z,card,MREF_13407
PAY_13408,ORDER_13408,2917.32,INR,captured,2026-04-01T14:04:00Z,upi,MREF_13408
PAY_13409,ORDER_13409,3812.95,INR,captured,2026-05-26T06:33:00Z,card,MREF_13409
PAY_13410,ORDER_13410,8089.77,INR,captured,2026-04-26T15:47:00Z,netbanking,MREF_13410
PAY_13411,ORDER_13411,5577.65,INR,captured,2026-06-26T20:27:00Z,wallet,MREF_13411
PAY_13412,ORDER_13412,9370.37,INR,captured,2026-03-22T08:46:00Z,card,MREF_13412
PAY_13413,ORDER_13413,973.56,INR,captured,2026-05-01T21:25:00Z,card,MREF_13413
PAY_13414,ORDER_13414,9058.18,INR,captured,2026-04-14T12:03:00Z,wallet,MREF_13414
PAY_13415,ORDER_13415,6064.68,INR,captured,2026-05-28T09:44:00Z,upi,MREF_13415
PAY_13416,ORDER_13416,3307.52,INR,captured,2026-03-29T14:47:00Z,netbanking,MREF_13416
PAY_13417,ORDER_13417,7702.58,INR,captured,2026-03-07T06:00:00Z,wallet,MREF_13417
PAY_13418,ORDER_13418,5923.24,INR,captured,2026-06-13T16:52:00Z,netbanking,MREF_13418
PAY_13419,ORDER_13419,5819.23,INR,captured,2026-04-27T14:48:00Z,netbanking,MREF_13419
PAY_13420,ORDER_13420,7275.22,INR,captured,2026-06-14T09:09:00Z,card,MREF_13420
PAY_13421,ORDER_13421,5755.24,INR,captured,2026-06-10T13:49:00Z,wallet,MREF_13421
PAY_13422,ORDER_13422,494.76,INR,captured,2026-05-08T21:41:00Z,upi,MREF_13422
PAY_13423,ORDER_13423,6721.06,INR,captured,2026-04-08T17:10:00Z,netbanking,MREF_13423
PAY_13424,ORDER_13424,1239.77,INR,captured,2026-06-03T11:50:00Z,upi,MREF_13424
PAY_13425,ORDER_13425,3945.07,INR,captured,2026-03-03T16:29:00Z,upi,MREF_13425
PAY_13426,ORDER_13426,6478.08,INR,captured,2026-05-10T07:25:00Z,card,MREF_13426
PAY_13427,ORDER_13427,8849.35,INR,captured,2026-05-12T13:53:00Z,upi,MREF_13427
PAY_13428,ORDER_13428,5518.34,INR,captured,2026-03-09T07:07:00Z,upi,MREF_13428
PAY_13429,ORDER_13429,8361.73,INR,captured,2026-06-20T17:09:00Z,upi,MREF_13429
PAY_13430,ORDER_13430,1074.25,INR,captured,2026-04-05T08:51:00Z,netbanking,MREF_13430
PAY_13431,ORDER_13431,6724.70,INR,captured,2026-06-16T14:02:00Z,upi,MREF_13431
PAY_13432,ORDER_13432,4446.62,INR,captured,2026-05-11T08:17:00Z,netbanking,MREF_13432
PAY_13433,ORDER_13433,1745.41,INR,captured,2026-04-02T16:30:00Z,wallet,MREF_13433
PAY_13434,ORDER_13434,7548.81,INR,captured,2026-05-30T06:15:00Z,wallet,MREF_13434
PAY_13435,ORDER_13435,8164.75,INR,captured,2026-06-06T21:46:00Z,netbanking,MREF_13435
PAY_13436,ORDER_13436,6222.18,INR,captured,2026-03-04T06:42:00Z,card,MREF_13436
PAY_13437,ORDER_13437,6770.22,INR,captured,2026-03-20T06:52:00Z,upi,MREF_13437
PAY_13438,ORDER_13438,1563.35,INR,captured,2026-03-29T20:35:00Z,card,MREF_13438
PAY_13439,ORDER_13439,3039.78,INR,captured,2026-04-05T11:36:00Z,wallet,MREF_13439
PAY_13440,ORDER_13440,3623.94,INR,captured,2026-03-25T11:38:00Z,upi,MREF_13440
PAY_13441,ORDER_13441,5103.46,INR,captured,2026-03-08T11:11:00Z,wallet,MREF_13441
PAY_13442,ORDER_13442,5079.96,INR,captured,2026-06-05T11:12:00Z,upi,MREF_13442
PAY_13443,ORDER_13443,4440.88,INR,captured,2026-04-01T20:54:00Z,card,MREF_13443
PAY_13444,ORDER_13444,2792.32,INR,captured,2026-06-20T13:57:00Z,card,MREF_13444
PAY_13445,ORDER_13445,4610.25,INR,captured,2026-03-21T07:20:00Z,wallet,MREF_13445
PAY_13446,ORDER_13446,8787.71,INR,captured,2026-04-22T15:41:00Z,upi,MREF_13446
PAY_13447,ORDER_13447,708.79,INR,captured,2026-03-20T10:44:00Z,netbanking,MREF_13447
PAY_13448,ORDER_13448,2578.52,INR,captured,2026-06-05T14:32:00Z,card,MREF_13448
PAY_13449,ORDER_13449,6277.10,INR,captured,2026-03-25T14:58:00Z,card,MREF_13449
PAY_13450,ORDER_13450,7347.08,INR,captured,2026-05-08T09:50:00Z,wallet,MREF_13450
PAY_13451,ORDER_13451,7688.87,INR,captured,2026-04-12T18:23:00Z,netbanking,MREF_13451
PAY_13452,ORDER_13452,1566.79,INR,captured,2026-04-21T14:12:00Z,netbanking,MREF_13452
PAY_13453,ORDER_13453,6981.67,INR,captured,2026-06-08T13:26:00Z,upi,MREF_13453
PAY_13454,ORDER_13454,3610.28,INR,captured,2026-06-23T19:27:00Z,upi,MREF_13454
PAY_13455,ORDER_13455,1986.04,INR,captured,2026-03-24T08:53:00Z,netbanking,MREF_13455
PAY_13456,ORDER_13456,4799.41,INR,captured,2026-05-12T15:37:00Z,wallet,MREF_13456
PAY_13457,ORDER_13457,4882.97,INR,captured,2026-03-11T09:39:00Z,card,MREF_13457
PAY_13458,ORDER_13458,4907.07,INR,captured,2026-06-19T15:08:00Z,wallet,MREF_13458
PAY_13459,ORDER_13459,2228.54,INR,captured,2026-06-22T16:48:00Z,card,MREF_13459
PAY_13460,ORDER_13460,2357.95,INR,captured,2026-05-21T21:41:00Z,netbanking,MREF_13460
PAY_13461,ORDER_13461,2552.35,INR,captured,2026-03-26T09:08:00Z,netbanking,MREF_13461
PAY_13462,ORDER_13462,4033.65,INR,captured,2026-03-31T13:23:00Z,card,MREF_13462
PAY_13463,ORDER_13463,3524.05,INR,captured,2026-05-01T18:55:00Z,card,MREF_13463
PAY_13464,ORDER_13464,1861.05,INR,captured,2026-05-03T13:29:00Z,wallet,MREF_13464
PAY_13465,ORDER_13465,2422.77,INR,captured,2026-04-11T19:40:00Z,netbanking,MREF_13465
PAY_13466,ORDER_13466,1887.18,INR,captured,2026-06-04T13:59:00Z,upi,MREF_13466
PAY_13467,ORDER_13467,6261.61,INR,captured,2026-04-09T21:10:00Z,netbanking,MREF_13467
PAY_13468,ORDER_13468,8117.27,INR,captured,2026-06-07T07:34:00Z,netbanking,MREF_13468
PAY_13469,ORDER_13469,5182.41,INR,captured,2026-06-23T10:38:00Z,netbanking,MREF_13469
PAY_13470,ORDER_13470,3260.43,INR,captured,2026-04-24T15:44:00Z,wallet,MREF_13470
PAY_13471,ORDER_13471,7339.96,INR,captured,2026-06-08T09:31:00Z,wallet,MREF_13471
PAY_13472,ORDER_13472,2693.38,INR,captured,2026-05-24T21:19:00Z,wallet,MREF_13472
PAY_13473,ORDER_13473,1380.14,INR,captured,2026-06-07T06:34:00Z,card,MREF_13473
PAY_13474,ORDER_13474,9022.12,INR,captured,2026-03-18T17:27:00Z,wallet,MREF_13474
PAY_13475,ORDER_13475,3417.30,INR,captured,2026-04-29T12:44:00Z,upi,MREF_13475
PAY_13476,ORDER_13476,9134.32,INR,captured,2026-06-21T19:17:00Z,card,MREF_13476
PAY_13477,ORDER_13477,8315.43,INR,captured,2026-04-23T19:01:00Z,upi,MREF_13477
PAY_13478,ORDER_13478,6085.63,INR,captured,2026-06-20T09:15:00Z,netbanking,MREF_13478
PAY_13479,ORDER_13479,6380.79,INR,captured,2026-04-21T20:56:00Z,upi,MREF_13479
PAY_13480,ORDER_13480,1151.22,INR,captured,2026-06-21T18:15:00Z,wallet,MREF_13480
PAY_13481,ORDER_13481,655.56,INR,captured,2026-06-15T14:37:00Z,upi,MREF_13481
PAY_13482,ORDER_13482,6803.29,INR,captured,2026-05-26T11:14:00Z,upi,MREF_13482
PAY_13483,ORDER_13483,2153.24,INR,captured,2026-06-28T07:10:00Z,wallet,MREF_13483
PAY_13484,ORDER_13484,3418.52,INR,captured,2026-03-28T12:30:00Z,wallet,MREF_13484
PAY_13485,ORDER_13485,9268.52,INR,captured,2026-06-04T08:13:00Z,wallet,MREF_13485
PAY_13486,ORDER_13486,3457.80,INR,captured,2026-05-21T07:29:00Z,netbanking,MREF_13486
PAY_13487,ORDER_13487,1776.72,INR,captured,2026-04-26T12:54:00Z,wallet,MREF_13487
PAY_13488,ORDER_13488,508.32,INR,captured,2026-05-05T17:51:00Z,wallet,MREF_13488
PAY_13489,ORDER_13489,3313.15,INR,captured,2026-05-09T08:33:00Z,wallet,MREF_13489
PAY_13490,ORDER_13490,5175.17,INR,captured,2026-04-01T12:22:00Z,card,MREF_13490
PAY_13491,ORDER_13491,1851.22,INR,captured,2026-05-30T13:39:00Z,upi,MREF_13491
PAY_13492,ORDER_13492,9346.25,INR,captured,2026-03-22T07:58:00Z,upi,MREF_13492
PAY_13493,ORDER_13493,6224.92,INR,captured,2026-05-26T10:00:00Z,netbanking,MREF_13493
PAY_13494,ORDER_13494,518.70,INR,captured,2026-03-06T16:59:00Z,card,MREF_13494
PAY_13495,ORDER_13495,3226.75,INR,captured,2026-04-08T12:45:00Z,wallet,MREF_13495
PAY_13496,ORDER_13496,8600.05,INR,captured,2026-06-20T15:42:00Z,card,MREF_13496
PAY_13497,ORDER_13497,7100.24,INR,captured,2026-06-08T09:39:00Z,card,MREF_13497
PAY_13498,ORDER_13498,3063.97,INR,captured,2026-03-07T16:11:00Z,upi,MREF_13498
PAY_13499,ORDER_13499,9021.21,INR,captured,2026-03-26T18:25:00Z,upi,MREF_13499
PAY_13500,ORDER_13500,7868.99,INR,captured,2026-03-07T13:11:00Z,card,MREF_13500
PAY_13501,ORDER_13501,1670.12,INR,captured,2026-04-28T07:49:00Z,upi,MREF_13501
PAY_13502,ORDER_13502,2182.51,INR,captured,2026-04-09T19:25:00Z,upi,MREF_13502
PAY_13503,ORDER_13503,6903.47,INR,captured,2026-04-19T17:20:00Z,card,MREF_13503
PAY_13504,ORDER_13504,2708.74,INR,captured,2026-03-22T18:45:00Z,netbanking,MREF_13504
PAY_13505,ORDER_13505,4454.28,INR,captured,2026-04-16T10:52:00Z,card,MREF_13505
PAY_13506,ORDER_13506,4821.09,INR,captured,2026-04-09T18:44:00Z,card,MREF_13506
PAY_13507,ORDER_13507,7895.66,INR,captured,2026-05-23T13:52:00Z,wallet,MREF_13507
PAY_13508,ORDER_13508,9337.77,INR,captured,2026-06-28T07:56:00Z,netbanking,MREF_13508
PAY_13509,ORDER_13509,3032.07,INR,captured,2026-05-07T14:18:00Z,upi,MREF_13509
PAY_13510,ORDER_13510,6937.68,INR,captured,2026-04-19T10:00:00Z,upi,MREF_13510
PAY_13511,ORDER_13511,7235.32,INR,captured,2026-04-12T11:38:00Z,netbanking,MREF_13511
PAY_13512,ORDER_13512,5778.92,INR,captured,2026-03-04T07:47:00Z,wallet,MREF_13512
PAY_13513,ORDER_13513,9489.10,INR,captured,2026-05-24T13:19:00Z,upi,MREF_13513
PAY_13514,ORDER_13514,3638.51,INR,captured,2026-05-20T09:27:00Z,netbanking,MREF_13514
PAY_13515,ORDER_13515,7230.70,INR,captured,2026-06-07T12:45:00Z,wallet,MREF_13515
PAY_13516,ORDER_13516,9013.48,INR,captured,2026-03-22T17:26:00Z,wallet,MREF_13516
PAY_13517,ORDER_13517,1693.42,INR,captured,2026-03-25T07:42:00Z,wallet,MREF_13517
PAY_13518,ORDER_13518,5326.10,INR,captured,2026-06-18T09:23:00Z,wallet,MREF_13518
PAY_13519,ORDER_13519,7559.03,INR,captured,2026-06-27T09:57:00Z,wallet,MREF_13519
PAY_13520,ORDER_13520,8566.50,INR,captured,2026-06-19T17:26:00Z,card,MREF_13520
PAY_13521,ORDER_13521,7636.10,INR,captured,2026-03-13T15:48:00Z,netbanking,MREF_13521
PAY_13522,ORDER_13522,5166.59,INR,captured,2026-05-22T09:17:00Z,wallet,MREF_13522
PAY_13523,ORDER_13523,9385.93,INR,captured,2026-06-08T17:23:00Z,wallet,MREF_13523
PAY_13524,ORDER_13524,5945.88,INR,captured,2026-06-25T08:48:00Z,netbanking,MREF_13524
PAY_13525,ORDER_13525,5723.87,INR,captured,2026-06-21T21:22:00Z,netbanking,MREF_13525
PAY_13526,ORDER_13526,7333.66,INR,captured,2026-04-21T15:13:00Z,upi,MREF_13526
PAY_13527,ORDER_13527,6647.86,INR,captured,2026-05-19T21:37:00Z,card,MREF_13527
PAY_13528,ORDER_13528,4138.75,INR,captured,2026-04-14T07:19:00Z,netbanking,MREF_13528
PAY_13529,ORDER_13529,9103.92,INR,captured,2026-03-06T14:52:00Z,netbanking,MREF_13529
PAY_13530,ORDER_13530,4509.92,INR,captured,2026-06-28T21:44:00Z,netbanking,MREF_13530
PAY_13531,ORDER_13531,7295.81,INR,captured,2026-03-21T07:35:00Z,upi,MREF_13531
PAY_13532,ORDER_13532,1508.16,INR,captured,2026-03-26T20:26:00Z,wallet,MREF_13532
PAY_13533,ORDER_13533,8352.10,INR,captured,2026-04-24T11:52:00Z,card,MREF_13533
PAY_13534,ORDER_13534,9061.22,INR,captured,2026-04-21T15:03:00Z,card,MREF_13534
PAY_13535,ORDER_13535,8931.35,INR,captured,2026-04-12T08:22:00Z,netbanking,MREF_13535
PAY_13536,ORDER_13536,5954.79,INR,captured,2026-05-14T09:36:00Z,upi,MREF_13536
PAY_13537,ORDER_13537,4199.60,INR,captured,2026-03-27T11:32:00Z,netbanking,MREF_13537
PAY_13538,ORDER_13538,3670.25,INR,captured,2026-03-10T15:23:00Z,card,MREF_13538
PAY_13539,ORDER_13539,1908.10,INR,captured,2026-05-23T08:45:00Z,netbanking,MREF_13539
PAY_13540,ORDER_13540,5988.42,INR,captured,2026-05-08T11:45:00Z,card,MREF_13540
PAY_13541,ORDER_13541,2905.23,INR,captured,2026-06-20T07:15:00Z,card,MREF_13541
PAY_13542,ORDER_13542,4452.88,INR,captured,2026-06-17T08:23:00Z,card,MREF_13542
PAY_13543,ORDER_13543,5515.75,INR,captured,2026-06-08T18:52:00Z,upi,MREF_13543
PAY_13544,ORDER_13544,1194.20,INR,captured,2026-05-17T08:45:00Z,netbanking,MREF_13544
PAY_13545,ORDER_13545,5666.51,INR,captured,2026-05-17T15:17:00Z,card,MREF_13545
PAY_13546,ORDER_13546,330.53,INR,captured,2026-06-01T07:44:00Z,wallet,MREF_13546
PAY_13547,ORDER_13547,2269.89,INR,captured,2026-06-24T07:11:00Z,card,MREF_13547
PAY_13548,ORDER_13548,1399.24,INR,captured,2026-03-10T16:00:00Z,upi,MREF_13548
PAY_13549,ORDER_13549,6875.11,INR,captured,2026-06-06T15:00:00Z,card,MREF_13549
PAY_13550,ORDER_13550,2854.40,INR,captured,2026-06-04T13:33:00Z,netbanking,MREF_13550
PAY_13551,ORDER_13551,3867.06,INR,captured,2026-06-28T18:10:00Z,upi,MREF_13551
PAY_13552,ORDER_13552,8919.66,INR,captured,2026-04-01T17:42:00Z,wallet,MREF_13552
PAY_13553,ORDER_13553,9465.68,INR,captured,2026-03-06T14:03:00Z,wallet,MREF_13553
PAY_13554,ORDER_13554,3672.54,INR,captured,2026-03-08T11:02:00Z,upi,MREF_13554
PAY_13555,ORDER_13555,7600.94,INR,captured,2026-04-13T11:20:00Z,netbanking,MREF_13555
PAY_13556,ORDER_13556,2333.37,INR,captured,2026-04-23T15:28:00Z,netbanking,MREF_13556
PAY_13557,ORDER_13557,1447.03,INR,captured,2026-06-13T11:55:00Z,netbanking,MREF_13557
PAY_13558,ORDER_13558,3295.03,INR,captured,2026-03-02T15:22:00Z,netbanking,MREF_13558
PAY_13559,ORDER_13559,8169.66,INR,captured,2026-04-17T17:46:00Z,wallet,MREF_13559
PAY_13560,ORDER_13560,5143.47,INR,captured,2026-04-18T16:46:00Z,wallet,MREF_13560
PAY_13561,ORDER_13561,1069.21,INR,captured,2026-05-03T08:57:00Z,upi,MREF_13561
PAY_13562,ORDER_13562,8651.59,INR,captured,2026-04-03T16:04:00Z,card,MREF_13562
PAY_13563,ORDER_13563,8401.12,INR,captured,2026-05-29T15:55:00Z,card,MREF_13563
PAY_13564,ORDER_13564,1942.60,INR,captured,2026-04-11T21:25:00Z,netbanking,MREF_13564
PAY_13565,ORDER_13565,7565.29,INR,captured,2026-05-08T14:16:00Z,netbanking,MREF_13565
PAY_13566,ORDER_13566,2668.11,INR,captured,2026-06-19T19:51:00Z,netbanking,MREF_13566
PAY_13567,ORDER_13567,5708.04,INR,captured,2026-05-20T15:15:00Z,card,MREF_13567
PAY_13568,ORDER_13568,1047.00,INR,captured,2026-03-27T09:48:00Z,card,MREF_13568
PAY_13569,ORDER_13569,1912.33,INR,captured,2026-03-13T20:59:00Z,card,MREF_13569
PAY_13570,ORDER_13570,8343.98,INR,captured,2026-03-31T18:12:00Z,netbanking,MREF_13570
PAY_13571,ORDER_13571,7216.74,INR,captured,2026-05-16T16:21:00Z,netbanking,MREF_13571
PAY_13572,ORDER_13572,2829.68,INR,captured,2026-06-14T10:35:00Z,netbanking,MREF_13572
PAY_13573,ORDER_13573,986.14,INR,captured,2026-06-03T12:08:00Z,card,MREF_13573
PAY_13574,ORDER_13574,3735.61,INR,captured,2026-05-05T19:47:00Z,netbanking,MREF_13574
PAY_13575,ORDER_13575,1524.71,INR,captured,2026-03-27T17:57:00Z,upi,MREF_13575
PAY_13576,ORDER_13576,2211.57,INR,captured,2026-05-04T10:27:00Z,wallet,MREF_13576
PAY_13577,ORDER_13577,5941.15,INR,captured,2026-03-30T15:46:00Z,netbanking,MREF_13577
PAY_13578,ORDER_13578,3880.40,INR,captured,2026-04-05T11:28:00Z,wallet,MREF_13578
PAY_13579,ORDER_13579,8758.62,INR,captured,2026-03-13T13:52:00Z,card,MREF_13579
PAY_13580,ORDER_13580,275.79,INR,captured,2026-05-26T18:25:00Z,netbanking,MREF_13580
PAY_13581,ORDER_13581,7421.60,INR,captured,2026-06-08T21:19:00Z,netbanking,MREF_13581
PAY_13582,ORDER_13582,6700.67,INR,captured,2026-03-08T13:35:00Z,wallet,MREF_13582
PAY_13583,ORDER_13583,6427.30,INR,captured,2026-05-17T14:53:00Z,netbanking,MREF_13583
PAY_13584,ORDER_13584,7131.62,INR,captured,2026-03-09T20:39:00Z,wallet,MREF_13584
PAY_13585,ORDER_13585,8934.67,INR,captured,2026-03-17T10:53:00Z,netbanking,MREF_13585
PAY_13586,ORDER_13586,4369.35,INR,captured,2026-04-21T06:07:00Z,wallet,MREF_13586
PAY_13587,ORDER_13587,8244.08,INR,captured,2026-03-03T15:23:00Z,netbanking,MREF_13587
PAY_13588,ORDER_13588,2492.07,INR,captured,2026-03-29T15:53:00Z,netbanking,MREF_13588
PAY_13589,ORDER_13589,2134.69,INR,captured,2026-06-21T11:59:00Z,card,MREF_13589
PAY_13590,ORDER_13590,3536.24,INR,captured,2026-03-03T10:29:00Z,wallet,MREF_13590
PAY_13591,ORDER_13591,6952.37,INR,captured,2026-06-09T14:15:00Z,upi,MREF_13591
PAY_13592,ORDER_13592,1866.90,INR,captured,2026-05-16T13:42:00Z,card,MREF_13592
PAY_13593,ORDER_13593,6530.48,INR,captured,2026-03-14T13:50:00Z,netbanking,MREF_13593
PAY_13594,ORDER_13594,4887.47,INR,captured,2026-04-10T10:02:00Z,netbanking,MREF_13594
PAY_13595,ORDER_13595,3987.41,INR,captured,2026-06-21T20:27:00Z,card,MREF_13595
PAY_13596,ORDER_13596,2262.75,INR,captured,2026-04-24T16:17:00Z,upi,MREF_13596
PAY_13597,ORDER_13597,2577.16,INR,captured,2026-03-10T13:47:00Z,wallet,MREF_13597
PAY_13598,ORDER_13598,340.64,INR,captured,2026-03-18T11:43:00Z,wallet,MREF_13598
PAY_13599,ORDER_13599,5879.60,INR,captured,2026-05-17T20:51:00Z,card,MREF_13599
PAY_13600,ORDER_13600,7904.74,INR,captured,2026-03-24T07:17:00Z,upi,MREF_13600
PAY_13601,ORDER_13601,6903.18,INR,captured,2026-06-21T15:13:00Z,upi,MREF_13601
PAY_13602,ORDER_13602,7635.78,INR,captured,2026-03-03T07:09:00Z,wallet,MREF_13602
PAY_13603,ORDER_13603,6118.86,INR,captured,2026-06-13T14:47:00Z,netbanking,MREF_13603
PAY_13604,ORDER_13604,3132.69,INR,captured,2026-04-10T11:08:00Z,netbanking,MREF_13604
PAY_13605,ORDER_13605,7588.61,INR,captured,2026-05-12T21:48:00Z,wallet,MREF_13605
PAY_13606,ORDER_13606,6129.96,INR,captured,2026-06-14T06:42:00Z,card,MREF_13606
PAY_13607,ORDER_13607,6808.83,INR,captured,2026-06-02T07:37:00Z,upi,MREF_13607
PAY_13608,ORDER_13608,5375.20,INR,captured,2026-05-21T11:35:00Z,card,MREF_13608
PAY_13609,ORDER_13609,4057.40,INR,captured,2026-06-26T14:23:00Z,card,MREF_13609
PAY_13610,ORDER_13610,7177.05,INR,captured,2026-05-08T08:11:00Z,card,MREF_13610
PAY_13611,ORDER_13611,3006.82,INR,captured,2026-04-07T19:09:00Z,card,MREF_13611
PAY_13612,ORDER_13612,1205.99,INR,captured,2026-03-10T16:14:00Z,card,MREF_13612
PAY_13613,ORDER_13613,4855.86,INR,captured,2026-05-10T14:07:00Z,wallet,MREF_13613
PAY_13614,ORDER_13614,7714.30,INR,captured,2026-03-13T15:56:00Z,netbanking,MREF_13614
PAY_13615,ORDER_13615,6579.30,INR,captured,2026-05-06T16:34:00Z,card,MREF_13615
PAY_13616,ORDER_13616,4334.93,INR,captured,2026-04-29T12:04:00Z,wallet,MREF_13616
PAY_13617,ORDER_13617,8413.14,INR,captured,2026-03-14T15:15:00Z,card,MREF_13617
PAY_13618,ORDER_13618,6650.65,INR,captured,2026-06-13T18:38:00Z,card,MREF_13618
PAY_13619,ORDER_13619,8528.59,INR,captured,2026-03-31T13:59:00Z,wallet,MREF_13619
PAY_13620,ORDER_13620,4230.12,INR,captured,2026-03-30T08:36:00Z,netbanking,MREF_13620
PAY_13621,ORDER_13621,7651.39,INR,captured,2026-05-07T10:26:00Z,wallet,MREF_13621
PAY_13622,ORDER_13622,2845.73,INR,captured,2026-06-28T19:59:00Z,card,MREF_13622
PAY_13623,ORDER_13623,8092.83,INR,captured,2026-06-23T21:51:00Z,wallet,MREF_13623
PAY_13624,ORDER_13624,802.16,INR,captured,2026-03-01T07:19:00Z,wallet,MREF_13624
PAY_13625,ORDER_13625,622.76,INR,captured,2026-06-02T07:00:00Z,upi,MREF_13625
PAY_13626,ORDER_13626,6879.19,INR,captured,2026-06-22T15:03:00Z,netbanking,MREF_13626
PAY_13627,ORDER_13627,4929.02,INR,captured,2026-03-10T19:22:00Z,netbanking,MREF_13627
PAY_13628,ORDER_13628,6033.94,INR,captured,2026-04-05T09:12:00Z,wallet,MREF_13628
PAY_13629,ORDER_13629,3523.48,INR,captured,2026-03-11T06:34:00Z,card,MREF_13629
PAY_13630,ORDER_13630,2157.54,INR,captured,2026-06-13T11:31:00Z,wallet,MREF_13630
PAY_13631,ORDER_13631,3624.44,INR,captured,2026-06-28T15:24:00Z,netbanking,MREF_13631
PAY_13632,ORDER_13632,7710.11,INR,captured,2026-03-23T19:56:00Z,wallet,MREF_13632
PAY_13633,ORDER_13633,2861.17,INR,captured,2026-03-24T07:05:00Z,netbanking,MREF_13633
PAY_13634,ORDER_13634,3644.37,INR,captured,2026-05-16T09:45:00Z,upi,MREF_13634
PAY_13635,ORDER_13635,7831.80,INR,captured,2026-06-01T11:45:00Z,netbanking,MREF_13635
PAY_13636,ORDER_13636,8757.87,INR,captured,2026-06-18T13:52:00Z,wallet,MREF_13636
PAY_13637,ORDER_13637,8420.29,INR,captured,2026-04-20T20:10:00Z,netbanking,MREF_13637
PAY_13638,ORDER_13638,667.49,INR,captured,2026-05-04T10:00:00Z,netbanking,MREF_13638
PAY_13639,ORDER_13639,4605.71,INR,captured,2026-05-27T16:20:00Z,netbanking,MREF_13639
PAY_13640,ORDER_13640,1172.85,INR,captured,2026-03-15T13:28:00Z,wallet,MREF_13640
PAY_13641,ORDER_13641,1925.29,INR,captured,2026-04-29T12:57:00Z,netbanking,MREF_13641
PAY_13642,ORDER_13642,6666.10,INR,captured,2026-06-08T20:14:00Z,upi,MREF_13642
PAY_13643,ORDER_13643,4992.61,INR,captured,2026-05-11T06:04:00Z,netbanking,MREF_13643
PAY_13644,ORDER_13644,8732.66,INR,captured,2026-03-25T12:59:00Z,upi,MREF_13644
PAY_13645,ORDER_13645,3260.08,INR,captured,2026-04-12T21:08:00Z,upi,MREF_13645
PAY_13646,ORDER_13646,3385.86,INR,captured,2026-05-29T16:08:00Z,upi,MREF_13646
PAY_13647,ORDER_13647,2072.49,INR,captured,2026-04-26T09:12:00Z,netbanking,MREF_13647
PAY_13648,ORDER_13648,5489.37,INR,captured,2026-04-13T21:26:00Z,upi,MREF_13648
PAY_13649,ORDER_13649,4057.54,INR,captured,2026-03-11T06:28:00Z,netbanking,MREF_13649
PAY_13650,ORDER_13650,7283.70,INR,captured,2026-04-24T17:07:00Z,card,MREF_13650
PAY_13651,ORDER_13651,4083.56,INR,captured,2026-03-12T20:35:00Z,card,MREF_13651
PAY_13652,ORDER_13652,5976.72,INR,captured,2026-05-07T10:54:00Z,netbanking,MREF_13652
PAY_13653,ORDER_13653,7143.28,INR,captured,2026-06-06T21:36:00Z,netbanking,MREF_13653
PAY_13654,ORDER_13654,7678.61,INR,captured,2026-06-16T12:51:00Z,upi,MREF_13654
PAY_13655,ORDER_13655,5959.85,INR,captured,2026-03-13T06:25:00Z,card,MREF_13655
PAY_13656,ORDER_13656,6509.48,INR,captured,2026-04-29T18:46:00Z,wallet,MREF_13656
PAY_13657,ORDER_13657,7121.89,INR,captured,2026-03-21T07:42:00Z,upi,MREF_13657
PAY_13658,ORDER_13658,8569.28,INR,captured,2026-04-06T06:36:00Z,netbanking,MREF_13658
PAY_13659,ORDER_13659,4321.72,INR,captured,2026-03-27T13:04:00Z,netbanking,MREF_13659
PAY_13660,ORDER_13660,9421.50,INR,captured,2026-04-23T11:54:00Z,netbanking,MREF_13660
PAY_13661,ORDER_13661,604.87,INR,captured,2026-04-24T09:06:00Z,upi,MREF_13661
PAY_13662,ORDER_13662,5779.24,INR,captured,2026-04-22T19:00:00Z,card,MREF_13662
PAY_13663,ORDER_13663,4138.92,INR,captured,2026-04-29T18:47:00Z,netbanking,MREF_13663
PAY_13664,ORDER_13664,3975.41,INR,captured,2026-06-07T09:06:00Z,upi,MREF_13664
PAY_13665,ORDER_13665,2793.45,INR,captured,2026-06-03T10:09:00Z,wallet,MREF_13665
PAY_13666,ORDER_13666,5663.66,INR,captured,2026-03-11T11:07:00Z,upi,MREF_13666
PAY_13667,ORDER_13667,2219.73,INR,captured,2026-04-22T12:21:00Z,wallet,MREF_13667
PAY_13668,ORDER_13668,6423.08,INR,captured,2026-05-24T17:17:00Z,card,MREF_13668
PAY_13669,ORDER_13669,2520.23,INR,captured,2026-06-21T14:10:00Z,card,MREF_13669
PAY_13670,ORDER_13670,9260.62,INR,captured,2026-03-26T15:40:00Z,upi,MREF_13670
PAY_13671,ORDER_13671,3911.35,INR,captured,2026-05-15T11:34:00Z,card,MREF_13671
PAY_13672,ORDER_13672,5869.43,INR,captured,2026-06-27T17:49:00Z,wallet,MREF_13672
PAY_13673,ORDER_13673,7744.53,INR,captured,2026-06-22T14:14:00Z,netbanking,MREF_13673
PAY_13674,ORDER_13674,9347.45,INR,captured,2026-05-05T11:19:00Z,wallet,MREF_13674
PAY_13675,ORDER_13675,9176.53,INR,captured,2026-05-14T10:07:00Z,netbanking,MREF_13675
PAY_13676,ORDER_13676,2400.76,INR,captured,2026-04-18T13:58:00Z,netbanking,MREF_13676
PAY_13677,ORDER_13677,5240.27,INR,captured,2026-05-07T14:57:00Z,upi,MREF_13677
PAY_13678,ORDER_13678,9403.17,INR,captured,2026-04-24T13:10:00Z,wallet,MREF_13678
PAY_13679,ORDER_13679,5247.58,INR,captured,2026-03-02T17:49:00Z,wallet,MREF_13679
PAY_13680,ORDER_13680,840.65,INR,captured,2026-03-16T20:07:00Z,card,MREF_13680
PAY_13681,ORDER_13681,1423.56,INR,captured,2026-05-02T17:48:00Z,card,MREF_13681
PAY_13682,ORDER_13682,6034.00,INR,captured,2026-03-12T15:44:00Z,netbanking,MREF_13682
PAY_13683,ORDER_13683,4367.02,INR,captured,2026-04-17T12:54:00Z,card,MREF_13683
PAY_13684,ORDER_13684,8238.13,INR,captured,2026-05-29T07:26:00Z,netbanking,MREF_13684
PAY_13685,ORDER_13685,8927.50,INR,captured,2026-04-12T10:50:00Z,upi,MREF_13685
PAY_13686,ORDER_13686,6677.34,INR,captured,2026-05-31T17:06:00Z,card,MREF_13686
PAY_13687,ORDER_13687,7683.25,INR,captured,2026-03-27T09:33:00Z,netbanking,MREF_13687
PAY_13688,ORDER_13688,2401.27,INR,captured,2026-05-24T11:37:00Z,wallet,MREF_13688
PAY_13689,ORDER_13689,6849.02,INR,captured,2026-05-19T12:52:00Z,card,MREF_13689
PAY_13690,ORDER_13690,5851.50,INR,captured,2026-05-08T13:16:00Z,netbanking,MREF_13690
PAY_13691,ORDER_13691,7253.68,INR,captured,2026-04-09T07:12:00Z,card,MREF_13691
PAY_13692,ORDER_13692,8276.31,INR,captured,2026-04-21T07:44:00Z,netbanking,MREF_13692
PAY_13693,ORDER_13693,6675.32,INR,captured,2026-03-30T13:47:00Z,netbanking,MREF_13693
PAY_13694,ORDER_13694,3379.91,INR,captured,2026-05-19T16:10:00Z,wallet,MREF_13694
PAY_13695,ORDER_13695,8768.36,INR,captured,2026-05-15T10:29:00Z,upi,MREF_13695
PAY_13696,ORDER_13696,6347.69,INR,captured,2026-04-10T15:25:00Z,card,MREF_13696
PAY_13697,ORDER_13697,4196.94,INR,captured,2026-04-13T08:16:00Z,wallet,MREF_13697
PAY_13698,ORDER_13698,9166.46,INR,captured,2026-03-20T12:18:00Z,netbanking,MREF_13698
PAY_13699,ORDER_13699,2265.51,INR,captured,2026-05-10T06:41:00Z,card,MREF_13699
PAY_13700,ORDER_13700,9152.54,INR,captured,2026-03-04T06:42:00Z,upi,MREF_13700
PAY_13701,ORDER_13701,5700.10,INR,captured,2026-06-23T08:34:00Z,upi,MREF_13701
PAY_13702,ORDER_13702,3947.52,INR,captured,2026-06-17T11:47:00Z,netbanking,MREF_13702
PAY_13703,ORDER_13703,7960.11,INR,captured,2026-04-05T16:32:00Z,wallet,MREF_13703
PAY_13704,ORDER_13704,5710.61,INR,captured,2026-03-08T08:49:00Z,wallet,MREF_13704
PAY_13705,ORDER_13705,9499.30,INR,captured,2026-03-29T16:15:00Z,wallet,MREF_13705
PAY_13706,ORDER_13706,3871.12,INR,captured,2026-03-19T09:08:00Z,wallet,MREF_13706
PAY_13707,ORDER_13707,936.04,INR,captured,2026-06-20T06:04:00Z,upi,MREF_13707
PAY_13708,ORDER_13708,3272.53,INR,captured,2026-03-05T16:30:00Z,wallet,MREF_13708
PAY_13709,ORDER_13709,6738.47,INR,captured,2026-04-11T19:29:00Z,card,MREF_13709
PAY_13710,ORDER_13710,4321.88,INR,captured,2026-03-30T18:52:00Z,netbanking,MREF_13710
PAY_13711,ORDER_13711,7758.56,INR,captured,2026-04-30T06:06:00Z,wallet,MREF_13711
PAY_13712,ORDER_13712,6425.71,INR,captured,2026-05-18T20:07:00Z,wallet,MREF_13712
PAY_13713,ORDER_13713,1566.39,INR,captured,2026-06-26T17:53:00Z,wallet,MREF_13713
PAY_13714,ORDER_13714,3882.88,INR,captured,2026-04-05T13:50:00Z,netbanking,MREF_13714
PAY_13715,ORDER_13715,5813.70,INR,captured,2026-05-15T15:24:00Z,netbanking,MREF_13715
PAY_13716,ORDER_13716,6112.85,INR,captured,2026-05-28T10:31:00Z,wallet,MREF_13716
PAY_13717,ORDER_13717,8703.74,INR,captured,2026-03-10T19:54:00Z,netbanking,MREF_13717
PAY_13718,ORDER_13718,7540.20,INR,captured,2026-04-30T12:29:00Z,card,MREF_13718
PAY_13719,ORDER_13719,8187.61,INR,captured,2026-05-14T06:24:00Z,netbanking,MREF_13719
PAY_13720,ORDER_13720,8304.62,INR,captured,2026-03-11T07:10:00Z,card,MREF_13720
PAY_13721,ORDER_13721,8281.79,INR,captured,2026-04-25T12:12:00Z,netbanking,MREF_13721
PAY_13722,ORDER_13722,5052.21,INR,captured,2026-04-26T08:52:00Z,netbanking,MREF_13722
PAY_13723,ORDER_13723,3177.32,INR,captured,2026-04-15T08:52:00Z,card,MREF_13723
PAY_13724,ORDER_13724,7447.20,INR,captured,2026-04-01T19:05:00Z,card,MREF_13724
PAY_13725,ORDER_13725,1917.88,INR,captured,2026-05-21T16:16:00Z,upi,MREF_13725
PAY_13726,ORDER_13726,6635.44,INR,captured,2026-05-09T16:38:00Z,netbanking,MREF_13726
PAY_13727,ORDER_13727,5370.20,INR,captured,2026-03-24T20:22:00Z,card,MREF_13727
PAY_13728,ORDER_13728,3645.74,INR,captured,2026-04-16T06:02:00Z,wallet,MREF_13728
PAY_13729,ORDER_13729,6107.10,INR,captured,2026-03-17T06:54:00Z,card,MREF_13729
PAY_13730,ORDER_13730,640.53,INR,captured,2026-04-30T16:57:00Z,netbanking,MREF_13730
PAY_13731,ORDER_13731,5757.10,INR,captured,2026-04-19T19:26:00Z,wallet,MREF_13731
PAY_13732,ORDER_13732,5004.29,INR,captured,2026-03-16T13:04:00Z,netbanking,MREF_13732
PAY_13733,ORDER_13733,3918.00,INR,captured,2026-05-26T17:26:00Z,netbanking,MREF_13733
PAY_13734,ORDER_13734,8310.08,INR,captured,2026-04-01T11:36:00Z,netbanking,MREF_13734
PAY_13735,ORDER_13735,2703.57,INR,captured,2026-03-19T09:49:00Z,netbanking,MREF_13735
PAY_13736,ORDER_13736,8932.26,INR,captured,2026-06-15T21:51:00Z,card,MREF_13736
PAY_13737,ORDER_13737,3867.97,INR,captured,2026-04-10T11:23:00Z,card,MREF_13737
PAY_13738,ORDER_13738,1459.83,INR,captured,2026-05-28T07:16:00Z,card,MREF_13738
PAY_13739,ORDER_13739,7709.41,INR,captured,2026-06-28T10:26:00Z,netbanking,MREF_13739
PAY_13740,ORDER_13740,8723.17,INR,captured,2026-04-04T12:56:00Z,upi,MREF_13740
PAY_13741,ORDER_13741,4383.91,INR,captured,2026-06-23T10:50:00Z,wallet,MREF_13741
PAY_13742,ORDER_13742,3699.87,INR,captured,2026-03-02T08:08:00Z,card,MREF_13742
PAY_13743,ORDER_13743,4880.50,INR,captured,2026-06-08T10:15:00Z,netbanking,MREF_13743
PAY_13744,ORDER_13744,8686.19,INR,captured,2026-03-02T20:09:00Z,wallet,MREF_13744
PAY_13745,ORDER_13745,4326.20,INR,captured,2026-04-22T14:17:00Z,wallet,MREF_13745
PAY_13746,ORDER_13746,4632.03,INR,captured,2026-03-15T16:19:00Z,card,MREF_13746
PAY_13747,ORDER_13747,2842.31,INR,captured,2026-03-23T18:16:00Z,card,MREF_13747
PAY_13748,ORDER_13748,6388.67,INR,captured,2026-05-31T15:48:00Z,wallet,MREF_13748
PAY_13749,ORDER_13749,6502.33,INR,captured,2026-03-18T17:23:00Z,wallet,MREF_13749
PAY_13750,ORDER_13750,2567.53,INR,captured,2026-03-28T16:54:00Z,netbanking,MREF_13750
PAY_13751,ORDER_13751,3004.72,INR,captured,2026-05-16T11:41:00Z,card,MREF_13751
PAY_13752,ORDER_13752,6128.28,INR,captured,2026-03-20T20:28:00Z,netbanking,MREF_13752
PAY_13753,ORDER_13753,398.27,INR,captured,2026-04-19T06:27:00Z,upi,MREF_13753
PAY_13754,ORDER_13754,8961.00,INR,captured,2026-05-27T15:02:00Z,upi,MREF_13754
PAY_13755,ORDER_13755,5324.28,INR,captured,2026-04-16T10:08:00Z,upi,MREF_13755
PAY_13756,ORDER_13756,4794.94,INR,captured,2026-05-16T16:24:00Z,upi,MREF_13756
PAY_13757,ORDER_13757,5066.16,INR,captured,2026-03-12T17:11:00Z,netbanking,MREF_13757
PAY_13758,ORDER_13758,1807.51,INR,captured,2026-03-03T20:36:00Z,wallet,MREF_13758
PAY_13759,ORDER_13759,2965.96,INR,captured,2026-05-02T16:14:00Z,wallet,MREF_13759
PAY_13760,ORDER_13760,3448.13,INR,captured,2026-03-27T15:14:00Z,netbanking,MREF_13760
PAY_13761,ORDER_13761,3044.47,INR,captured,2026-04-13T20:06:00Z,wallet,MREF_13761
PAY_13762,ORDER_13762,567.49,INR,captured,2026-05-06T11:24:00Z,card,MREF_13762
PAY_13763,ORDER_13763,8105.41,INR,captured,2026-05-07T18:17:00Z,card,MREF_13763
PAY_13764,ORDER_13764,4085.96,INR,captured,2026-04-30T09:27:00Z,wallet,MREF_13764
PAY_13765,ORDER_13765,1303.80,INR,captured,2026-06-24T18:41:00Z,wallet,MREF_13765
PAY_13766,ORDER_13766,2406.56,INR,captured,2026-03-19T09:33:00Z,upi,MREF_13766
PAY_13767,ORDER_13767,955.72,INR,captured,2026-03-04T21:45:00Z,netbanking,MREF_13767
PAY_13768,ORDER_13768,512.00,INR,captured,2026-03-20T06:15:00Z,wallet,MREF_13768
PAY_13769,ORDER_13769,6094.35,INR,captured,2026-06-04T20:40:00Z,upi,MREF_13769
PAY_13770,ORDER_13770,4872.35,INR,captured,2026-03-10T19:57:00Z,wallet,MREF_13770
PAY_13771,ORDER_13771,4400.76,INR,captured,2026-05-31T12:19:00Z,wallet,MREF_13771
PAY_13772,ORDER_13772,4762.54,INR,captured,2026-06-07T20:44:00Z,wallet,MREF_13772
PAY_13773,ORDER_13773,2368.63,INR,captured,2026-04-01T19:30:00Z,upi,MREF_13773
PAY_13774,ORDER_13774,6346.81,INR,captured,2026-05-17T10:06:00Z,card,MREF_13774
PAY_13775,ORDER_13775,6931.48,INR,captured,2026-06-07T13:20:00Z,wallet,MREF_13775
PAY_13776,ORDER_13776,4726.49,INR,captured,2026-03-23T13:41:00Z,netbanking,MREF_13776
PAY_13777,ORDER_13777,7785.78,INR,captured,2026-06-18T13:30:00Z,wallet,MREF_13777
PAY_13778,ORDER_13778,8030.36,INR,captured,2026-03-03T09:48:00Z,card,MREF_13778
PAY_13779,ORDER_13779,2820.64,INR,captured,2026-03-24T14:57:00Z,wallet,MREF_13779
PAY_13780,ORDER_13780,5229.15,INR,captured,2026-05-29T18:23:00Z,netbanking,MREF_13780
PAY_13781,ORDER_13781,6931.36,INR,captured,2026-04-27T08:27:00Z,wallet,MREF_13781
PAY_13782,ORDER_13782,2240.29,INR,captured,2026-05-07T13:47:00Z,netbanking,MREF_13782
PAY_13783,ORDER_13783,7433.33,INR,captured,2026-06-12T15:30:00Z,wallet,MREF_13783
PAY_13784,ORDER_13784,1241.30,INR,captured,2026-05-12T09:29:00Z,wallet,MREF_13784
PAY_13785,ORDER_13785,8388.85,INR,captured,2026-04-07T15:04:00Z,netbanking,MREF_13785
PAY_13786,ORDER_13786,440.17,INR,captured,2026-03-06T11:44:00Z,wallet,MREF_13786
PAY_13787,ORDER_13787,3670.99,INR,captured,2026-06-19T21:43:00Z,netbanking,MREF_13787
PAY_13788,ORDER_13788,690.58,INR,captured,2026-05-19T06:43:00Z,netbanking,MREF_13788
PAY_13789,ORDER_13789,5594.02,INR,captured,2026-05-27T15:27:00Z,netbanking,MREF_13789
PAY_13790,ORDER_13790,1566.46,INR,captured,2026-06-20T18:15:00Z,wallet,MREF_13790
PAY_13791,ORDER_13791,6943.93,INR,captured,2026-04-30T08:42:00Z,netbanking,MREF_13791
PAY_13792,ORDER_13792,3644.40,INR,captured,2026-05-24T12:36:00Z,upi,MREF_13792
PAY_13793,ORDER_13793,5965.48,INR,captured,2026-03-20T19:20:00Z,card,MREF_13793
PAY_13794,ORDER_13794,7981.82,INR,captured,2026-04-30T16:11:00Z,upi,MREF_13794
PAY_13795,ORDER_13795,1401.10,INR,captured,2026-06-15T14:34:00Z,wallet,MREF_13795
PAY_13796,ORDER_13796,4762.64,INR,captured,2026-05-16T10:41:00Z,upi,MREF_13796
PAY_13797,ORDER_13797,2519.76,INR,captured,2026-05-19T21:34:00Z,netbanking,MREF_13797
PAY_13798,ORDER_13798,913.21,INR,captured,2026-06-24T06:11:00Z,netbanking,MREF_13798
PAY_13799,ORDER_13799,7297.39,INR,captured,2026-05-26T15:16:00Z,netbanking,MREF_13799
PAY_13800,ORDER_13800,6813.75,INR,captured,2026-04-03T07:38:00Z,upi,MREF_13800
PAY_13801,ORDER_13801,5979.05,INR,captured,2026-05-28T15:59:00Z,upi,MREF_13801
PAY_13802,ORDER_13802,5323.07,INR,captured,2026-06-04T16:26:00Z,netbanking,MREF_13802
PAY_13803,ORDER_13803,8735.30,INR,captured,2026-04-26T12:55:00Z,wallet,MREF_13803
PAY_13804,ORDER_13804,6194.39,INR,captured,2026-04-20T19:20:00Z,netbanking,MREF_13804
PAY_13805,ORDER_13805,8008.34,INR,captured,2026-05-20T16:26:00Z,card,MREF_13805
PAY_13806,ORDER_13806,8822.88,INR,captured,2026-06-18T15:23:00Z,netbanking,MREF_13806
PAY_13807,ORDER_13807,789.85,INR,captured,2026-05-25T10:00:00Z,card,MREF_13807
PAY_13808,ORDER_13808,3632.16,INR,captured,2026-04-12T08:19:00Z,upi,MREF_13808
PAY_13809,ORDER_13809,8974.93,INR,captured,2026-04-12T17:46:00Z,upi,MREF_13809
PAY_13810,ORDER_13810,1907.57,INR,captured,2026-04-07T21:45:00Z,wallet,MREF_13810
PAY_13811,ORDER_13811,2728.43,INR,captured,2026-03-29T09:04:00Z,card,MREF_13811
PAY_13812,ORDER_13812,1253.90,INR,captured,2026-06-27T10:27:00Z,netbanking,MREF_13812
PAY_13813,ORDER_13813,151.38,INR,captured,2026-06-04T12:46:00Z,upi,MREF_13813
PAY_13814,ORDER_13814,3485.28,INR,captured,2026-06-21T15:19:00Z,wallet,MREF_13814
PAY_13815,ORDER_13815,775.46,INR,captured,2026-04-27T18:16:00Z,upi,MREF_13815
PAY_13816,ORDER_13816,678.26,INR,captured,2026-06-24T16:30:00Z,netbanking,MREF_13816
PAY_13817,ORDER_13817,4204.40,INR,captured,2026-06-27T09:17:00Z,upi,MREF_13817
PAY_13818,ORDER_13818,6113.14,INR,captured,2026-06-04T15:41:00Z,upi,MREF_13818
PAY_13819,ORDER_13819,7651.64,INR,captured,2026-05-11T08:32:00Z,wallet,MREF_13819
PAY_13820,ORDER_13820,7103.27,INR,captured,2026-04-12T17:46:00Z,wallet,MREF_13820
PAY_13821,ORDER_13821,6766.06,INR,captured,2026-06-04T08:23:00Z,upi,MREF_13821
PAY_13822,ORDER_13822,5732.39,INR,captured,2026-03-08T15:50:00Z,card,MREF_13822
PAY_13823,ORDER_13823,4512.84,INR,captured,2026-03-22T17:36:00Z,netbanking,MREF_13823
PAY_13824,ORDER_13824,8900.36,INR,captured,2026-05-04T07:01:00Z,upi,MREF_13824
PAY_13825,ORDER_13825,8360.47,INR,captured,2026-03-25T18:53:00Z,wallet,MREF_13825
PAY_13826,ORDER_13826,5180.72,INR,captured,2026-03-10T08:56:00Z,wallet,MREF_13826
PAY_13827,ORDER_13827,4676.05,INR,captured,2026-04-11T11:07:00Z,netbanking,MREF_13827
PAY_13828,ORDER_13828,9209.03,INR,captured,2026-04-19T19:53:00Z,wallet,MREF_13828
PAY_13829,ORDER_13829,7198.01,INR,captured,2026-04-26T14:42:00Z,wallet,MREF_13829
PAY_13830,ORDER_13830,5668.75,INR,captured,2026-05-18T15:43:00Z,upi,MREF_13830
PAY_13831,ORDER_13831,8764.11,INR,captured,2026-04-08T21:57:00Z,netbanking,MREF_13831
PAY_13832,ORDER_13832,9099.83,INR,captured,2026-04-25T10:20:00Z,netbanking,MREF_13832
PAY_13833,ORDER_13833,1828.39,INR,captured,2026-05-28T11:12:00Z,wallet,MREF_13833
PAY_13834,ORDER_13834,1949.57,INR,captured,2026-05-10T13:03:00Z,wallet,MREF_13834
PAY_13835,ORDER_13835,958.99,INR,captured,2026-04-22T15:43:00Z,netbanking,MREF_13835
PAY_13836,ORDER_13836,3404.29,INR,captured,2026-04-01T21:56:00Z,card,MREF_13836
PAY_13837,ORDER_13837,4592.67,INR,captured,2026-04-30T16:06:00Z,wallet,MREF_13837
PAY_13838,ORDER_13838,3539.11,INR,captured,2026-06-21T13:30:00Z,netbanking,MREF_13838
PAY_13839,ORDER_13839,1158.88,INR,captured,2026-05-13T20:17:00Z,netbanking,MREF_13839
PAY_13840,ORDER_13840,1002.29,INR,captured,2026-06-18T09:02:00Z,card,MREF_13840
PAY_13841,ORDER_13841,2041.89,INR,captured,2026-05-26T21:22:00Z,upi,MREF_13841
PAY_13842,ORDER_13842,1157.35,INR,captured,2026-03-19T06:36:00Z,wallet,MREF_13842
PAY_13843,ORDER_13843,5185.80,INR,captured,2026-04-25T16:46:00Z,upi,MREF_13843
PAY_13844,ORDER_13844,8455.50,INR,captured,2026-05-31T08:24:00Z,card,MREF_13844
PAY_13845,ORDER_13845,2396.84,INR,captured,2026-03-31T12:35:00Z,wallet,MREF_13845
PAY_13846,ORDER_13846,8541.78,INR,captured,2026-03-17T13:15:00Z,upi,MREF_13846
PAY_13847,ORDER_13847,7606.22,INR,captured,2026-06-02T06:23:00Z,netbanking,MREF_13847
PAY_13848,ORDER_13848,844.67,INR,captured,2026-04-02T16:02:00Z,netbanking,MREF_13848
PAY_13849,ORDER_13849,5241.14,INR,captured,2026-03-21T18:23:00Z,wallet,MREF_13849
PAY_13850,ORDER_13850,5764.57,INR,captured,2026-06-14T16:51:00Z,netbanking,MREF_13850
PAY_13851,ORDER_13851,2785.67,INR,captured,2026-03-08T18:04:00Z,card,MREF_13851
PAY_13852,ORDER_13852,984.32,INR,captured,2026-05-22T17:38:00Z,card,MREF_13852
PAY_13853,ORDER_13853,5126.45,INR,captured,2026-04-04T09:33:00Z,card,MREF_13853
PAY_13854,ORDER_13854,6623.68,INR,captured,2026-03-31T20:47:00Z,upi,MREF_13854
PAY_13855,ORDER_13855,680.33,INR,captured,2026-05-09T11:02:00Z,netbanking,MREF_13855
PAY_13856,ORDER_13856,9238.55,INR,captured,2026-05-04T21:55:00Z,card,MREF_13856
PAY_13857,ORDER_13857,5089.28,INR,captured,2026-04-19T06:55:00Z,netbanking,MREF_13857
PAY_13858,ORDER_13858,8375.17,INR,captured,2026-04-08T13:16:00Z,wallet,MREF_13858
PAY_13859,ORDER_13859,7771.32,INR,captured,2026-05-24T11:17:00Z,upi,MREF_13859
PAY_13860,ORDER_13860,931.70,INR,captured,2026-03-26T16:49:00Z,netbanking,MREF_13860
PAY_13861,ORDER_13861,8262.17,INR,captured,2026-04-05T20:32:00Z,card,MREF_13861
PAY_13862,ORDER_13862,3650.83,INR,captured,2026-06-10T08:45:00Z,netbanking,MREF_13862
PAY_13863,ORDER_13863,9109.13,INR,captured,2026-06-15T10:37:00Z,upi,MREF_13863
PAY_13864,ORDER_13864,5182.61,INR,captured,2026-03-14T17:28:00Z,upi,MREF_13864
PAY_13865,ORDER_13865,2016.22,INR,captured,2026-06-12T08:05:00Z,upi,MREF_13865
PAY_13866,ORDER_13866,5836.17,INR,captured,2026-04-06T07:55:00Z,wallet,MREF_13866
PAY_13867,ORDER_13867,921.82,INR,captured,2026-05-02T16:32:00Z,upi,MREF_13867
PAY_13868,ORDER_13868,7183.47,INR,captured,2026-06-09T20:50:00Z,netbanking,MREF_13868
PAY_13869,ORDER_13869,879.65,INR,captured,2026-03-21T19:29:00Z,wallet,MREF_13869
PAY_13870,ORDER_13870,6128.04,INR,captured,2026-04-12T17:08:00Z,card,MREF_13870
PAY_13871,ORDER_13871,6875.80,INR,captured,2026-05-30T15:35:00Z,wallet,MREF_13871
PAY_13872,ORDER_13872,647.11,INR,captured,2026-05-03T17:45:00Z,card,MREF_13872
PAY_13873,ORDER_13873,9279.83,INR,captured,2026-03-20T17:22:00Z,upi,MREF_13873
PAY_13874,ORDER_13874,2315.49,INR,captured,2026-03-08T19:24:00Z,netbanking,MREF_13874
PAY_13875,ORDER_13875,8218.68,INR,captured,2026-05-26T12:36:00Z,card,MREF_13875
PAY_13876,ORDER_13876,2352.95,INR,captured,2026-05-15T06:13:00Z,wallet,MREF_13876
PAY_13877,ORDER_13877,3086.34,INR,captured,2026-04-18T11:08:00Z,upi,MREF_13877
PAY_13878,ORDER_13878,540.38,INR,captured,2026-05-01T06:49:00Z,upi,MREF_13878
PAY_13879,ORDER_13879,723.86,INR,captured,2026-03-21T06:59:00Z,card,MREF_13879
PAY_13880,ORDER_13880,8763.91,INR,captured,2026-05-14T14:18:00Z,upi,MREF_13880
PAY_13881,ORDER_13881,4134.56,INR,captured,2026-03-07T06:31:00Z,netbanking,MREF_13881
PAY_13882,ORDER_13882,8242.95,INR,captured,2026-03-08T20:02:00Z,wallet,MREF_13882
PAY_13883,ORDER_13883,4483.35,INR,captured,2026-03-03T09:36:00Z,netbanking,MREF_13883
PAY_13884,ORDER_13884,3891.81,INR,captured,2026-05-01T08:10:00Z,card,MREF_13884
PAY_13885,ORDER_13885,2713.45,INR,captured,2026-04-21T16:31:00Z,upi,MREF_13885
PAY_13886,ORDER_13886,4520.71,INR,captured,2026-06-02T07:17:00Z,upi,MREF_13886
PAY_13887,ORDER_13887,2668.52,INR,captured,2026-03-21T19:38:00Z,card,MREF_13887
PAY_13888,ORDER_13888,3952.88,INR,captured,2026-04-15T12:57:00Z,netbanking,MREF_13888
PAY_13889,ORDER_13889,5214.62,INR,captured,2026-03-26T18:34:00Z,upi,MREF_13889
PAY_13890,ORDER_13890,6852.32,INR,captured,2026-05-10T10:42:00Z,card,MREF_13890
PAY_13891,ORDER_13891,1628.91,INR,captured,2026-06-01T06:18:00Z,netbanking,MREF_13891
PAY_13892,ORDER_13892,4181.49,INR,captured,2026-06-01T11:30:00Z,card,MREF_13892
PAY_13893,ORDER_13893,5001.69,INR,captured,2026-06-27T06:45:00Z,wallet,MREF_13893
PAY_13894,ORDER_13894,8969.63,INR,captured,2026-04-20T15:13:00Z,upi,MREF_13894
PAY_13895,ORDER_13895,3818.89,INR,captured,2026-06-22T08:01:00Z,netbanking,MREF_13895
PAY_13896,ORDER_13896,4313.37,INR,captured,2026-03-07T14:21:00Z,upi,MREF_13896
PAY_13897,ORDER_13897,1677.64,INR,captured,2026-03-26T08:04:00Z,upi,MREF_13897
PAY_13898,ORDER_13898,5243.77,INR,captured,2026-03-21T18:34:00Z,netbanking,MREF_13898
PAY_13899,ORDER_13899,4479.62,INR,captured,2026-06-10T09:46:00Z,wallet,MREF_13899
PAY_13900,ORDER_13900,5242.63,INR,captured,2026-06-06T09:01:00Z,netbanking,MREF_13900
PAY_13901,ORDER_13901,6765.97,INR,captured,2026-04-25T10:13:00Z,netbanking,MREF_13901
PAY_13902,ORDER_13902,5174.15,INR,captured,2026-04-26T12:59:00Z,card,MREF_13902
PAY_13903,ORDER_13903,998.58,INR,captured,2026-06-03T20:27:00Z,netbanking,MREF_13903
PAY_13904,ORDER_13904,245.00,INR,captured,2026-03-08T18:26:00Z,netbanking,MREF_13904
PAY_13905,ORDER_13905,6600.93,INR,captured,2026-04-04T14:13:00Z,netbanking,MREF_13905
PAY_13906,ORDER_13906,9323.14,INR,captured,2026-06-14T21:26:00Z,wallet,MREF_13906
PAY_13907,ORDER_13907,532.52,INR,captured,2026-04-30T10:56:00Z,wallet,MREF_13907
PAY_13908,ORDER_13908,3331.82,INR,captured,2026-05-20T15:51:00Z,upi,MREF_13908
PAY_13909,ORDER_13909,4439.34,INR,captured,2026-05-06T17:06:00Z,netbanking,MREF_13909
PAY_13910,ORDER_13910,7430.18,INR,captured,2026-05-16T08:48:00Z,upi,MREF_13910
PAY_13911,ORDER_13911,5292.14,INR,captured,2026-05-30T16:41:00Z,upi,MREF_13911
PAY_13912,ORDER_13912,3305.40,INR,captured,2026-04-06T13:04:00Z,card,MREF_13912
PAY_13913,ORDER_13913,864.49,INR,captured,2026-04-21T20:22:00Z,netbanking,MREF_13913
PAY_13914,ORDER_13914,7465.44,INR,captured,2026-05-23T18:02:00Z,wallet,MREF_13914
PAY_13915,ORDER_13915,2818.37,INR,captured,2026-03-20T15:39:00Z,wallet,MREF_13915
PAY_13916,ORDER_13916,851.79,INR,captured,2026-04-08T09:50:00Z,upi,MREF_13916
PAY_13917,ORDER_13917,2919.97,INR,captured,2026-05-30T09:26:00Z,upi,MREF_13917
PAY_13918,ORDER_13918,5131.71,INR,captured,2026-06-09T19:33:00Z,upi,MREF_13918
PAY_13919,ORDER_13919,7736.15,INR,captured,2026-03-27T13:35:00Z,upi,MREF_13919
PAY_13920,ORDER_13920,5726.15,INR,captured,2026-03-22T20:24:00Z,netbanking,MREF_13920
PAY_13921,ORDER_13921,2396.47,INR,captured,2026-06-24T07:35:00Z,netbanking,MREF_13921
PAY_13922,ORDER_13922,5386.68,INR,captured,2026-05-25T19:11:00Z,upi,MREF_13922
PAY_13923,ORDER_13923,5812.18,INR,captured,2026-04-17T17:44:00Z,netbanking,MREF_13923
PAY_13924,ORDER_13924,8308.26,INR,captured,2026-06-10T18:58:00Z,upi,MREF_13924
PAY_13925,ORDER_13925,5129.81,INR,captured,2026-05-29T09:13:00Z,wallet,MREF_13925
PAY_13926,ORDER_13926,1117.20,INR,captured,2026-03-07T14:55:00Z,wallet,MREF_13926
PAY_13927,ORDER_13927,1389.64,INR,captured,2026-06-12T17:34:00Z,netbanking,MREF_13927
PAY_13928,ORDER_13928,562.75,INR,captured,2026-05-03T09:26:00Z,card,MREF_13928
PAY_13929,ORDER_13929,1238.53,INR,captured,2026-06-24T08:52:00Z,netbanking,MREF_13929
PAY_13930,ORDER_13930,4107.55,INR,captured,2026-03-23T15:56:00Z,upi,MREF_13930
PAY_13931,ORDER_13931,5423.20,INR,captured,2026-05-19T14:37:00Z,upi,MREF_13931
PAY_13932,ORDER_13932,5265.67,INR,captured,2026-03-26T15:10:00Z,upi,MREF_13932
PAY_13933,ORDER_13933,4812.19,INR,captured,2026-04-20T13:49:00Z,card,MREF_13933
PAY_13934,ORDER_13934,2715.47,INR,captured,2026-04-28T13:30:00Z,netbanking,MREF_13934
PAY_13935,ORDER_13935,8098.91,INR,captured,2026-05-12T09:36:00Z,card,MREF_13935
PAY_13936,ORDER_13936,9328.80,INR,captured,2026-03-23T21:32:00Z,wallet,MREF_13936
PAY_13937,ORDER_13937,4215.94,INR,captured,2026-03-29T11:49:00Z,card,MREF_13937
PAY_13938,ORDER_13938,5916.27,INR,captured,2026-05-21T09:52:00Z,netbanking,MREF_13938
PAY_13939,ORDER_13939,6018.33,INR,captured,2026-05-22T18:42:00Z,wallet,MREF_13939
PAY_13940,ORDER_13940,4869.25,INR,captured,2026-05-02T10:40:00Z,upi,MREF_13940
PAY_13941,ORDER_13941,5098.34,INR,captured,2026-04-20T13:16:00Z,card,MREF_13941
PAY_13942,ORDER_13942,3503.73,INR,captured,2026-03-21T11:26:00Z,wallet,MREF_13942
PAY_13943,ORDER_13943,8495.97,INR,captured,2026-04-18T17:52:00Z,upi,MREF_13943
PAY_13944,ORDER_13944,7184.44,INR,captured,2026-03-03T14:18:00Z,wallet,MREF_13944
PAY_13945,ORDER_13945,2701.50,INR,captured,2026-04-22T18:11:00Z,card,MREF_13945
PAY_13946,ORDER_13946,744.89,INR,captured,2026-05-01T10:07:00Z,wallet,MREF_13946
PAY_13947,ORDER_13947,4648.43,INR,captured,2026-05-28T13:14:00Z,netbanking,MREF_13947
PAY_13948,ORDER_13948,8764.17,INR,captured,2026-03-13T08:17:00Z,wallet,MREF_13948
PAY_13949,ORDER_13949,3136.45,INR,captured,2026-04-16T14:27:00Z,wallet,MREF_13949
PAY_13950,ORDER_13950,3944.54,INR,captured,2026-05-01T10:52:00Z,card,MREF_13950
PAY_13951,ORDER_13951,8900.27,INR,captured,2026-05-10T07:21:00Z,upi,MREF_13951
PAY_13952,ORDER_13952,7449.04,INR,captured,2026-05-26T13:37:00Z,upi,MREF_13952
PAY_13953,ORDER_13953,8563.75,INR,captured,2026-05-17T12:17:00Z,wallet,MREF_13953
PAY_13954,ORDER_13954,2904.48,INR,captured,2026-03-19T17:42:00Z,upi,MREF_13954
PAY_13955,ORDER_13955,1328.39,INR,captured,2026-04-02T13:30:00Z,card,MREF_13955
PAY_13956,ORDER_13956,8879.16,INR,captured,2026-03-02T15:31:00Z,card,MREF_13956
PAY_13957,ORDER_13957,3367.29,INR,captured,2026-05-09T12:37:00Z,wallet,MREF_13957
PAY_13958,ORDER_13958,3807.56,INR,captured,2026-03-06T11:32:00Z,netbanking,MREF_13958
PAY_13959,ORDER_13959,610.59,INR,captured,2026-05-21T14:32:00Z,wallet,MREF_13959
PAY_13960,ORDER_13960,7102.31,INR,captured,2026-04-23T19:48:00Z,upi,MREF_13960
PAY_13961,ORDER_13961,2951.79,INR,captured,2026-03-27T16:40:00Z,netbanking,MREF_13961
PAY_13962,ORDER_13962,1157.91,INR,captured,2026-04-11T19:59:00Z,wallet,MREF_13962
PAY_13963,ORDER_13963,6502.85,INR,captured,2026-06-25T21:05:00Z,wallet,MREF_13963
PAY_13964,ORDER_13964,1901.44,INR,captured,2026-06-25T07:19:00Z,wallet,MREF_13964
PAY_13965,ORDER_13965,4028.71,INR,captured,2026-06-05T06:13:00Z,upi,MREF_13965
PAY_13966,ORDER_13966,4536.09,INR,captured,2026-05-19T14:16:00Z,card,MREF_13966
PAY_13967,ORDER_13967,9365.49,INR,captured,2026-05-27T13:39:00Z,wallet,MREF_13967
PAY_13968,ORDER_13968,6666.99,INR,captured,2026-05-10T14:07:00Z,card,MREF_13968
PAY_13969,ORDER_13969,4852.91,INR,captured,2026-04-02T06:21:00Z,card,MREF_13969
PAY_13970,ORDER_13970,6417.30,INR,captured,2026-06-28T11:30:00Z,wallet,MREF_13970
PAY_13971,ORDER_13971,6009.61,INR,captured,2026-03-21T07:42:00Z,netbanking,MREF_13971
PAY_13972,ORDER_13972,8270.25,INR,captured,2026-05-14T13:46:00Z,wallet,MREF_13972
PAY_13973,ORDER_13973,6280.71,INR,captured,2026-04-23T09:37:00Z,upi,MREF_13973
PAY_13974,ORDER_13974,1937.78,INR,captured,2026-03-07T10:57:00Z,card,MREF_13974
PAY_13975,ORDER_13975,6643.28,INR,captured,2026-05-13T20:45:00Z,card,MREF_13975
PAY_13976,ORDER_13976,5660.16,INR,captured,2026-04-20T19:19:00Z,netbanking,MREF_13976
PAY_13977,ORDER_13977,6154.50,INR,captured,2026-04-22T14:26:00Z,netbanking,MREF_13977
PAY_13978,ORDER_13978,7955.05,INR,captured,2026-06-04T06:29:00Z,netbanking,MREF_13978
PAY_13979,ORDER_13979,2573.52,INR,captured,2026-05-04T19:45:00Z,wallet,MREF_13979
PAY_13980,ORDER_13980,7748.49,INR,captured,2026-06-04T20:00:00Z,wallet,MREF_13980
PAY_13981,ORDER_13981,2018.19,INR,captured,2026-05-10T15:15:00Z,upi,MREF_13981
PAY_13982,ORDER_13982,7423.97,INR,captured,2026-04-26T21:59:00Z,upi,MREF_13982
PAY_13983,ORDER_13983,1108.15,INR,captured,2026-03-06T10:06:00Z,card,MREF_13983
PAY_13984,ORDER_13984,8107.11,INR,captured,2026-05-03T11:54:00Z,netbanking,MREF_13984
PAY_13985,ORDER_13985,5656.16,INR,captured,2026-05-21T06:24:00Z,upi,MREF_13985
PAY_13986,ORDER_13986,324.47,INR,captured,2026-03-13T20:54:00Z,card,MREF_13986
PAY_13987,ORDER_13987,4826.12,INR,captured,2026-06-04T18:32:00Z,card,MREF_13987
PAY_13988,ORDER_13988,5613.18,INR,captured,2026-03-11T20:42:00Z,netbanking,MREF_13988
PAY_13989,ORDER_13989,7010.94,INR,captured,2026-04-17T06:59:00Z,wallet,MREF_13989
PAY_13990,ORDER_13990,6604.95,INR,captured,2026-05-30T18:20:00Z,netbanking,MREF_13990
PAY_13991,ORDER_13991,3586.24,INR,captured,2026-06-25T07:29:00Z,card,MREF_13991
PAY_13992,ORDER_13992,8016.79,INR,captured,2026-05-26T13:28:00Z,wallet,MREF_13992
PAY_13993,ORDER_13993,9273.95,INR,captured,2026-04-02T16:38:00Z,card,MREF_13993
PAY_13994,ORDER_13994,1343.79,INR,captured,2026-05-22T07:41:00Z,upi,MREF_13994
PAY_13995,ORDER_13995,5267.07,INR,captured,2026-03-28T16:33:00Z,wallet,MREF_13995
PAY_13996,ORDER_13996,4147.73,INR,captured,2026-03-02T12:53:00Z,upi,MREF_13996
PAY_13997,ORDER_13997,5869.83,INR,captured,2026-04-23T07:02:00Z,wallet,MREF_13997
PAY_13998,ORDER_13998,4192.06,INR,captured,2026-04-02T21:42:00Z,card,MREF_13998
PAY_13999,ORDER_13999,1509.03,INR,captured,2026-03-15T09:54:00Z,netbanking,MREF_13999
PAY_14000,ORDER_14000,7095.60,INR,captured,2026-06-10T16:34:00Z,netbanking,MREF_14000
PAY_14001,ORDER_14001,4464.40,INR,captured,2026-06-26T18:42:00Z,card,MREF_14001
PAY_14002,ORDER_14002,6901.07,INR,captured,2026-04-30T18:46:00Z,card,MREF_14002
PAY_14003,ORDER_14003,5018.97,INR,captured,2026-03-22T06:42:00Z,wallet,MREF_14003
PAY_14004,ORDER_14004,3230.65,INR,captured,2026-06-08T16:13:00Z,wallet,MREF_14004
PAY_14005,ORDER_14005,4404.53,INR,captured,2026-05-05T19:42:00Z,netbanking,MREF_14005
PAY_14006,ORDER_14006,6531.38,INR,captured,2026-04-29T16:44:00Z,upi,MREF_14006
PAY_14007,ORDER_14007,4948.54,INR,captured,2026-04-26T20:10:00Z,netbanking,MREF_14007
PAY_14008,ORDER_14008,367.61,INR,captured,2026-03-04T10:23:00Z,card,MREF_14008
PAY_14009,ORDER_14009,9209.59,INR,captured,2026-05-20T19:46:00Z,wallet,MREF_14009
PAY_14010,ORDER_14010,4199.39,INR,captured,2026-03-12T19:34:00Z,netbanking,MREF_14010
PAY_14011,ORDER_14011,7576.29,INR,captured,2026-03-22T06:04:00Z,netbanking,MREF_14011
PAY_14012,ORDER_14012,3077.73,INR,captured,2026-03-29T20:54:00Z,wallet,MREF_14012
PAY_14013,ORDER_14013,4804.87,INR,captured,2026-04-07T18:45:00Z,netbanking,MREF_14013
PAY_14014,ORDER_14014,3774.04,INR,captured,2026-06-03T09:58:00Z,card,MREF_14014
PAY_14015,ORDER_14015,1430.96,INR,captured,2026-05-24T18:08:00Z,card,MREF_14015
PAY_14016,ORDER_14016,7128.58,INR,captured,2026-06-25T14:19:00Z,netbanking,MREF_14016
PAY_14017,ORDER_14017,7974.43,INR,captured,2026-03-12T07:16:00Z,upi,MREF_14017
PAY_14018,ORDER_14018,8262.55,INR,captured,2026-06-19T09:42:00Z,netbanking,MREF_14018
PAY_14019,ORDER_14019,1826.02,INR,captured,2026-06-08T19:42:00Z,netbanking,MREF_14019
PAY_14020,ORDER_14020,1632.99,INR,captured,2026-03-11T20:11:00Z,upi,MREF_14020
PAY_14021,ORDER_14021,7137.68,INR,captured,2026-04-09T12:30:00Z,card,MREF_14021
PAY_14022,ORDER_14022,6202.92,INR,captured,2026-04-03T14:12:00Z,card,MREF_14022
PAY_14023,ORDER_14023,2407.57,INR,captured,2026-04-24T16:59:00Z,card,MREF_14023
PAY_14024,ORDER_14024,344.21,INR,captured,2026-04-19T18:02:00Z,netbanking,MREF_14024
PAY_14025,ORDER_14025,4011.32,INR,captured,2026-06-17T12:50:00Z,netbanking,MREF_14025
PAY_14026,ORDER_14026,7460.74,INR,captured,2026-05-28T18:53:00Z,wallet,MREF_14026
PAY_14027,ORDER_14027,4670.75,INR,captured,2026-04-03T21:02:00Z,card,MREF_14027
PAY_14028,ORDER_14028,8929.90,INR,captured,2026-04-19T18:01:00Z,card,MREF_14028
PAY_14029,ORDER_14029,3857.67,INR,captured,2026-03-29T10:53:00Z,netbanking,MREF_14029
PAY_14030,ORDER_14030,1936.37,INR,captured,2026-05-16T16:20:00Z,upi,MREF_14030
PAY_14031,ORDER_14031,783.39,INR,captured,2026-03-28T18:26:00Z,wallet,MREF_14031
PAY_14032,ORDER_14032,8963.70,INR,captured,2026-05-11T10:39:00Z,upi,MREF_14032
PAY_14033,ORDER_14033,3860.20,INR,captured,2026-03-11T07:58:00Z,wallet,MREF_14033
PAY_14034,ORDER_14034,2835.53,INR,captured,2026-06-16T07:55:00Z,card,MREF_14034
PAY_14035,ORDER_14035,7718.26,INR,captured,2026-03-04T10:15:00Z,wallet,MREF_14035
PAY_14036,ORDER_14036,4904.70,INR,captured,2026-04-01T16:34:00Z,wallet,MREF_14036
PAY_14037,ORDER_14037,6669.64,INR,captured,2026-03-02T12:17:00Z,wallet,MREF_14037
PAY_14038,ORDER_14038,4984.43,INR,captured,2026-04-17T07:07:00Z,card,MREF_14038
PAY_14039,ORDER_14039,799.70,INR,captured,2026-06-12T17:01:00Z,netbanking,MREF_14039
PAY_14040,ORDER_14040,5018.03,INR,captured,2026-06-02T10:48:00Z,card,MREF_14040
PAY_14041,ORDER_14041,3804.98,INR,captured,2026-06-14T13:47:00Z,card,MREF_14041
PAY_14042,ORDER_14042,1629.30,INR,captured,2026-05-24T10:58:00Z,netbanking,MREF_14042
PAY_14043,ORDER_14043,1532.62,INR,captured,2026-03-24T20:00:00Z,netbanking,MREF_14043
PAY_14044,ORDER_14044,3341.36,INR,captured,2026-06-27T21:34:00Z,wallet,MREF_14044
PAY_14045,ORDER_14045,1457.97,INR,captured,2026-04-20T20:51:00Z,wallet,MREF_14045
PAY_14046,ORDER_14046,7080.06,INR,captured,2026-03-16T21:48:00Z,upi,MREF_14046
PAY_14047,ORDER_14047,4712.43,INR,captured,2026-05-12T14:26:00Z,wallet,MREF_14047
PAY_14048,ORDER_14048,1595.42,INR,captured,2026-06-26T13:18:00Z,wallet,MREF_14048
PAY_14049,ORDER_14049,2199.21,INR,captured,2026-06-26T16:54:00Z,wallet,MREF_14049
PAY_14050,ORDER_14050,6245.20,INR,captured,2026-03-24T06:13:00Z,card,MREF_14050
PAY_14051,ORDER_14051,6842.45,INR,captured,2026-04-27T07:09:00Z,wallet,MREF_14051
PAY_14052,ORDER_14052,3384.11,INR,captured,2026-04-28T18:08:00Z,netbanking,MREF_14052
PAY_14053,ORDER_14053,3579.31,INR,captured,2026-06-26T06:35:00Z,card,MREF_14053
PAY_14054,ORDER_14054,4984.06,INR,captured,2026-04-03T14:47:00Z,netbanking,MREF_14054
PAY_14055,ORDER_14055,3679.80,INR,captured,2026-06-13T20:55:00Z,netbanking,MREF_14055
PAY_14056,ORDER_14056,2179.06,INR,captured,2026-04-19T13:09:00Z,netbanking,MREF_14056
PAY_14057,ORDER_14057,4379.63,INR,captured,2026-04-25T20:50:00Z,upi,MREF_14057
PAY_14058,ORDER_14058,774.55,INR,captured,2026-05-15T20:36:00Z,netbanking,MREF_14058
PAY_14059,ORDER_14059,6058.23,INR,captured,2026-06-10T08:19:00Z,wallet,MREF_14059
PAY_14060,ORDER_14060,9044.05,INR,captured,2026-04-23T21:46:00Z,card,MREF_14060
PAY_14061,ORDER_14061,2319.85,INR,captured,2026-06-02T20:29:00Z,upi,MREF_14061
PAY_14062,ORDER_14062,6967.78,INR,captured,2026-03-26T17:47:00Z,wallet,MREF_14062
PAY_14063,ORDER_14063,4765.77,INR,captured,2026-04-11T10:08:00Z,upi,MREF_14063
PAY_14064,ORDER_14064,3310.08,INR,captured,2026-05-29T20:52:00Z,wallet,MREF_14064
PAY_14065,ORDER_14065,7825.74,INR,captured,2026-05-20T09:51:00Z,wallet,MREF_14065
PAY_14066,ORDER_14066,8140.79,INR,captured,2026-06-20T09:18:00Z,card,MREF_14066
PAY_14067,ORDER_14067,7727.47,INR,captured,2026-06-04T15:51:00Z,netbanking,MREF_14067
PAY_14068,ORDER_14068,5686.28,INR,captured,2026-06-27T14:20:00Z,wallet,MREF_14068
PAY_14069,ORDER_14069,8734.56,INR,captured,2026-05-18T15:59:00Z,upi,MREF_14069
PAY_14070,ORDER_14070,1256.12,INR,captured,2026-06-13T12:26:00Z,upi,MREF_14070
PAY_14071,ORDER_14071,7134.37,INR,captured,2026-06-14T11:57:00Z,upi,MREF_14071
PAY_14072,ORDER_14072,3478.74,INR,captured,2026-03-28T19:45:00Z,upi,MREF_14072
PAY_14073,ORDER_14073,4301.96,INR,captured,2026-05-26T10:17:00Z,wallet,MREF_14073
PAY_14074,ORDER_14074,8372.03,INR,captured,2026-04-17T09:14:00Z,upi,MREF_14074
PAY_14075,ORDER_14075,8007.97,INR,captured,2026-04-29T15:49:00Z,wallet,MREF_14075
PAY_14076,ORDER_14076,6061.60,INR,captured,2026-04-06T06:55:00Z,netbanking,MREF_14076
PAY_14077,ORDER_14077,2643.68,INR,captured,2026-05-27T21:24:00Z,upi,MREF_14077
PAY_14078,ORDER_14078,5424.74,INR,captured,2026-03-03T10:47:00Z,upi,MREF_14078
PAY_14079,ORDER_14079,6214.24,INR,captured,2026-03-08T19:42:00Z,upi,MREF_14079
PAY_14080,ORDER_14080,2478.69,INR,captured,2026-03-17T10:37:00Z,netbanking,MREF_14080
PAY_14081,ORDER_14081,9116.72,INR,captured,2026-06-04T11:45:00Z,netbanking,MREF_14081
PAY_14082,ORDER_14082,7351.39,INR,captured,2026-04-30T16:26:00Z,netbanking,MREF_14082
PAY_14083,ORDER_14083,6438.62,INR,captured,2026-03-07T16:47:00Z,wallet,MREF_14083
PAY_14084,ORDER_14084,6192.07,INR,captured,2026-04-14T21:19:00Z,upi,MREF_14084
PAY_14085,ORDER_14085,7582.85,INR,captured,2026-04-22T08:08:00Z,upi,MREF_14085
PAY_14086,ORDER_14086,4844.35,INR,captured,2026-05-21T18:32:00Z,wallet,MREF_14086
PAY_14087,ORDER_14087,3648.01,INR,captured,2026-05-27T21:08:00Z,card,MREF_14087
PAY_14088,ORDER_14088,1867.19,INR,captured,2026-05-13T16:26:00Z,wallet,MREF_14088
PAY_14089,ORDER_14089,291.26,INR,captured,2026-06-22T20:46:00Z,netbanking,MREF_14089
PAY_14090,ORDER_14090,5967.68,INR,captured,2026-06-08T11:19:00Z,upi,MREF_14090
PAY_14091,ORDER_14091,5329.28,INR,captured,2026-04-02T19:19:00Z,upi,MREF_14091
PAY_14092,ORDER_14092,8832.62,INR,captured,2026-05-03T08:11:00Z,wallet,MREF_14092
PAY_14093,ORDER_14093,9390.96,INR,captured,2026-04-07T14:00:00Z,wallet,MREF_14093
PAY_14094,ORDER_14094,4125.60,INR,captured,2026-04-22T20:13:00Z,card,MREF_14094
PAY_14095,ORDER_14095,2918.87,INR,captured,2026-05-01T13:03:00Z,card,MREF_14095
PAY_14096,ORDER_14096,4116.07,INR,captured,2026-06-27T13:03:00Z,upi,MREF_14096
PAY_14097,ORDER_14097,179.78,INR,captured,2026-03-21T17:57:00Z,wallet,MREF_14097
PAY_14098,ORDER_14098,5383.11,INR,captured,2026-03-05T18:11:00Z,upi,MREF_14098
PAY_14099,ORDER_14099,3914.91,INR,captured,2026-06-26T09:47:00Z,netbanking,MREF_14099
PAY_14100,ORDER_14100,3275.14,INR,captured,2026-03-09T15:33:00Z,wallet,MREF_14100
PAY_14101,ORDER_14101,6445.90,INR,captured,2026-05-02T10:15:00Z,wallet,MREF_14101
PAY_14102,ORDER_14102,8094.59,INR,captured,2026-04-26T08:54:00Z,card,MREF_14102
PAY_14103,ORDER_14103,4057.80,INR,captured,2026-04-18T15:44:00Z,upi,MREF_14103
PAY_14104,ORDER_14104,4441.55,INR,captured,2026-05-12T18:04:00Z,card,MREF_14104
PAY_14105,ORDER_14105,8205.86,INR,captured,2026-05-05T13:22:00Z,upi,MREF_14105
PAY_14106,ORDER_14106,9110.56,INR,captured,2026-05-03T17:29:00Z,netbanking,MREF_14106
PAY_14107,ORDER_14107,4281.75,INR,captured,2026-06-16T10:31:00Z,netbanking,MREF_14107
PAY_14108,ORDER_14108,8053.48,INR,captured,2026-03-19T15:44:00Z,wallet,MREF_14108
PAY_14109,ORDER_14109,7072.17,INR,captured,2026-05-25T17:10:00Z,upi,MREF_14109
PAY_14110,ORDER_14110,5128.93,INR,captured,2026-04-07T11:00:00Z,upi,MREF_14110
PAY_14111,ORDER_14111,4348.65,INR,captured,2026-04-28T19:24:00Z,card,MREF_14111
PAY_14112,ORDER_14112,3698.50,INR,captured,2026-04-07T12:46:00Z,wallet,MREF_14112
PAY_14113,ORDER_14113,261.45,INR,captured,2026-04-16T13:20:00Z,upi,MREF_14113
PAY_14114,ORDER_14114,1256.42,INR,captured,2026-04-28T15:14:00Z,netbanking,MREF_14114
PAY_14115,ORDER_14115,2927.05,INR,captured,2026-06-06T09:21:00Z,wallet,MREF_14115
PAY_14116,ORDER_14116,7778.80,INR,captured,2026-06-26T21:27:00Z,wallet,MREF_14116
PAY_14117,ORDER_14117,5829.56,INR,captured,2026-05-31T10:31:00Z,netbanking,MREF_14117
PAY_14118,ORDER_14118,957.12,INR,captured,2026-06-18T07:10:00Z,card,MREF_14118
PAY_14119,ORDER_14119,6245.69,INR,captured,2026-04-28T11:30:00Z,netbanking,MREF_14119
PAY_14120,ORDER_14120,9227.31,INR,captured,2026-05-16T12:37:00Z,card,MREF_14120
PAY_14121,ORDER_14121,1944.40,INR,captured,2026-05-26T13:05:00Z,upi,MREF_14121
PAY_14122,ORDER_14122,1905.47,INR,captured,2026-06-18T13:11:00Z,wallet,MREF_14122
PAY_14123,ORDER_14123,2374.76,INR,captured,2026-04-03T13:51:00Z,wallet,MREF_14123
PAY_14124,ORDER_14124,9111.04,INR,captured,2026-03-29T09:30:00Z,card,MREF_14124
PAY_14125,ORDER_14125,2121.53,INR,captured,2026-05-22T13:11:00Z,netbanking,MREF_14125
PAY_14126,ORDER_14126,588.64,INR,captured,2026-03-13T16:26:00Z,wallet,MREF_14126
PAY_14127,ORDER_14127,9293.05,INR,captured,2026-04-23T13:03:00Z,netbanking,MREF_14127
PAY_14128,ORDER_14128,6015.29,INR,captured,2026-05-21T06:05:00Z,wallet,MREF_14128
PAY_14129,ORDER_14129,1486.67,INR,captured,2026-05-26T15:12:00Z,wallet,MREF_14129
PAY_14130,ORDER_14130,2029.72,INR,captured,2026-06-01T19:51:00Z,wallet,MREF_14130
PAY_14131,ORDER_14131,3523.69,INR,captured,2026-06-09T13:13:00Z,card,MREF_14131
PAY_14132,ORDER_14132,4979.57,INR,captured,2026-05-16T06:04:00Z,wallet,MREF_14132
PAY_14133,ORDER_14133,5524.51,INR,captured,2026-03-19T14:13:00Z,netbanking,MREF_14133
PAY_14134,ORDER_14134,5183.40,INR,captured,2026-03-30T15:07:00Z,wallet,MREF_14134
PAY_14135,ORDER_14135,3911.95,INR,captured,2026-03-31T17:42:00Z,wallet,MREF_14135
PAY_14136,ORDER_14136,5097.75,INR,captured,2026-05-02T13:52:00Z,card,MREF_14136
PAY_14137,ORDER_14137,876.89,INR,captured,2026-03-22T18:55:00Z,upi,MREF_14137
PAY_14138,ORDER_14138,7249.62,INR,captured,2026-06-10T21:59:00Z,netbanking,MREF_14138
PAY_14139,ORDER_14139,8026.04,INR,captured,2026-06-16T09:08:00Z,card,MREF_14139
PAY_14140,ORDER_14140,6402.70,INR,captured,2026-04-13T07:07:00Z,card,MREF_14140
PAY_14141,ORDER_14141,6871.25,INR,captured,2026-03-03T15:35:00Z,wallet,MREF_14141
PAY_14142,ORDER_14142,8014.52,INR,captured,2026-04-23T12:18:00Z,upi,MREF_14142
PAY_14143,ORDER_14143,3524.64,INR,captured,2026-03-13T09:18:00Z,card,MREF_14143
PAY_14144,ORDER_14144,1776.20,INR,captured,2026-03-17T12:04:00Z,upi,MREF_14144
PAY_14145,ORDER_14145,4833.08,INR,captured,2026-06-13T08:28:00Z,netbanking,MREF_14145
PAY_14146,ORDER_14146,5818.81,INR,captured,2026-04-18T16:52:00Z,netbanking,MREF_14146
PAY_14147,ORDER_14147,3323.40,INR,captured,2026-05-19T06:36:00Z,upi,MREF_14147
PAY_14148,ORDER_14148,7195.90,INR,captured,2026-03-05T19:54:00Z,upi,MREF_14148
PAY_14149,ORDER_14149,3006.01,INR,captured,2026-03-02T15:40:00Z,wallet,MREF_14149
PAY_14150,ORDER_14150,3012.00,INR,captured,2026-03-16T08:59:00Z,card,MREF_14150
PAY_14151,ORDER_14151,8405.80,INR,captured,2026-06-10T14:18:00Z,wallet,MREF_14151
PAY_14152,ORDER_14152,1289.34,INR,captured,2026-05-23T20:56:00Z,wallet,MREF_14152
PAY_14153,ORDER_14153,1200.94,INR,captured,2026-04-29T06:45:00Z,wallet,MREF_14153
PAY_14154,ORDER_14154,5185.33,INR,captured,2026-04-06T20:56:00Z,card,MREF_14154
PAY_14155,ORDER_14155,3170.97,INR,captured,2026-06-21T09:35:00Z,upi,MREF_14155
PAY_14156,ORDER_14156,8420.75,INR,captured,2026-05-07T10:30:00Z,upi,MREF_14156
PAY_14157,ORDER_14157,1982.80,INR,captured,2026-06-17T09:05:00Z,card,MREF_14157
PAY_14158,ORDER_14158,3989.44,INR,captured,2026-03-02T11:03:00Z,netbanking,MREF_14158
PAY_14159,ORDER_14159,3469.80,INR,captured,2026-05-19T15:05:00Z,wallet,MREF_14159
PAY_14160,ORDER_14160,8099.70,INR,captured,2026-06-09T09:55:00Z,upi,MREF_14160
PAY_14161,ORDER_14161,6263.96,INR,captured,2026-05-01T12:30:00Z,card,MREF_14161
PAY_14162,ORDER_14162,2969.93,INR,captured,2026-04-25T14:28:00Z,upi,MREF_14162
PAY_14163,ORDER_14163,4250.50,INR,captured,2026-04-19T13:04:00Z,upi,MREF_14163
PAY_14164,ORDER_14164,5160.16,INR,captured,2026-04-30T09:19:00Z,card,MREF_14164
PAY_14165,ORDER_14165,5877.00,INR,captured,2026-05-17T15:42:00Z,upi,MREF_14165
PAY_14166,ORDER_14166,1825.71,INR,captured,2026-05-18T12:54:00Z,wallet,MREF_14166
PAY_14167,ORDER_14167,3100.35,INR,captured,2026-05-22T09:00:00Z,wallet,MREF_14167
PAY_14168,ORDER_14168,4981.94,INR,captured,2026-06-23T21:48:00Z,card,MREF_14168
PAY_14169,ORDER_14169,746.30,INR,captured,2026-03-22T18:24:00Z,upi,MREF_14169
PAY_14170,ORDER_14170,5038.59,INR,captured,2026-06-22T21:18:00Z,card,MREF_14170
PAY_14171,ORDER_14171,6433.30,INR,captured,2026-04-12T16:39:00Z,upi,MREF_14171
PAY_14172,ORDER_14172,6100.26,INR,captured,2026-04-01T11:51:00Z,card,MREF_14172
PAY_14173,ORDER_14173,5967.90,INR,captured,2026-04-16T21:43:00Z,card,MREF_14173
PAY_14174,ORDER_14174,2108.36,INR,captured,2026-05-13T15:27:00Z,upi,MREF_14174
PAY_14175,ORDER_14175,1985.60,INR,captured,2026-04-23T13:57:00Z,card,MREF_14175
PAY_14176,ORDER_14176,9218.10,INR,captured,2026-03-27T21:46:00Z,card,MREF_14176
PAY_14177,ORDER_14177,372.87,INR,captured,2026-06-09T19:18:00Z,card,MREF_14177
PAY_14178,ORDER_14178,5800.38,INR,captured,2026-03-08T11:03:00Z,netbanking,MREF_14178
PAY_14179,ORDER_14179,1384.73,INR,captured,2026-05-03T10:18:00Z,wallet,MREF_14179
PAY_14180,ORDER_14180,3506.42,INR,captured,2026-04-03T21:52:00Z,netbanking,MREF_14180
PAY_14181,ORDER_14181,4513.16,INR,captured,2026-05-18T18:56:00Z,upi,MREF_14181
PAY_14182,ORDER_14182,8818.43,INR,captured,2026-06-10T12:01:00Z,card,MREF_14182
PAY_14183,ORDER_14183,9057.02,INR,captured,2026-03-28T19:12:00Z,upi,MREF_14183
PAY_14184,ORDER_14184,1687.22,INR,captured,2026-05-23T20:51:00Z,upi,MREF_14184
PAY_14185,ORDER_14185,8402.35,INR,captured,2026-04-05T13:21:00Z,wallet,MREF_14185
PAY_14186,ORDER_14186,7000.10,INR,captured,2026-05-01T12:53:00Z,netbanking,MREF_14186
PAY_14187,ORDER_14187,5663.39,INR,captured,2026-05-13T18:53:00Z,card,MREF_14187
PAY_14188,ORDER_14188,967.51,INR,captured,2026-06-19T18:59:00Z,card,MREF_14188
PAY_14189,ORDER_14189,3740.55,INR,captured,2026-04-15T07:42:00Z,netbanking,MREF_14189
PAY_14190,ORDER_14190,264.34,INR,captured,2026-03-19T11:39:00Z,upi,MREF_14190
PAY_14191,ORDER_14191,4611.15,INR,captured,2026-06-27T07:53:00Z,netbanking,MREF_14191
PAY_14192,ORDER_14192,1386.01,INR,captured,2026-04-06T18:10:00Z,wallet,MREF_14192
PAY_14193,ORDER_14193,4315.01,INR,captured,2026-06-15T08:37:00Z,netbanking,MREF_14193
PAY_14194,ORDER_14194,6029.01,INR,captured,2026-04-08T09:53:00Z,card,MREF_14194
PAY_14195,ORDER_14195,281.81,INR,captured,2026-05-14T13:28:00Z,upi,MREF_14195
PAY_14196,ORDER_14196,4258.84,INR,captured,2026-06-20T10:35:00Z,wallet,MREF_14196
PAY_14197,ORDER_14197,6670.98,INR,captured,2026-06-24T21:52:00Z,netbanking,MREF_14197
PAY_14198,ORDER_14198,1212.81,INR,captured,2026-06-11T15:44:00Z,upi,MREF_14198
PAY_14199,ORDER_14199,3617.80,INR,captured,2026-04-22T06:25:00Z,netbanking,MREF_14199
PAY_14200,ORDER_14200,6526.46,INR,captured,2026-05-20T07:33:00Z,wallet,MREF_14200
PAY_14201,ORDER_14201,513.17,INR,captured,2026-03-12T18:47:00Z,netbanking,MREF_14201
PAY_14202,ORDER_14202,2233.06,INR,captured,2026-03-18T19:02:00Z,wallet,MREF_14202
PAY_14203,ORDER_14203,7545.81,INR,captured,2026-05-22T19:41:00Z,netbanking,MREF_14203
PAY_14204,ORDER_14204,8881.14,INR,captured,2026-04-13T12:22:00Z,netbanking,MREF_14204
PAY_14205,ORDER_14205,7811.51,INR,captured,2026-04-03T10:00:00Z,card,MREF_14205
PAY_14206,ORDER_14206,4251.51,INR,captured,2026-06-16T19:28:00Z,wallet,MREF_14206
PAY_14207,ORDER_14207,9357.30,INR,captured,2026-04-25T07:25:00Z,wallet,MREF_14207
PAY_14208,ORDER_14208,6038.39,INR,captured,2026-03-21T21:07:00Z,netbanking,MREF_14208
PAY_14209,ORDER_14209,7261.80,INR,captured,2026-06-06T08:14:00Z,wallet,MREF_14209
PAY_14210,ORDER_14210,5821.83,INR,captured,2026-04-29T21:02:00Z,netbanking,MREF_14210
PAY_14211,ORDER_14211,3535.16,INR,captured,2026-05-03T19:21:00Z,upi,MREF_14211
PAY_14212,ORDER_14212,7090.64,INR,captured,2026-05-06T12:53:00Z,wallet,MREF_14212
PAY_14213,ORDER_14213,6704.01,INR,captured,2026-03-11T13:01:00Z,netbanking,MREF_14213
PAY_14214,ORDER_14214,6217.55,INR,captured,2026-03-26T13:54:00Z,card,MREF_14214
PAY_14215,ORDER_14215,2079.94,INR,captured,2026-04-01T20:31:00Z,upi,MREF_14215
PAY_14216,ORDER_14216,566.09,INR,captured,2026-03-20T21:04:00Z,wallet,MREF_14216
PAY_14217,ORDER_14217,3255.17,INR,captured,2026-03-17T12:19:00Z,netbanking,MREF_14217
PAY_14218,ORDER_14218,5034.24,INR,captured,2026-04-14T15:57:00Z,card,MREF_14218
PAY_14219,ORDER_14219,3108.15,INR,captured,2026-03-19T20:51:00Z,netbanking,MREF_14219
PAY_14220,ORDER_14220,8465.92,INR,captured,2026-06-27T11:52:00Z,netbanking,MREF_14220
PAY_14221,ORDER_14221,532.71,INR,captured,2026-03-31T13:03:00Z,netbanking,MREF_14221
PAY_14222,ORDER_14222,3037.78,INR,captured,2026-04-13T21:09:00Z,netbanking,MREF_14222
PAY_14223,ORDER_14223,613.16,INR,captured,2026-04-28T19:35:00Z,upi,MREF_14223
PAY_14224,ORDER_14224,2386.10,INR,captured,2026-05-25T11:04:00Z,card,MREF_14224
PAY_14225,ORDER_14225,7365.26,INR,captured,2026-05-25T14:41:00Z,card,MREF_14225
PAY_14226,ORDER_14226,1429.16,INR,captured,2026-06-11T19:13:00Z,card,MREF_14226
PAY_14227,ORDER_14227,2118.05,INR,captured,2026-05-14T11:38:00Z,card,MREF_14227
PAY_14228,ORDER_14228,1053.09,INR,captured,2026-03-22T13:52:00Z,netbanking,MREF_14228
PAY_14229,ORDER_14229,2432.19,INR,captured,2026-06-19T13:38:00Z,upi,MREF_14229
PAY_14230,ORDER_14230,2078.53,INR,captured,2026-05-01T17:55:00Z,netbanking,MREF_14230
PAY_14231,ORDER_14231,3995.31,INR,captured,2026-06-06T10:36:00Z,upi,MREF_14231
PAY_14232,ORDER_14232,7378.29,INR,captured,2026-03-18T07:37:00Z,netbanking,MREF_14232
PAY_14233,ORDER_14233,6233.23,INR,captured,2026-03-26T08:37:00Z,card,MREF_14233
PAY_14234,ORDER_14234,1894.74,INR,captured,2026-05-18T16:47:00Z,wallet,MREF_14234
PAY_14235,ORDER_14235,5949.43,INR,captured,2026-05-06T18:49:00Z,wallet,MREF_14235
PAY_14236,ORDER_14236,4389.22,INR,captured,2026-05-05T13:13:00Z,upi,MREF_14236
PAY_14237,ORDER_14237,4595.95,INR,captured,2026-06-13T13:00:00Z,card,MREF_14237
PAY_14238,ORDER_14238,2881.31,INR,captured,2026-05-31T09:29:00Z,upi,MREF_14238
PAY_14239,ORDER_14239,1504.14,INR,captured,2026-06-22T17:31:00Z,card,MREF_14239
PAY_14240,ORDER_14240,5655.97,INR,captured,2026-03-11T16:59:00Z,netbanking,MREF_14240
PAY_14241,ORDER_14241,8641.23,INR,captured,2026-04-21T11:15:00Z,card,MREF_14241
PAY_14242,ORDER_14242,707.88,INR,captured,2026-03-22T15:03:00Z,upi,MREF_14242
PAY_14243,ORDER_14243,6563.38,INR,captured,2026-04-24T12:55:00Z,upi,MREF_14243
PAY_14244,ORDER_14244,666.15,INR,captured,2026-03-29T11:01:00Z,wallet,MREF_14244
PAY_14245,ORDER_14245,857.41,INR,captured,2026-06-28T15:39:00Z,wallet,MREF_14245
PAY_14246,ORDER_14246,7424.14,INR,captured,2026-05-02T21:14:00Z,upi,MREF_14246
PAY_14247,ORDER_14247,2160.11,INR,captured,2026-04-06T19:46:00Z,netbanking,MREF_14247
PAY_14248,ORDER_14248,4483.05,INR,captured,2026-03-28T17:27:00Z,netbanking,MREF_14248
PAY_14249,ORDER_14249,7240.16,INR,captured,2026-06-22T13:56:00Z,card,MREF_14249
PAY_14250,ORDER_14250,313.82,INR,captured,2026-05-13T18:07:00Z,upi,MREF_14250
PAY_14251,ORDER_14251,7565.23,INR,captured,2026-06-05T19:14:00Z,wallet,MREF_14251
PAY_14252,ORDER_14252,3497.96,INR,captured,2026-06-05T14:42:00Z,netbanking,MREF_14252
PAY_14253,ORDER_14253,6383.14,INR,captured,2026-03-16T21:47:00Z,netbanking,MREF_14253
PAY_14254,ORDER_14254,7304.89,INR,captured,2026-03-02T20:49:00Z,card,MREF_14254
PAY_14255,ORDER_14255,7563.65,INR,captured,2026-06-28T15:35:00Z,netbanking,MREF_14255
PAY_14256,ORDER_14256,2531.27,INR,captured,2026-04-24T18:15:00Z,card,MREF_14256
PAY_14257,ORDER_14257,4654.42,INR,captured,2026-04-30T11:16:00Z,wallet,MREF_14257
PAY_14258,ORDER_14258,6541.15,INR,captured,2026-05-05T11:36:00Z,netbanking,MREF_14258
PAY_14259,ORDER_14259,3421.97,INR,captured,2026-05-13T13:10:00Z,netbanking,MREF_14259
PAY_14260,ORDER_14260,9127.20,INR,captured,2026-05-10T16:19:00Z,wallet,MREF_14260
PAY_14261,ORDER_14261,9365.58,INR,captured,2026-03-09T16:49:00Z,wallet,MREF_14261
PAY_14262,ORDER_14262,2566.61,INR,captured,2026-05-23T16:45:00Z,card,MREF_14262
PAY_14263,ORDER_14263,9281.78,INR,captured,2026-05-31T11:50:00Z,netbanking,MREF_14263
PAY_14264,ORDER_14264,5169.51,INR,captured,2026-05-26T17:49:00Z,netbanking,MREF_14264
PAY_14265,ORDER_14265,913.15,INR,captured,2026-06-15T10:45:00Z,wallet,MREF_14265
PAY_14266,ORDER_14266,2691.32,INR,captured,2026-03-20T17:55:00Z,card,MREF_14266
PAY_14267,ORDER_14267,4714.33,INR,captured,2026-03-12T18:26:00Z,wallet,MREF_14267
PAY_14268,ORDER_14268,7460.43,INR,captured,2026-06-27T10:21:00Z,upi,MREF_14268
PAY_14269,ORDER_14269,5404.59,INR,captured,2026-03-25T12:20:00Z,upi,MREF_14269
PAY_14270,ORDER_14270,9042.05,INR,captured,2026-04-11T15:55:00Z,wallet,MREF_14270
PAY_14271,ORDER_14271,4408.92,INR,captured,2026-05-11T19:11:00Z,wallet,MREF_14271
PAY_14272,ORDER_14272,7113.09,INR,captured,2026-06-25T10:15:00Z,netbanking,MREF_14272
PAY_14273,ORDER_14273,224.91,INR,captured,2026-03-28T13:01:00Z,card,MREF_14273
PAY_14274,ORDER_14274,722.10,INR,captured,2026-03-19T06:50:00Z,netbanking,MREF_14274
PAY_14275,ORDER_14275,4348.43,INR,captured,2026-03-14T11:20:00Z,netbanking,MREF_14275
PAY_14276,ORDER_14276,7730.72,INR,captured,2026-03-01T09:38:00Z,wallet,MREF_14276
PAY_14277,ORDER_14277,5641.24,INR,captured,2026-05-03T20:37:00Z,card,MREF_14277
PAY_14278,ORDER_14278,6808.90,INR,captured,2026-05-09T10:39:00Z,wallet,MREF_14278
PAY_14279,ORDER_14279,6719.56,INR,captured,2026-03-26T15:57:00Z,card,MREF_14279
PAY_14280,ORDER_14280,1784.25,INR,captured,2026-03-15T06:20:00Z,netbanking,MREF_14280
PAY_14281,ORDER_14281,8045.36,INR,captured,2026-05-08T21:55:00Z,upi,MREF_14281
PAY_14282,ORDER_14282,7170.77,INR,captured,2026-03-19T07:23:00Z,card,MREF_14282
PAY_14283,ORDER_14283,2747.72,INR,captured,2026-04-08T12:06:00Z,netbanking,MREF_14283
PAY_14284,ORDER_14284,3420.51,INR,captured,2026-03-29T19:59:00Z,card,MREF_14284
PAY_14285,ORDER_14285,1827.70,INR,captured,2026-04-27T11:30:00Z,netbanking,MREF_14285
PAY_14286,ORDER_14286,2694.87,INR,captured,2026-04-24T07:31:00Z,wallet,MREF_14286
PAY_14287,ORDER_14287,1791.84,INR,captured,2026-05-17T21:58:00Z,upi,MREF_14287
PAY_14288,ORDER_14288,5057.36,INR,captured,2026-05-18T16:23:00Z,netbanking,MREF_14288
PAY_14289,ORDER_14289,1499.62,INR,captured,2026-03-06T14:20:00Z,netbanking,MREF_14289
PAY_14290,ORDER_14290,6754.22,INR,captured,2026-05-15T11:24:00Z,wallet,MREF_14290
PAY_14291,ORDER_14291,3821.83,INR,captured,2026-06-06T21:22:00Z,card,MREF_14291
PAY_14292,ORDER_14292,6037.83,INR,captured,2026-03-09T19:38:00Z,wallet,MREF_14292
PAY_14293,ORDER_14293,1222.20,INR,captured,2026-05-15T14:46:00Z,netbanking,MREF_14293
PAY_14294,ORDER_14294,9324.21,INR,captured,2026-06-01T12:27:00Z,card,MREF_14294
PAY_14295,ORDER_14295,1353.59,INR,captured,2026-03-26T16:29:00Z,card,MREF_14295
PAY_14296,ORDER_14296,1770.01,INR,captured,2026-03-16T21:07:00Z,card,MREF_14296
PAY_14297,ORDER_14297,2617.84,INR,captured,2026-05-28T20:45:00Z,card,MREF_14297
PAY_14298,ORDER_14298,8562.46,INR,captured,2026-03-30T17:07:00Z,upi,MREF_14298
PAY_14299,ORDER_14299,7285.89,INR,captured,2026-06-27T15:42:00Z,upi,MREF_14299
PAY_14300,ORDER_14300,5903.55,INR,captured,2026-04-04T15:20:00Z,wallet,MREF_14300
PAY_14301,ORDER_14301,9123.11,INR,captured,2026-03-06T11:29:00Z,wallet,MREF_14301
PAY_14302,ORDER_14302,5122.94,INR,captured,2026-06-05T20:47:00Z,card,MREF_14302
PAY_14303,ORDER_14303,8873.63,INR,captured,2026-04-17T14:44:00Z,netbanking,MREF_14303
PAY_14304,ORDER_14304,1872.22,INR,captured,2026-04-20T12:48:00Z,card,MREF_14304
PAY_14305,ORDER_14305,893.58,INR,captured,2026-06-26T12:40:00Z,card,MREF_14305
PAY_14306,ORDER_14306,6290.63,INR,captured,2026-04-15T06:36:00Z,netbanking,MREF_14306
PAY_14307,ORDER_14307,886.77,INR,captured,2026-03-22T11:38:00Z,card,MREF_14307
PAY_14308,ORDER_14308,6219.48,INR,captured,2026-05-31T11:17:00Z,card,MREF_14308
PAY_14309,ORDER_14309,8873.76,INR,captured,2026-05-12T14:58:00Z,card,MREF_14309
PAY_14310,ORDER_14310,9131.79,INR,captured,2026-06-23T16:10:00Z,upi,MREF_14310
PAY_14311,ORDER_14311,7157.87,INR,captured,2026-05-23T19:15:00Z,card,MREF_14311
PAY_14312,ORDER_14312,4596.26,INR,captured,2026-04-24T08:22:00Z,card,MREF_14312
PAY_14313,ORDER_14313,2643.33,INR,captured,2026-03-18T06:52:00Z,wallet,MREF_14313
PAY_14314,ORDER_14314,978.71,INR,captured,2026-04-10T11:58:00Z,card,MREF_14314
PAY_14315,ORDER_14315,6869.20,INR,captured,2026-03-09T08:31:00Z,netbanking,MREF_14315
PAY_14316,ORDER_14316,9366.29,INR,captured,2026-06-13T07:42:00Z,netbanking,MREF_14316
PAY_14317,ORDER_14317,870.35,INR,captured,2026-04-13T09:11:00Z,card,MREF_14317
PAY_14318,ORDER_14318,3403.52,INR,captured,2026-06-19T21:19:00Z,card,MREF_14318
PAY_14319,ORDER_14319,7228.40,INR,captured,2026-03-13T07:18:00Z,upi,MREF_14319
PAY_14320,ORDER_14320,1589.56,INR,captured,2026-06-17T12:01:00Z,upi,MREF_14320
PAY_14321,ORDER_14321,3821.65,INR,captured,2026-04-11T07:08:00Z,card,MREF_14321
PAY_14322,ORDER_14322,6972.28,INR,captured,2026-05-17T20:06:00Z,card,MREF_14322
PAY_14323,ORDER_14323,2964.20,INR,captured,2026-03-29T15:40:00Z,wallet,MREF_14323
PAY_14324,ORDER_14324,5657.93,INR,captured,2026-03-19T21:17:00Z,wallet,MREF_14324
PAY_14325,ORDER_14325,9296.23,INR,captured,2026-05-03T12:47:00Z,netbanking,MREF_14325
PAY_14326,ORDER_14326,5067.02,INR,captured,2026-05-14T08:25:00Z,card,MREF_14326
PAY_14327,ORDER_14327,8274.33,INR,captured,2026-04-19T15:45:00Z,wallet,MREF_14327
PAY_14328,ORDER_14328,8820.31,INR,captured,2026-05-23T09:15:00Z,upi,MREF_14328
PAY_14329,ORDER_14329,4589.24,INR,captured,2026-03-31T20:15:00Z,wallet,MREF_14329
PAY_14330,ORDER_14330,3944.29,INR,captured,2026-04-02T15:32:00Z,netbanking,MREF_14330
PAY_14331,ORDER_14331,4175.41,INR,captured,2026-05-25T14:34:00Z,netbanking,MREF_14331
PAY_14332,ORDER_14332,1247.41,INR,captured,2026-05-05T19:06:00Z,netbanking,MREF_14332
PAY_14333,ORDER_14333,5269.57,INR,captured,2026-04-15T19:43:00Z,card,MREF_14333
PAY_14334,ORDER_14334,8613.12,INR,captured,2026-05-02T06:33:00Z,upi,MREF_14334
PAY_14335,ORDER_14335,3292.70,INR,captured,2026-05-12T20:31:00Z,wallet,MREF_14335
PAY_14336,ORDER_14336,3719.98,INR,captured,2026-03-07T10:24:00Z,upi,MREF_14336
PAY_14337,ORDER_14337,7162.15,INR,captured,2026-06-28T18:39:00Z,netbanking,MREF_14337
PAY_14338,ORDER_14338,5902.54,INR,captured,2026-04-15T06:59:00Z,upi,MREF_14338
PAY_14339,ORDER_14339,3763.94,INR,captured,2026-05-28T18:42:00Z,wallet,MREF_14339
PAY_14340,ORDER_14340,9382.46,INR,captured,2026-05-18T17:54:00Z,card,MREF_14340
PAY_14341,ORDER_14341,6763.37,INR,captured,2026-05-12T14:31:00Z,wallet,MREF_14341
PAY_14342,ORDER_14342,3435.98,INR,captured,2026-05-24T09:39:00Z,wallet,MREF_14342
PAY_14343,ORDER_14343,3175.23,INR,captured,2026-06-02T14:28:00Z,netbanking,MREF_14343
PAY_14344,ORDER_14344,8309.83,INR,captured,2026-04-05T08:47:00Z,upi,MREF_14344
PAY_14345,ORDER_14345,5385.41,INR,captured,2026-03-02T13:58:00Z,upi,MREF_14345
PAY_14346,ORDER_14346,6212.17,INR,captured,2026-05-10T13:41:00Z,card,MREF_14346
PAY_14347,ORDER_14347,6971.44,INR,captured,2026-04-09T14:46:00Z,wallet,MREF_14347
PAY_14348,ORDER_14348,8789.01,INR,captured,2026-05-12T07:35:00Z,netbanking,MREF_14348
PAY_14349,ORDER_14349,2056.00,INR,captured,2026-04-23T15:50:00Z,wallet,MREF_14349
PAY_14350,ORDER_14350,694.78,INR,captured,2026-06-28T16:00:00Z,wallet,MREF_14350
PAY_14351,ORDER_14351,3680.61,INR,captured,2026-03-10T18:05:00Z,upi,MREF_14351
PAY_14352,ORDER_14352,1005.00,INR,captured,2026-04-15T21:09:00Z,upi,MREF_14352
PAY_14353,ORDER_14353,7082.49,INR,captured,2026-03-17T06:28:00Z,card,MREF_14353
PAY_14354,ORDER_14354,6539.13,INR,captured,2026-05-06T07:05:00Z,netbanking,MREF_14354
PAY_14355,ORDER_14355,8929.12,INR,captured,2026-03-22T19:00:00Z,wallet,MREF_14355
PAY_14356,ORDER_14356,9409.76,INR,captured,2026-03-30T13:19:00Z,upi,MREF_14356
PAY_14357,ORDER_14357,3303.15,INR,captured,2026-06-22T14:42:00Z,upi,MREF_14357
PAY_14358,ORDER_14358,2902.61,INR,captured,2026-03-20T17:17:00Z,netbanking,MREF_14358
PAY_14359,ORDER_14359,8858.39,INR,captured,2026-04-17T18:34:00Z,wallet,MREF_14359
PAY_14360,ORDER_14360,7141.59,INR,captured,2026-05-14T12:45:00Z,wallet,MREF_14360
PAY_14361,ORDER_14361,5192.31,INR,captured,2026-03-18T16:32:00Z,wallet,MREF_14361
PAY_14362,ORDER_14362,3318.00,INR,captured,2026-05-11T07:27:00Z,netbanking,MREF_14362
PAY_14363,ORDER_14363,3841.45,INR,captured,2026-05-25T08:11:00Z,upi,MREF_14363
PAY_14364,ORDER_14364,8320.88,INR,captured,2026-05-11T12:46:00Z,wallet,MREF_14364
PAY_14365,ORDER_14365,6294.26,INR,captured,2026-06-19T14:42:00Z,upi,MREF_14365
PAY_14366,ORDER_14366,5103.04,INR,captured,2026-05-27T20:48:00Z,wallet,MREF_14366
PAY_14367,ORDER_14367,7854.89,INR,captured,2026-04-01T11:34:00Z,upi,MREF_14367
PAY_14368,ORDER_14368,3795.18,INR,captured,2026-05-29T17:25:00Z,wallet,MREF_14368
PAY_14369,ORDER_14369,8723.34,INR,captured,2026-03-05T07:38:00Z,netbanking,MREF_14369
PAY_14370,ORDER_14370,2100.30,INR,captured,2026-06-27T21:12:00Z,card,MREF_14370
PAY_14371,ORDER_14371,959.59,INR,captured,2026-03-11T08:14:00Z,wallet,MREF_14371
PAY_14372,ORDER_14372,6313.34,INR,captured,2026-05-27T19:39:00Z,wallet,MREF_14372
PAY_14373,ORDER_14373,8297.64,INR,captured,2026-03-30T13:46:00Z,upi,MREF_14373
PAY_14374,ORDER_14374,667.38,INR,captured,2026-05-17T12:47:00Z,card,MREF_14374
PAY_14375,ORDER_14375,6224.99,INR,captured,2026-03-05T07:47:00Z,card,MREF_14375
PAY_14376,ORDER_14376,3838.89,INR,captured,2026-04-29T13:03:00Z,card,MREF_14376
PAY_14377,ORDER_14377,502.61,INR,captured,2026-05-21T15:54:00Z,netbanking,MREF_14377
PAY_14378,ORDER_14378,2889.17,INR,captured,2026-04-09T13:37:00Z,upi,MREF_14378
PAY_14379,ORDER_14379,8326.18,INR,captured,2026-03-08T18:30:00Z,card,MREF_14379
PAY_14380,ORDER_14380,7837.49,INR,captured,2026-03-03T10:42:00Z,wallet,MREF_14380
PAY_14381,ORDER_14381,5247.32,INR,captured,2026-05-21T15:39:00Z,netbanking,MREF_14381
PAY_14382,ORDER_14382,7850.77,INR,captured,2026-03-27T08:48:00Z,netbanking,MREF_14382
PAY_14383,ORDER_14383,457.29,INR,captured,2026-03-21T07:16:00Z,upi,MREF_14383
PAY_14384,ORDER_14384,1099.38,INR,captured,2026-05-21T11:58:00Z,upi,MREF_14384
PAY_14385,ORDER_14385,6568.63,INR,captured,2026-03-26T18:10:00Z,wallet,MREF_14385
PAY_14386,ORDER_14386,2788.32,INR,captured,2026-04-16T14:26:00Z,wallet,MREF_14386
PAY_14387,ORDER_14387,8169.96,INR,captured,2026-03-08T10:33:00Z,wallet,MREF_14387
PAY_14388,ORDER_14388,8602.57,INR,captured,2026-06-01T14:18:00Z,card,MREF_14388
PAY_14389,ORDER_14389,553.99,INR,captured,2026-05-03T19:49:00Z,wallet,MREF_14389
PAY_14390,ORDER_14390,302.20,INR,captured,2026-05-14T15:58:00Z,netbanking,MREF_14390
PAY_14391,ORDER_14391,1795.06,INR,captured,2026-03-26T16:05:00Z,wallet,MREF_14391
PAY_14392,ORDER_14392,1079.15,INR,captured,2026-03-24T11:29:00Z,netbanking,MREF_14392
PAY_14393,ORDER_14393,3001.61,INR,captured,2026-03-14T09:22:00Z,netbanking,MREF_14393
PAY_14394,ORDER_14394,8949.05,INR,captured,2026-06-26T19:20:00Z,wallet,MREF_14394
PAY_14395,ORDER_14395,7133.96,INR,captured,2026-03-09T15:24:00Z,wallet,MREF_14395
PAY_14396,ORDER_14396,4757.29,INR,captured,2026-06-03T11:50:00Z,card,MREF_14396
PAY_14397,ORDER_14397,935.29,INR,captured,2026-03-19T19:38:00Z,netbanking,MREF_14397
PAY_14398,ORDER_14398,5557.53,INR,captured,2026-04-09T12:22:00Z,wallet,MREF_14398
PAY_14399,ORDER_14399,565.23,INR,captured,2026-03-18T11:08:00Z,card,MREF_14399
PAY_14400,ORDER_14400,7824.43,INR,captured,2026-04-01T19:24:00Z,wallet,MREF_14400
PAY_14401,ORDER_14401,2433.87,INR,captured,2026-04-29T09:27:00Z,netbanking,MREF_14401
PAY_14402,ORDER_14402,7167.27,INR,captured,2026-03-01T11:29:00Z,upi,MREF_14402
PAY_14403,ORDER_14403,6357.83,INR,captured,2026-05-29T11:41:00Z,wallet,MREF_14403
PAY_14404,ORDER_14404,9376.76,INR,captured,2026-04-14T07:42:00Z,card,MREF_14404
PAY_14405,ORDER_14405,8158.92,INR,captured,2026-06-26T08:10:00Z,netbanking,MREF_14405
PAY_14406,ORDER_14406,7244.26,INR,captured,2026-04-23T17:45:00Z,netbanking,MREF_14406
PAY_14407,ORDER_14407,2925.84,INR,captured,2026-04-01T06:57:00Z,netbanking,MREF_14407
PAY_14408,ORDER_14408,6921.16,INR,captured,2026-03-09T12:57:00Z,upi,MREF_14408
PAY_14409,ORDER_14409,4422.81,INR,captured,2026-04-07T10:23:00Z,upi,MREF_14409
PAY_14410,ORDER_14410,6275.48,INR,captured,2026-04-13T11:51:00Z,wallet,MREF_14410
PAY_14411,ORDER_14411,1729.63,INR,captured,2026-05-18T11:43:00Z,card,MREF_14411
PAY_14412,ORDER_14412,9391.63,INR,captured,2026-05-29T06:33:00Z,netbanking,MREF_14412
PAY_14413,ORDER_14413,8215.71,INR,captured,2026-05-18T18:25:00Z,wallet,MREF_14413
PAY_14414,ORDER_14414,2900.03,INR,captured,2026-06-09T20:13:00Z,upi,MREF_14414
PAY_14415,ORDER_14415,3186.39,INR,captured,2026-05-08T18:08:00Z,wallet,MREF_14415
PAY_14416,ORDER_14416,9060.71,INR,captured,2026-04-09T12:33:00Z,upi,MREF_14416
PAY_14417,ORDER_14417,3187.12,INR,captured,2026-04-14T14:44:00Z,netbanking,MREF_14417
PAY_14418,ORDER_14418,1646.95,INR,captured,2026-03-16T07:47:00Z,wallet,MREF_14418
PAY_14419,ORDER_14419,3934.25,INR,captured,2026-03-03T18:00:00Z,netbanking,MREF_14419
PAY_14420,ORDER_14420,1080.45,INR,captured,2026-06-07T07:52:00Z,netbanking,MREF_14420
PAY_14421,ORDER_14421,3653.16,INR,captured,2026-06-22T07:19:00Z,card,MREF_14421
PAY_14422,ORDER_14422,624.51,INR,captured,2026-04-23T17:32:00Z,card,MREF_14422
PAY_14423,ORDER_14423,7277.00,INR,captured,2026-03-04T06:51:00Z,upi,MREF_14423
PAY_14424,ORDER_14424,1185.74,INR,captured,2026-04-24T21:35:00Z,wallet,MREF_14424
PAY_14425,ORDER_14425,6504.34,INR,captured,2026-03-18T20:11:00Z,wallet,MREF_14425
PAY_14426,ORDER_14426,3814.44,INR,captured,2026-06-24T14:11:00Z,wallet,MREF_14426
PAY_14427,ORDER_14427,3125.86,INR,captured,2026-03-29T13:14:00Z,wallet,MREF_14427
PAY_14428,ORDER_14428,7572.01,INR,captured,2026-05-27T15:07:00Z,netbanking,MREF_14428
PAY_14429,ORDER_14429,4542.27,INR,captured,2026-05-29T12:03:00Z,netbanking,MREF_14429
PAY_14430,ORDER_14430,2294.63,INR,captured,2026-06-16T15:49:00Z,netbanking,MREF_14430
PAY_14431,ORDER_14431,3608.76,INR,captured,2026-04-23T12:12:00Z,wallet,MREF_14431
PAY_14432,ORDER_14432,7705.94,INR,captured,2026-03-10T17:17:00Z,upi,MREF_14432
PAY_14433,ORDER_14433,9023.86,INR,captured,2026-03-16T09:07:00Z,netbanking,MREF_14433
PAY_14434,ORDER_14434,9043.56,INR,captured,2026-06-20T13:40:00Z,upi,MREF_14434
PAY_14435,ORDER_14435,2899.03,INR,captured,2026-05-12T08:28:00Z,wallet,MREF_14435
PAY_14436,ORDER_14436,7912.41,INR,captured,2026-03-15T14:24:00Z,upi,MREF_14436
PAY_14437,ORDER_14437,5254.78,INR,captured,2026-03-06T12:03:00Z,upi,MREF_14437
PAY_14438,ORDER_14438,731.28,INR,captured,2026-06-17T17:31:00Z,upi,MREF_14438
PAY_14439,ORDER_14439,708.18,INR,captured,2026-05-15T21:56:00Z,netbanking,MREF_14439
PAY_14440,ORDER_14440,1099.17,INR,captured,2026-05-31T21:21:00Z,card,MREF_14440
PAY_14441,ORDER_14441,9439.36,INR,captured,2026-06-03T15:26:00Z,wallet,MREF_14441
PAY_14442,ORDER_14442,4288.60,INR,captured,2026-05-30T10:10:00Z,wallet,MREF_14442
PAY_14443,ORDER_14443,2727.89,INR,captured,2026-06-05T16:00:00Z,netbanking,MREF_14443
PAY_14444,ORDER_14444,5701.40,INR,captured,2026-05-20T11:20:00Z,card,MREF_14444
PAY_14445,ORDER_14445,4490.18,INR,captured,2026-05-07T18:56:00Z,upi,MREF_14445
PAY_14446,ORDER_14446,2555.82,INR,captured,2026-06-13T10:21:00Z,wallet,MREF_14446
PAY_14447,ORDER_14447,8176.27,INR,captured,2026-03-09T17:13:00Z,netbanking,MREF_14447
PAY_14448,ORDER_14448,6425.18,INR,captured,2026-04-02T09:23:00Z,wallet,MREF_14448
PAY_14449,ORDER_14449,2432.04,INR,captured,2026-03-20T08:57:00Z,card,MREF_14449
PAY_14450,ORDER_14450,6370.67,INR,captured,2026-04-28T06:03:00Z,upi,MREF_14450
PAY_14451,ORDER_14451,9361.14,INR,captured,2026-05-10T08:23:00Z,netbanking,MREF_14451
PAY_14452,ORDER_14452,8679.07,INR,captured,2026-05-18T21:51:00Z,wallet,MREF_14452
PAY_14453,ORDER_14453,7120.13,INR,captured,2026-04-20T09:28:00Z,upi,MREF_14453
PAY_14454,ORDER_14454,8287.82,INR,captured,2026-04-01T20:35:00Z,wallet,MREF_14454
PAY_14455,ORDER_14455,3129.93,INR,captured,2026-04-01T13:01:00Z,netbanking,MREF_14455
PAY_14456,ORDER_14456,2357.78,INR,captured,2026-06-03T15:47:00Z,wallet,MREF_14456
PAY_14457,ORDER_14457,6857.37,INR,captured,2026-06-09T16:58:00Z,upi,MREF_14457
PAY_14458,ORDER_14458,7892.66,INR,captured,2026-04-27T21:13:00Z,upi,MREF_14458
PAY_14459,ORDER_14459,5357.76,INR,captured,2026-05-30T15:35:00Z,netbanking,MREF_14459
PAY_14460,ORDER_14460,1802.36,INR,captured,2026-04-29T12:27:00Z,card,MREF_14460
PAY_14461,ORDER_14461,3120.89,INR,captured,2026-06-11T10:16:00Z,wallet,MREF_14461
PAY_14462,ORDER_14462,3834.98,INR,captured,2026-06-15T19:57:00Z,upi,MREF_14462
PAY_14463,ORDER_14463,2118.89,INR,captured,2026-04-19T06:21:00Z,card,MREF_14463
PAY_14464,ORDER_14464,3618.64,INR,captured,2026-06-21T20:07:00Z,wallet,MREF_14464
PAY_14465,ORDER_14465,9217.86,INR,captured,2026-04-15T18:41:00Z,card,MREF_14465
PAY_14466,ORDER_14466,9298.14,INR,captured,2026-05-26T13:11:00Z,wallet,MREF_14466
PAY_14467,ORDER_14467,7922.37,INR,captured,2026-03-02T06:21:00Z,wallet,MREF_14467
PAY_14468,ORDER_14468,3743.64,INR,captured,2026-03-26T17:52:00Z,card,MREF_14468
PAY_14469,ORDER_14469,6268.74,INR,captured,2026-03-05T19:30:00Z,card,MREF_14469
PAY_14470,ORDER_14470,6752.98,INR,captured,2026-03-09T19:44:00Z,card,MREF_14470
PAY_14471,ORDER_14471,8557.79,INR,captured,2026-05-03T11:43:00Z,upi,MREF_14471
PAY_14472,ORDER_14472,8895.08,INR,captured,2026-06-13T09:12:00Z,wallet,MREF_14472
PAY_14473,ORDER_14473,6723.49,INR,captured,2026-06-19T18:38:00Z,card,MREF_14473
PAY_14474,ORDER_14474,7215.27,INR,captured,2026-06-14T21:18:00Z,card,MREF_14474
PAY_14475,ORDER_14475,2772.84,INR,captured,2026-06-27T13:56:00Z,netbanking,MREF_14475
PAY_14476,ORDER_14476,6306.54,INR,captured,2026-05-16T20:01:00Z,netbanking,MREF_14476
PAY_14477,ORDER_14477,1472.98,INR,captured,2026-05-19T06:04:00Z,card,MREF_14477
PAY_14478,ORDER_14478,6194.64,INR,captured,2026-05-10T20:51:00Z,wallet,MREF_14478
PAY_14479,ORDER_14479,3805.44,INR,captured,2026-05-22T06:43:00Z,wallet,MREF_14479
PAY_14480,ORDER_14480,3294.40,INR,captured,2026-03-09T08:34:00Z,upi,MREF_14480
PAY_14481,ORDER_14481,7723.45,INR,captured,2026-04-17T16:58:00Z,netbanking,MREF_14481
PAY_14482,ORDER_14482,4701.00,INR,captured,2026-05-16T19:53:00Z,wallet,MREF_14482
PAY_14483,ORDER_14483,5953.58,INR,captured,2026-04-19T20:46:00Z,netbanking,MREF_14483
PAY_14484,ORDER_14484,2614.75,INR,captured,2026-05-29T08:47:00Z,netbanking,MREF_14484
PAY_14485,ORDER_14485,1110.51,INR,captured,2026-05-03T17:44:00Z,wallet,MREF_14485
PAY_14486,ORDER_14486,6768.45,INR,captured,2026-03-31T06:36:00Z,wallet,MREF_14486
PAY_14487,ORDER_14487,2058.36,INR,captured,2026-03-17T14:48:00Z,wallet,MREF_14487
PAY_14488,ORDER_14488,4431.69,INR,captured,2026-06-03T12:03:00Z,wallet,MREF_14488
PAY_14489,ORDER_14489,6851.85,INR,captured,2026-04-10T11:49:00Z,netbanking,MREF_14489
PAY_14490,ORDER_14490,329.61,INR,captured,2026-05-02T15:28:00Z,netbanking,MREF_14490
PAY_14491,ORDER_14491,5652.45,INR,captured,2026-06-22T12:46:00Z,card,MREF_14491
PAY_14492,ORDER_14492,5254.93,INR,captured,2026-04-08T12:41:00Z,wallet,MREF_14492
PAY_14493,ORDER_14493,7024.20,INR,captured,2026-03-19T13:43:00Z,wallet,MREF_14493
PAY_14494,ORDER_14494,4903.80,INR,captured,2026-04-04T07:53:00Z,card,MREF_14494
PAY_14495,ORDER_14495,902.81,INR,captured,2026-04-15T17:23:00Z,upi,MREF_14495
PAY_14496,ORDER_14496,1291.42,INR,captured,2026-05-20T19:01:00Z,upi,MREF_14496
PAY_14497,ORDER_14497,9145.00,INR,captured,2026-04-22T21:42:00Z,card,MREF_14497
PAY_14498,ORDER_14498,2738.33,INR,captured,2026-03-21T16:21:00Z,upi,MREF_14498
PAY_14499,ORDER_14499,9179.07,INR,captured,2026-06-28T13:18:00Z,wallet,MREF_14499
PAY_14500,ORDER_14500,8143.72,INR,captured,2026-05-03T13:38:00Z,wallet,MREF_14500
PAY_14501,ORDER_14501,5753.38,INR,captured,2026-05-01T06:46:00Z,netbanking,MREF_14501
PAY_14502,ORDER_14502,1337.08,INR,captured,2026-04-05T16:26:00Z,upi,MREF_14502
PAY_14503,ORDER_14503,6851.03,INR,captured,2026-04-26T15:24:00Z,wallet,MREF_14503
PAY_14504,ORDER_14504,4371.94,INR,captured,2026-06-20T10:08:00Z,netbanking,MREF_14504
PAY_14505,ORDER_14505,6197.76,INR,captured,2026-04-01T15:52:00Z,wallet,MREF_14505
PAY_14506,ORDER_14506,8704.52,INR,captured,2026-06-16T08:48:00Z,upi,MREF_14506
PAY_14507,ORDER_14507,5868.42,INR,captured,2026-05-04T12:24:00Z,netbanking,MREF_14507
PAY_14508,ORDER_14508,7749.73,INR,captured,2026-04-26T15:51:00Z,wallet,MREF_14508
PAY_14509,ORDER_14509,4837.44,INR,captured,2026-03-05T16:34:00Z,netbanking,MREF_14509
PAY_14510,ORDER_14510,3438.30,INR,captured,2026-03-19T10:03:00Z,netbanking,MREF_14510
PAY_14511,ORDER_14511,7265.74,INR,captured,2026-04-29T08:55:00Z,upi,MREF_14511
PAY_14512,ORDER_14512,769.88,INR,captured,2026-03-23T08:17:00Z,card,MREF_14512
PAY_14513,ORDER_14513,1593.72,INR,captured,2026-03-10T12:19:00Z,netbanking,MREF_14513
PAY_14514,ORDER_14514,2475.07,INR,captured,2026-04-01T13:18:00Z,upi,MREF_14514
PAY_14515,ORDER_14515,5864.60,INR,captured,2026-06-22T06:24:00Z,netbanking,MREF_14515
PAY_14516,ORDER_14516,2193.47,INR,captured,2026-03-28T09:15:00Z,netbanking,MREF_14516
PAY_14517,ORDER_14517,2874.16,INR,captured,2026-03-02T06:27:00Z,card,MREF_14517
PAY_14518,ORDER_14518,5534.42,INR,captured,2026-03-09T21:04:00Z,wallet,MREF_14518
PAY_14519,ORDER_14519,1591.51,INR,captured,2026-06-14T12:03:00Z,wallet,MREF_14519
PAY_14520,ORDER_14520,1518.22,INR,captured,2026-04-25T21:56:00Z,netbanking,MREF_14520
PAY_14521,ORDER_14521,2477.96,INR,captured,2026-06-25T19:48:00Z,wallet,MREF_14521
PAY_14522,ORDER_14522,7779.84,INR,captured,2026-05-17T18:40:00Z,card,MREF_14522
PAY_14523,ORDER_14523,7909.49,INR,captured,2026-04-17T18:17:00Z,card,MREF_14523
PAY_14524,ORDER_14524,2357.82,INR,captured,2026-06-19T17:21:00Z,wallet,MREF_14524
PAY_14525,ORDER_14525,4579.35,INR,captured,2026-03-03T19:09:00Z,upi,MREF_14525
PAY_14526,ORDER_14526,3244.02,INR,captured,2026-04-18T14:31:00Z,wallet,MREF_14526
PAY_14527,ORDER_14527,4644.36,INR,captured,2026-05-31T13:29:00Z,wallet,MREF_14527
PAY_14528,ORDER_14528,8545.70,INR,captured,2026-04-20T17:05:00Z,netbanking,MREF_14528
PAY_14529,ORDER_14529,4153.13,INR,captured,2026-05-05T21:19:00Z,card,MREF_14529
PAY_14530,ORDER_14530,8635.63,INR,captured,2026-03-18T21:30:00Z,card,MREF_14530
PAY_14531,ORDER_14531,4944.40,INR,captured,2026-03-06T06:51:00Z,netbanking,MREF_14531
PAY_14532,ORDER_14532,9437.33,INR,captured,2026-03-03T17:51:00Z,upi,MREF_14532
PAY_14533,ORDER_14533,2618.83,INR,captured,2026-05-16T11:06:00Z,wallet,MREF_14533
PAY_14534,ORDER_14534,6200.34,INR,captured,2026-06-12T08:59:00Z,netbanking,MREF_14534
PAY_14535,ORDER_14535,2788.08,INR,captured,2026-06-22T07:38:00Z,netbanking,MREF_14535
PAY_14536,ORDER_14536,1991.56,INR,captured,2026-05-22T06:09:00Z,upi,MREF_14536
PAY_14537,ORDER_14537,1130.85,INR,captured,2026-06-13T19:29:00Z,netbanking,MREF_14537
PAY_14538,ORDER_14538,3962.70,INR,captured,2026-06-15T09:59:00Z,card,MREF_14538
PAY_14539,ORDER_14539,285.16,INR,captured,2026-05-21T12:35:00Z,netbanking,MREF_14539
PAY_14540,ORDER_14540,4257.63,INR,captured,2026-04-12T09:26:00Z,card,MREF_14540
PAY_14541,ORDER_14541,1584.18,INR,captured,2026-06-12T14:08:00Z,wallet,MREF_14541
PAY_14542,ORDER_14542,5180.54,INR,captured,2026-06-18T08:52:00Z,card,MREF_14542
PAY_14543,ORDER_14543,2061.25,INR,captured,2026-05-31T20:56:00Z,netbanking,MREF_14543
PAY_14544,ORDER_14544,4400.11,INR,captured,2026-05-20T19:12:00Z,upi,MREF_14544
PAY_14545,ORDER_14545,9421.02,INR,captured,2026-05-20T18:18:00Z,netbanking,MREF_14545
PAY_14546,ORDER_14546,4272.60,INR,captured,2026-05-04T19:21:00Z,netbanking,MREF_14546
PAY_14547,ORDER_14547,559.59,INR,captured,2026-05-14T15:23:00Z,card,MREF_14547
PAY_14548,ORDER_14548,2865.50,INR,captured,2026-03-14T12:16:00Z,card,MREF_14548
PAY_14549,ORDER_14549,8837.18,INR,captured,2026-06-11T12:08:00Z,card,MREF_14549
PAY_14550,ORDER_14550,9007.83,INR,captured,2026-06-21T18:16:00Z,upi,MREF_14550
PAY_14551,ORDER_14551,3854.11,INR,captured,2026-06-21T20:21:00Z,card,MREF_14551
PAY_14552,ORDER_14552,346.34,INR,captured,2026-05-26T18:27:00Z,netbanking,MREF_14552
PAY_14553,ORDER_14553,6547.53,INR,captured,2026-05-28T14:03:00Z,card,MREF_14553
PAY_14554,ORDER_14554,9086.87,INR,captured,2026-03-07T10:47:00Z,card,MREF_14554
PAY_14555,ORDER_14555,2885.16,INR,captured,2026-03-30T11:11:00Z,wallet,MREF_14555
PAY_14556,ORDER_14556,6501.13,INR,captured,2026-04-22T21:22:00Z,netbanking,MREF_14556
PAY_14557,ORDER_14557,4111.76,INR,captured,2026-06-26T15:09:00Z,netbanking,MREF_14557
PAY_14558,ORDER_14558,534.60,INR,captured,2026-05-01T19:37:00Z,wallet,MREF_14558
PAY_14559,ORDER_14559,2223.60,INR,captured,2026-06-25T13:58:00Z,netbanking,MREF_14559
PAY_14560,ORDER_14560,6128.27,INR,captured,2026-06-14T10:56:00Z,wallet,MREF_14560
PAY_14561,ORDER_14561,6409.20,INR,captured,2026-03-28T09:18:00Z,netbanking,MREF_14561
PAY_14562,ORDER_14562,9054.28,INR,captured,2026-04-03T06:41:00Z,upi,MREF_14562
PAY_14563,ORDER_14563,681.45,INR,captured,2026-04-28T06:54:00Z,card,MREF_14563
PAY_14564,ORDER_14564,1514.76,INR,captured,2026-05-05T15:05:00Z,wallet,MREF_14564
PAY_14565,ORDER_14565,4206.02,INR,captured,2026-04-29T20:49:00Z,netbanking,MREF_14565
PAY_14566,ORDER_14566,5133.78,INR,captured,2026-03-22T20:54:00Z,wallet,MREF_14566
PAY_14567,ORDER_14567,580.83,INR,captured,2026-03-19T15:04:00Z,upi,MREF_14567
PAY_14568,ORDER_14568,3001.28,INR,captured,2026-05-29T16:25:00Z,card,MREF_14568
PAY_14569,ORDER_14569,6371.50,INR,captured,2026-04-26T06:31:00Z,card,MREF_14569
PAY_14570,ORDER_14570,7584.55,INR,captured,2026-05-14T07:17:00Z,netbanking,MREF_14570
PAY_14571,ORDER_14571,8569.23,INR,captured,2026-03-06T06:39:00Z,upi,MREF_14571
PAY_14572,ORDER_14572,5549.87,INR,captured,2026-06-17T08:35:00Z,card,MREF_14572
PAY_14573,ORDER_14573,697.95,INR,captured,2026-06-08T10:10:00Z,netbanking,MREF_14573
PAY_14574,ORDER_14574,8239.49,INR,captured,2026-04-18T20:13:00Z,netbanking,MREF_14574
PAY_14575,ORDER_14575,4556.18,INR,captured,2026-06-04T07:35:00Z,card,MREF_14575
PAY_14576,ORDER_14576,9459.93,INR,captured,2026-03-09T20:32:00Z,netbanking,MREF_14576
PAY_14577,ORDER_14577,4569.66,INR,captured,2026-06-11T19:14:00Z,upi,MREF_14577
PAY_14578,ORDER_14578,3448.47,INR,captured,2026-03-18T21:26:00Z,upi,MREF_14578
PAY_14579,ORDER_14579,9452.59,INR,captured,2026-03-16T09:57:00Z,card,MREF_14579
PAY_14580,ORDER_14580,1586.85,INR,captured,2026-04-08T11:00:00Z,upi,MREF_14580
PAY_14581,ORDER_14581,2458.15,INR,captured,2026-06-28T19:15:00Z,netbanking,MREF_14581
PAY_14582,ORDER_14582,6773.61,INR,captured,2026-03-30T12:10:00Z,card,MREF_14582
PAY_14583,ORDER_14583,3954.32,INR,captured,2026-04-07T12:26:00Z,card,MREF_14583
PAY_14584,ORDER_14584,8917.04,INR,captured,2026-05-07T12:37:00Z,upi,MREF_14584
PAY_14585,ORDER_14585,3512.99,INR,captured,2026-05-28T09:49:00Z,netbanking,MREF_14585
PAY_14586,ORDER_14586,8961.67,INR,captured,2026-03-28T10:50:00Z,card,MREF_14586
PAY_14587,ORDER_14587,5298.94,INR,captured,2026-06-04T15:54:00Z,netbanking,MREF_14587
PAY_14588,ORDER_14588,4141.48,INR,captured,2026-03-25T13:28:00Z,card,MREF_14588
PAY_14589,ORDER_14589,1655.73,INR,captured,2026-03-11T08:11:00Z,upi,MREF_14589
PAY_14590,ORDER_14590,8026.31,INR,captured,2026-06-21T17:32:00Z,wallet,MREF_14590
PAY_14591,ORDER_14591,5481.61,INR,captured,2026-03-02T18:54:00Z,upi,MREF_14591
PAY_14592,ORDER_14592,2946.29,INR,captured,2026-05-18T18:26:00Z,card,MREF_14592
PAY_14593,ORDER_14593,2783.27,INR,captured,2026-05-24T21:17:00Z,card,MREF_14593
PAY_14594,ORDER_14594,9479.41,INR,captured,2026-03-01T11:51:00Z,card,MREF_14594
PAY_14595,ORDER_14595,6710.99,INR,captured,2026-06-07T08:16:00Z,netbanking,MREF_14595
PAY_14596,ORDER_14596,8199.24,INR,captured,2026-05-04T11:35:00Z,card,MREF_14596
PAY_14597,ORDER_14597,1133.00,INR,captured,2026-05-19T09:56:00Z,netbanking,MREF_14597
PAY_14598,ORDER_14598,4248.01,INR,captured,2026-06-08T09:11:00Z,card,MREF_14598
PAY_14599,ORDER_14599,9209.60,INR,captured,2026-05-05T09:40:00Z,card,MREF_14599
PAY_14600,ORDER_14600,8931.19,INR,captured,2026-06-18T15:18:00Z,wallet,MREF_14600
PAY_14601,ORDER_14601,2030.36,INR,captured,2026-05-25T17:28:00Z,wallet,MREF_14601
PAY_14602,ORDER_14602,536.45,INR,captured,2026-05-10T08:59:00Z,card,MREF_14602
PAY_14603,ORDER_14603,600.28,INR,captured,2026-06-09T14:02:00Z,wallet,MREF_14603
PAY_14604,ORDER_14604,7344.70,INR,captured,2026-06-05T17:05:00Z,upi,MREF_14604
PAY_14605,ORDER_14605,3968.45,INR,captured,2026-03-03T08:01:00Z,card,MREF_14605
PAY_14606,ORDER_14606,2133.70,INR,captured,2026-05-27T17:49:00Z,card,MREF_14606
PAY_14607,ORDER_14607,1452.26,INR,captured,2026-03-17T13:30:00Z,upi,MREF_14607
PAY_14608,ORDER_14608,1870.70,INR,captured,2026-03-01T17:56:00Z,netbanking,MREF_14608
PAY_14609,ORDER_14609,1815.85,INR,captured,2026-03-14T15:42:00Z,card,MREF_14609
PAY_14610,ORDER_14610,8536.61,INR,captured,2026-04-01T09:30:00Z,card,MREF_14610
PAY_14611,ORDER_14611,5014.55,INR,captured,2026-05-03T15:58:00Z,netbanking,MREF_14611
PAY_14612,ORDER_14612,4195.86,INR,captured,2026-06-23T06:30:00Z,wallet,MREF_14612
PAY_14613,ORDER_14613,3731.80,INR,captured,2026-03-17T16:33:00Z,netbanking,MREF_14613
PAY_14614,ORDER_14614,6195.81,INR,captured,2026-04-15T07:15:00Z,upi,MREF_14614
PAY_14615,ORDER_14615,4448.25,INR,captured,2026-03-07T08:44:00Z,upi,MREF_14615
PAY_14616,ORDER_14616,7154.16,INR,captured,2026-04-07T15:16:00Z,wallet,MREF_14616
PAY_14617,ORDER_14617,6684.70,INR,captured,2026-03-01T19:51:00Z,upi,MREF_14617
PAY_14618,ORDER_14618,5026.29,INR,captured,2026-05-04T18:29:00Z,wallet,MREF_14618
PAY_14619,ORDER_14619,7761.03,INR,captured,2026-04-29T18:25:00Z,card,MREF_14619
PAY_14620,ORDER_14620,9372.63,INR,captured,2026-03-31T10:52:00Z,upi,MREF_14620
PAY_14621,ORDER_14621,7839.48,INR,captured,2026-03-03T20:28:00Z,wallet,MREF_14621
PAY_14622,ORDER_14622,8095.54,INR,captured,2026-05-26T20:51:00Z,card,MREF_14622
PAY_14623,ORDER_14623,1577.02,INR,captured,2026-05-15T16:33:00Z,wallet,MREF_14623
PAY_14624,ORDER_14624,8255.98,INR,captured,2026-04-04T20:37:00Z,netbanking,MREF_14624
PAY_14625,ORDER_14625,6918.14,INR,captured,2026-03-04T19:08:00Z,upi,MREF_14625
PAY_14626,ORDER_14626,1157.85,INR,captured,2026-06-16T07:01:00Z,card,MREF_14626
PAY_14627,ORDER_14627,233.05,INR,captured,2026-06-11T08:27:00Z,wallet,MREF_14627
PAY_14628,ORDER_14628,5803.31,INR,captured,2026-06-13T10:10:00Z,netbanking,MREF_14628
PAY_14629,ORDER_14629,2182.54,INR,captured,2026-03-16T08:36:00Z,card,MREF_14629
PAY_14630,ORDER_14630,830.83,INR,captured,2026-06-04T16:56:00Z,wallet,MREF_14630
PAY_14631,ORDER_14631,4951.36,INR,captured,2026-04-10T09:12:00Z,card,MREF_14631
PAY_14632,ORDER_14632,8479.97,INR,captured,2026-04-10T06:33:00Z,upi,MREF_14632
PAY_14633,ORDER_14633,6814.97,INR,captured,2026-06-18T21:58:00Z,wallet,MREF_14633
PAY_14634,ORDER_14634,4090.98,INR,captured,2026-06-10T13:11:00Z,netbanking,MREF_14634
PAY_14635,ORDER_14635,5180.81,INR,captured,2026-03-06T18:09:00Z,netbanking,MREF_14635
PAY_14636,ORDER_14636,8531.89,INR,captured,2026-06-11T13:01:00Z,card,MREF_14636
PAY_14637,ORDER_14637,7773.32,INR,captured,2026-04-29T20:02:00Z,card,MREF_14637
PAY_14638,ORDER_14638,1542.62,INR,captured,2026-05-25T11:33:00Z,card,MREF_14638
PAY_14639,ORDER_14639,8849.31,INR,captured,2026-04-18T12:43:00Z,card,MREF_14639
PAY_14640,ORDER_14640,9225.95,INR,captured,2026-03-25T17:40:00Z,wallet,MREF_14640
PAY_14641,ORDER_14641,6945.35,INR,captured,2026-03-01T21:42:00Z,upi,MREF_14641
PAY_14642,ORDER_14642,7877.56,INR,captured,2026-05-18T07:32:00Z,wallet,MREF_14642
PAY_14643,ORDER_14643,5865.23,INR,captured,2026-03-24T15:12:00Z,upi,MREF_14643
PAY_14644,ORDER_14644,1445.48,INR,captured,2026-06-19T06:27:00Z,upi,MREF_14644
PAY_14645,ORDER_14645,6920.43,INR,captured,2026-05-30T21:46:00Z,upi,MREF_14645
PAY_14646,ORDER_14646,3337.67,INR,captured,2026-05-17T15:14:00Z,upi,MREF_14646
PAY_14647,ORDER_14647,5496.18,INR,captured,2026-03-30T16:20:00Z,wallet,MREF_14647
PAY_14648,ORDER_14648,2193.30,INR,captured,2026-04-01T16:20:00Z,netbanking,MREF_14648
PAY_14649,ORDER_14649,1553.54,INR,captured,2026-03-17T12:54:00Z,upi,MREF_14649
PAY_14650,ORDER_14650,2413.50,INR,captured,2026-05-08T09:09:00Z,wallet,MREF_14650
PAY_14651,ORDER_14651,2625.07,INR,captured,2026-04-22T08:58:00Z,netbanking,MREF_14651
PAY_14652,ORDER_14652,4784.78,INR,captured,2026-03-09T11:38:00Z,netbanking,MREF_14652
PAY_14653,ORDER_14653,706.58,INR,captured,2026-03-22T15:28:00Z,upi,MREF_14653
PAY_14654,ORDER_14654,4186.23,INR,captured,2026-04-13T16:59:00Z,wallet,MREF_14654
PAY_14655,ORDER_14655,7710.39,INR,captured,2026-03-09T18:57:00Z,netbanking,MREF_14655
PAY_14656,ORDER_14656,4567.19,INR,captured,2026-05-08T18:56:00Z,wallet,MREF_14656
PAY_14657,ORDER_14657,6556.45,INR,captured,2026-03-10T06:40:00Z,wallet,MREF_14657
PAY_14658,ORDER_14658,949.11,INR,captured,2026-06-26T10:44:00Z,netbanking,MREF_14658
PAY_14659,ORDER_14659,5196.19,INR,captured,2026-04-12T19:35:00Z,netbanking,MREF_14659
PAY_14660,ORDER_14660,4101.57,INR,captured,2026-03-08T11:05:00Z,netbanking,MREF_14660
PAY_14661,ORDER_14661,5595.59,INR,captured,2026-03-27T18:48:00Z,wallet,MREF_14661
PAY_14662,ORDER_14662,2168.96,INR,captured,2026-03-10T07:09:00Z,wallet,MREF_14662
PAY_14663,ORDER_14663,2835.65,INR,captured,2026-04-28T17:51:00Z,wallet,MREF_14663
PAY_14664,ORDER_14664,7501.66,INR,captured,2026-05-02T07:45:00Z,upi,MREF_14664
PAY_14665,ORDER_14665,8487.98,INR,captured,2026-04-28T13:08:00Z,card,MREF_14665
PAY_14666,ORDER_14666,2745.75,INR,captured,2026-05-09T13:11:00Z,upi,MREF_14666
PAY_14667,ORDER_14667,287.63,INR,captured,2026-05-02T20:17:00Z,wallet,MREF_14667
PAY_14668,ORDER_14668,2179.80,INR,captured,2026-06-06T18:11:00Z,netbanking,MREF_14668
PAY_14669,ORDER_14669,4271.44,INR,captured,2026-05-04T07:35:00Z,wallet,MREF_14669
PAY_14670,ORDER_14670,5362.67,INR,captured,2026-04-20T07:54:00Z,upi,MREF_14670
PAY_14671,ORDER_14671,1001.24,INR,captured,2026-06-16T16:28:00Z,card,MREF_14671
PAY_14672,ORDER_14672,2688.93,INR,captured,2026-06-17T08:39:00Z,netbanking,MREF_14672
PAY_14673,ORDER_14673,3628.17,INR,captured,2026-05-19T17:12:00Z,wallet,MREF_14673
PAY_14674,ORDER_14674,6445.76,INR,captured,2026-05-27T09:41:00Z,upi,MREF_14674
PAY_14675,ORDER_14675,4727.04,INR,captured,2026-03-19T07:40:00Z,upi,MREF_14675
PAY_14676,ORDER_14676,4207.61,INR,captured,2026-06-21T11:34:00Z,netbanking,MREF_14676
PAY_14677,ORDER_14677,3003.50,INR,captured,2026-04-13T19:28:00Z,card,MREF_14677
PAY_14678,ORDER_14678,1415.67,INR,captured,2026-05-15T19:33:00Z,netbanking,MREF_14678
PAY_14679,ORDER_14679,3290.80,INR,captured,2026-04-14T14:26:00Z,wallet,MREF_14679
PAY_14680,ORDER_14680,4734.49,INR,captured,2026-06-13T08:04:00Z,wallet,MREF_14680
PAY_14681,ORDER_14681,796.98,INR,captured,2026-03-05T19:14:00Z,upi,MREF_14681
PAY_14682,ORDER_14682,1907.10,INR,captured,2026-05-31T20:08:00Z,upi,MREF_14682
PAY_14683,ORDER_14683,809.93,INR,captured,2026-05-17T07:39:00Z,card,MREF_14683
PAY_14684,ORDER_14684,7112.24,INR,captured,2026-03-07T07:22:00Z,card,MREF_14684
PAY_14685,ORDER_14685,9475.14,INR,captured,2026-03-03T18:04:00Z,wallet,MREF_14685
PAY_14686,ORDER_14686,1998.76,INR,captured,2026-05-10T13:04:00Z,upi,MREF_14686
PAY_14687,ORDER_14687,2534.91,INR,captured,2026-03-28T19:33:00Z,netbanking,MREF_14687
PAY_14688,ORDER_14688,4887.36,INR,captured,2026-05-10T17:27:00Z,wallet,MREF_14688
PAY_14689,ORDER_14689,7295.26,INR,captured,2026-05-28T15:36:00Z,wallet,MREF_14689
PAY_14690,ORDER_14690,8935.97,INR,captured,2026-06-17T11:07:00Z,netbanking,MREF_14690
PAY_14691,ORDER_14691,2720.11,INR,captured,2026-06-22T19:24:00Z,wallet,MREF_14691
PAY_14692,ORDER_14692,4534.53,INR,captured,2026-05-31T13:42:00Z,wallet,MREF_14692
PAY_14693,ORDER_14693,5333.99,INR,captured,2026-06-13T21:47:00Z,upi,MREF_14693
PAY_14694,ORDER_14694,3563.32,INR,captured,2026-05-21T10:48:00Z,card,MREF_14694
PAY_14695,ORDER_14695,1588.77,INR,captured,2026-04-08T13:25:00Z,netbanking,MREF_14695
PAY_14696,ORDER_14696,9323.38,INR,captured,2026-03-14T06:53:00Z,card,MREF_14696
PAY_14697,ORDER_14697,4557.62,INR,captured,2026-04-06T18:02:00Z,netbanking,MREF_14697
PAY_14698,ORDER_14698,5415.17,INR,captured,2026-03-13T16:20:00Z,card,MREF_14698
PAY_14699,ORDER_14699,1024.27,INR,captured,2026-03-19T13:10:00Z,netbanking,MREF_14699
PAY_14700,ORDER_14700,8467.94,INR,captured,2026-06-04T17:26:00Z,card,MREF_14700
PAY_14701,ORDER_14701,7792.51,INR,captured,2026-05-28T14:19:00Z,wallet,MREF_14701
PAY_14702,ORDER_14702,4630.33,INR,captured,2026-06-21T11:57:00Z,upi,MREF_14702
PAY_14703,ORDER_14703,1753.14,INR,captured,2026-05-20T09:41:00Z,netbanking,MREF_14703
PAY_14704,ORDER_14704,4768.05,INR,captured,2026-05-10T12:20:00Z,upi,MREF_14704
PAY_14705,ORDER_14705,5587.42,INR,captured,2026-04-25T08:58:00Z,upi,MREF_14705
PAY_14706,ORDER_14706,2621.21,INR,captured,2026-06-26T06:17:00Z,upi,MREF_14706
PAY_14707,ORDER_14707,4853.36,INR,captured,2026-04-03T10:07:00Z,upi,MREF_14707
PAY_14708,ORDER_14708,4465.53,INR,captured,2026-03-10T15:42:00Z,netbanking,MREF_14708
PAY_14709,ORDER_14709,3624.52,INR,captured,2026-03-23T16:14:00Z,upi,MREF_14709
PAY_14710,ORDER_14710,5998.75,INR,captured,2026-05-04T13:10:00Z,wallet,MREF_14710
PAY_14711,ORDER_14711,8049.33,INR,captured,2026-06-24T13:55:00Z,netbanking,MREF_14711
PAY_14712,ORDER_14712,779.79,INR,captured,2026-05-05T08:50:00Z,card,MREF_14712
PAY_14713,ORDER_14713,4844.86,INR,captured,2026-06-09T11:12:00Z,upi,MREF_14713
PAY_14714,ORDER_14714,3713.18,INR,captured,2026-06-02T12:50:00Z,netbanking,MREF_14714
PAY_14715,ORDER_14715,8685.20,INR,captured,2026-03-03T12:26:00Z,netbanking,MREF_14715
PAY_14716,ORDER_14716,2926.41,INR,captured,2026-05-29T06:45:00Z,netbanking,MREF_14716
PAY_14717,ORDER_14717,6888.58,INR,captured,2026-03-29T19:26:00Z,netbanking,MREF_14717
PAY_14718,ORDER_14718,1732.60,INR,captured,2026-03-24T21:18:00Z,card,MREF_14718
PAY_14719,ORDER_14719,2017.01,INR,captured,2026-06-08T14:41:00Z,netbanking,MREF_14719
PAY_14720,ORDER_14720,4165.41,INR,captured,2026-04-28T09:59:00Z,upi,MREF_14720
PAY_14721,ORDER_14721,4139.73,INR,captured,2026-04-27T12:21:00Z,upi,MREF_14721
PAY_14722,ORDER_14722,3010.73,INR,captured,2026-04-24T14:19:00Z,upi,MREF_14722
PAY_14723,ORDER_14723,6029.48,INR,captured,2026-06-12T16:48:00Z,upi,MREF_14723
PAY_14724,ORDER_14724,467.77,INR,captured,2026-03-04T19:44:00Z,card,MREF_14724
PAY_14725,ORDER_14725,1658.33,INR,captured,2026-04-28T15:14:00Z,netbanking,MREF_14725
PAY_14726,ORDER_14726,3453.05,INR,captured,2026-06-12T15:30:00Z,wallet,MREF_14726
PAY_14727,ORDER_14727,8694.18,INR,captured,2026-05-04T21:15:00Z,upi,MREF_14727
PAY_14728,ORDER_14728,628.40,INR,captured,2026-05-24T21:33:00Z,wallet,MREF_14728
PAY_14729,ORDER_14729,7293.33,INR,captured,2026-04-19T08:18:00Z,netbanking,MREF_14729
PAY_14730,ORDER_14730,5099.84,INR,captured,2026-04-06T14:13:00Z,upi,MREF_14730
PAY_14731,ORDER_14731,9091.41,INR,captured,2026-03-19T10:45:00Z,upi,MREF_14731
PAY_14732,ORDER_14732,4056.85,INR,captured,2026-03-26T17:46:00Z,netbanking,MREF_14732
PAY_14733,ORDER_14733,2071.76,INR,captured,2026-04-27T21:12:00Z,netbanking,MREF_14733
PAY_14734,ORDER_14734,8871.07,INR,captured,2026-03-16T11:53:00Z,card,MREF_14734
PAY_14735,ORDER_14735,7474.85,INR,captured,2026-06-09T13:26:00Z,card,MREF_14735
PAY_14736,ORDER_14736,6061.06,INR,captured,2026-05-16T15:21:00Z,wallet,MREF_14736
PAY_14737,ORDER_14737,6554.24,INR,captured,2026-05-29T15:05:00Z,card,MREF_14737
PAY_14738,ORDER_14738,5314.13,INR,captured,2026-04-18T10:37:00Z,card,MREF_14738
PAY_14739,ORDER_14739,707.53,INR,captured,2026-06-12T21:37:00Z,card,MREF_14739
PAY_14740,ORDER_14740,1835.66,INR,captured,2026-05-06T07:01:00Z,upi,MREF_14740
PAY_14741,ORDER_14741,5766.82,INR,captured,2026-05-05T16:53:00Z,wallet,MREF_14741
PAY_14742,ORDER_14742,8909.97,INR,captured,2026-03-26T10:20:00Z,upi,MREF_14742
PAY_14743,ORDER_14743,875.70,INR,captured,2026-05-27T17:38:00Z,upi,MREF_14743
PAY_14744,ORDER_14744,5594.79,INR,captured,2026-05-27T07:36:00Z,wallet,MREF_14744
PAY_14745,ORDER_14745,9490.71,INR,captured,2026-04-30T15:17:00Z,upi,MREF_14745
PAY_14746,ORDER_14746,5623.94,INR,captured,2026-03-21T06:29:00Z,wallet,MREF_14746
PAY_14747,ORDER_14747,3404.95,INR,captured,2026-06-18T07:47:00Z,upi,MREF_14747
PAY_14748,ORDER_14748,9055.43,INR,captured,2026-05-07T09:22:00Z,wallet,MREF_14748
PAY_14749,ORDER_14749,5489.15,INR,captured,2026-03-23T11:16:00Z,netbanking,MREF_14749
PAY_14750,ORDER_14750,6672.24,INR,captured,2026-06-16T07:14:00Z,netbanking,MREF_14750
PAY_14751,ORDER_14751,6075.06,INR,captured,2026-06-20T19:05:00Z,netbanking,MREF_14751
PAY_14752,ORDER_14752,872.82,INR,captured,2026-04-19T17:54:00Z,card,MREF_14752
PAY_14753,ORDER_14753,8835.88,INR,captured,2026-04-28T21:43:00Z,card,MREF_14753
PAY_14754,ORDER_14754,4807.41,INR,captured,2026-06-25T13:23:00Z,wallet,MREF_14754
PAY_14755,ORDER_14755,2740.44,INR,captured,2026-05-25T12:38:00Z,wallet,MREF_14755
PAY_14756,ORDER_14756,8993.54,INR,captured,2026-05-24T15:54:00Z,card,MREF_14756
PAY_14757,ORDER_14757,7946.70,INR,captured,2026-05-16T13:33:00Z,card,MREF_14757
PAY_14758,ORDER_14758,7603.69,INR,captured,2026-06-02T10:40:00Z,netbanking,MREF_14758
PAY_14759,ORDER_14759,6353.90,INR,captured,2026-05-26T10:06:00Z,wallet,MREF_14759
PAY_14760,ORDER_14760,8962.64,INR,captured,2026-03-09T08:08:00Z,upi,MREF_14760
PAY_14761,ORDER_14761,3600.29,INR,captured,2026-04-26T12:57:00Z,upi,MREF_14761
PAY_14762,ORDER_14762,256.30,INR,captured,2026-03-07T07:16:00Z,wallet,MREF_14762
PAY_14763,ORDER_14763,7870.23,INR,captured,2026-03-31T15:59:00Z,card,MREF_14763
PAY_14764,ORDER_14764,4913.42,INR,captured,2026-04-12T06:22:00Z,upi,MREF_14764
PAY_14765,ORDER_14765,7852.80,INR,captured,2026-04-29T15:27:00Z,netbanking,MREF_14765
PAY_14766,ORDER_14766,4454.76,INR,captured,2026-06-28T16:05:00Z,netbanking,MREF_14766
PAY_14767,ORDER_14767,8956.31,INR,captured,2026-05-12T09:59:00Z,netbanking,MREF_14767
PAY_14768,ORDER_14768,7688.19,INR,captured,2026-03-17T07:45:00Z,upi,MREF_14768
PAY_14769,ORDER_14769,1289.87,INR,captured,2026-03-14T19:51:00Z,upi,MREF_14769
PAY_14770,ORDER_14770,7200.08,INR,captured,2026-06-07T09:20:00Z,netbanking,MREF_14770
PAY_14771,ORDER_14771,2936.89,INR,captured,2026-05-25T21:20:00Z,netbanking,MREF_14771
PAY_14772,ORDER_14772,7294.17,INR,captured,2026-05-29T07:21:00Z,wallet,MREF_14772
PAY_14773,ORDER_14773,5566.69,INR,captured,2026-03-15T18:00:00Z,wallet,MREF_14773
PAY_14774,ORDER_14774,8839.17,INR,captured,2026-06-13T08:04:00Z,card,MREF_14774
PAY_14775,ORDER_14775,7296.27,INR,captured,2026-03-30T07:09:00Z,wallet,MREF_14775
PAY_14776,ORDER_14776,182.50,INR,captured,2026-04-06T06:35:00Z,wallet,MREF_14776
PAY_14777,ORDER_14777,7833.91,INR,captured,2026-03-05T16:37:00Z,netbanking,MREF_14777
PAY_14778,ORDER_14778,6281.95,INR,captured,2026-04-26T20:27:00Z,upi,MREF_14778
PAY_14779,ORDER_14779,7434.55,INR,captured,2026-03-23T10:01:00Z,netbanking,MREF_14779
PAY_14780,ORDER_14780,5981.44,INR,captured,2026-03-31T06:37:00Z,upi,MREF_14780
PAY_14781,ORDER_14781,8679.59,INR,captured,2026-03-24T14:28:00Z,upi,MREF_14781
PAY_14782,ORDER_14782,6012.14,INR,captured,2026-04-12T07:03:00Z,card,MREF_14782
PAY_14783,ORDER_14783,3522.61,INR,captured,2026-06-28T12:34:00Z,upi,MREF_14783
PAY_14784,ORDER_14784,6582.10,INR,captured,2026-05-31T07:01:00Z,upi,MREF_14784
PAY_14785,ORDER_14785,1667.08,INR,captured,2026-03-29T08:14:00Z,wallet,MREF_14785
PAY_14786,ORDER_14786,943.82,INR,captured,2026-04-15T12:07:00Z,wallet,MREF_14786
PAY_14787,ORDER_14787,4538.03,INR,captured,2026-06-04T21:55:00Z,upi,MREF_14787
PAY_14788,ORDER_14788,4407.37,INR,captured,2026-05-02T21:36:00Z,netbanking,MREF_14788
PAY_14789,ORDER_14789,6782.11,INR,captured,2026-05-31T21:02:00Z,netbanking,MREF_14789
PAY_14790,ORDER_14790,8580.08,INR,captured,2026-03-25T07:30:00Z,wallet,MREF_14790
PAY_14791,ORDER_14791,7684.65,INR,captured,2026-03-14T16:25:00Z,upi,MREF_14791
PAY_14792,ORDER_14792,2094.96,INR,captured,2026-05-25T09:21:00Z,wallet,MREF_14792
PAY_14793,ORDER_14793,5891.81,INR,captured,2026-03-06T18:05:00Z,upi,MREF_14793
PAY_14794,ORDER_14794,4326.60,INR,captured,2026-05-06T06:23:00Z,upi,MREF_14794
PAY_14795,ORDER_14795,7385.93,INR,captured,2026-06-11T20:45:00Z,netbanking,MREF_14795
PAY_14796,ORDER_14796,8449.25,INR,captured,2026-06-27T16:39:00Z,wallet,MREF_14796
PAY_14797,ORDER_14797,458.21,INR,captured,2026-04-25T12:33:00Z,upi,MREF_14797
PAY_14798,ORDER_14798,2016.97,INR,captured,2026-03-02T16:29:00Z,card,MREF_14798
PAY_14799,ORDER_14799,1402.12,INR,captured,2026-06-27T17:11:00Z,upi,MREF_14799
PAY_14800,ORDER_14800,7047.65,INR,captured,2026-05-24T21:36:00Z,wallet,MREF_14800
PAY_14801,ORDER_14801,461.65,INR,captured,2026-05-20T09:50:00Z,netbanking,MREF_14801
PAY_14802,ORDER_14802,2914.26,INR,captured,2026-05-12T15:20:00Z,upi,MREF_14802
PAY_14803,ORDER_14803,6089.65,INR,captured,2026-03-26T12:01:00Z,card,MREF_14803
PAY_14804,ORDER_14804,1852.66,INR,captured,2026-06-28T15:45:00Z,netbanking,MREF_14804
PAY_14805,ORDER_14805,6094.35,INR,captured,2026-04-18T06:26:00Z,wallet,MREF_14805
PAY_14806,ORDER_14806,1159.41,INR,captured,2026-03-30T16:22:00Z,netbanking,MREF_14806
PAY_14807,ORDER_14807,8970.90,INR,captured,2026-05-20T07:26:00Z,upi,MREF_14807
PAY_14808,ORDER_14808,3120.66,INR,captured,2026-05-04T20:04:00Z,wallet,MREF_14808
PAY_14809,ORDER_14809,1052.39,INR,captured,2026-05-20T09:42:00Z,card,MREF_14809
PAY_14810,ORDER_14810,369.33,INR,captured,2026-06-23T11:37:00Z,card,MREF_14810
PAY_14811,ORDER_14811,4449.77,INR,captured,2026-04-16T13:05:00Z,card,MREF_14811
PAY_14812,ORDER_14812,6009.47,INR,captured,2026-05-01T09:31:00Z,wallet,MREF_14812
PAY_14813,ORDER_14813,3955.83,INR,captured,2026-05-14T06:27:00Z,card,MREF_14813
PAY_14814,ORDER_14814,4879.53,INR,captured,2026-05-17T10:58:00Z,upi,MREF_14814
PAY_14815,ORDER_14815,5001.86,INR,captured,2026-03-08T18:39:00Z,netbanking,MREF_14815
PAY_14816,ORDER_14816,2355.42,INR,captured,2026-04-09T06:47:00Z,netbanking,MREF_14816
PAY_14817,ORDER_14817,783.47,INR,captured,2026-06-20T09:49:00Z,wallet,MREF_14817
PAY_14818,ORDER_14818,8916.01,INR,captured,2026-04-10T12:17:00Z,wallet,MREF_14818
PAY_14819,ORDER_14819,2200.13,INR,captured,2026-03-23T12:07:00Z,wallet,MREF_14819
PAY_14820,ORDER_14820,4541.70,INR,captured,2026-04-17T08:55:00Z,card,MREF_14820
PAY_14821,ORDER_14821,6865.06,INR,captured,2026-04-06T19:55:00Z,netbanking,MREF_14821
PAY_14822,ORDER_14822,7898.72,INR,captured,2026-03-17T11:47:00Z,netbanking,MREF_14822
PAY_14823,ORDER_14823,8358.54,INR,captured,2026-03-28T10:16:00Z,card,MREF_14823
PAY_14824,ORDER_14824,3045.19,INR,captured,2026-04-01T17:12:00Z,card,MREF_14824
PAY_14825,ORDER_14825,6222.01,INR,captured,2026-06-20T09:21:00Z,card,MREF_14825
PAY_14826,ORDER_14826,6403.12,INR,captured,2026-04-25T13:14:00Z,upi,MREF_14826
PAY_14827,ORDER_14827,917.56,INR,captured,2026-05-09T06:13:00Z,card,MREF_14827
PAY_14828,ORDER_14828,7830.59,INR,captured,2026-05-05T12:05:00Z,wallet,MREF_14828
PAY_14829,ORDER_14829,8085.22,INR,captured,2026-04-01T10:18:00Z,card,MREF_14829
PAY_14830,ORDER_14830,4068.44,INR,captured,2026-06-21T08:45:00Z,upi,MREF_14830
PAY_14831,ORDER_14831,3659.36,INR,captured,2026-04-14T12:47:00Z,wallet,MREF_14831
PAY_14832,ORDER_14832,9155.68,INR,captured,2026-03-25T07:03:00Z,upi,MREF_14832
PAY_14833,ORDER_14833,4169.30,INR,captured,2026-03-26T11:27:00Z,wallet,MREF_14833
PAY_14834,ORDER_14834,6110.13,INR,captured,2026-03-09T21:00:00Z,netbanking,MREF_14834
PAY_14835,ORDER_14835,8446.78,INR,captured,2026-04-10T12:43:00Z,card,MREF_14835
PAY_14836,ORDER_14836,1497.51,INR,captured,2026-05-21T18:51:00Z,upi,MREF_14836
PAY_14837,ORDER_14837,3487.22,INR,captured,2026-05-06T15:56:00Z,card,MREF_14837
PAY_14838,ORDER_14838,1802.45,INR,captured,2026-06-07T12:38:00Z,wallet,MREF_14838
PAY_14839,ORDER_14839,8718.21,INR,captured,2026-03-18T10:29:00Z,upi,MREF_14839
PAY_14840,ORDER_14840,3724.81,INR,captured,2026-04-11T21:50:00Z,card,MREF_14840
PAY_14841,ORDER_14841,5149.67,INR,captured,2026-06-11T20:23:00Z,wallet,MREF_14841
PAY_14842,ORDER_14842,3574.19,INR,captured,2026-03-14T20:07:00Z,upi,MREF_14842
PAY_14843,ORDER_14843,1896.85,INR,captured,2026-06-22T09:31:00Z,card,MREF_14843
PAY_14844,ORDER_14844,9092.22,INR,captured,2026-05-07T08:51:00Z,wallet,MREF_14844
PAY_14845,ORDER_14845,9490.96,INR,captured,2026-04-18T21:27:00Z,netbanking,MREF_14845
PAY_14846,ORDER_14846,3466.91,INR,captured,2026-06-16T17:44:00Z,card,MREF_14846
PAY_14847,ORDER_14847,6921.96,INR,captured,2026-03-23T17:24:00Z,wallet,MREF_14847
PAY_14848,ORDER_14848,4326.36,INR,captured,2026-06-11T20:13:00Z,card,MREF_14848
PAY_14849,ORDER_14849,924.68,INR,captured,2026-03-01T10:14:00Z,netbanking,MREF_14849
PAY_14850,ORDER_14850,9003.67,INR,captured,2026-06-28T19:58:00Z,upi,MREF_14850
PAY_14851,ORDER_14851,5578.40,INR,captured,2026-03-21T19:54:00Z,card,MREF_14851
PAY_14852,ORDER_14852,1035.38,INR,captured,2026-03-27T15:49:00Z,netbanking,MREF_14852
PAY_14853,ORDER_14853,4671.87,INR,captured,2026-03-27T06:50:00Z,netbanking,MREF_14853
PAY_14854,ORDER_14854,5050.31,INR,captured,2026-06-10T19:24:00Z,card,MREF_14854
PAY_14855,ORDER_14855,9139.34,INR,captured,2026-04-14T08:30:00Z,netbanking,MREF_14855
PAY_14856,ORDER_14856,6457.44,INR,captured,2026-06-02T07:30:00Z,netbanking,MREF_14856
PAY_14857,ORDER_14857,776.83,INR,captured,2026-03-14T09:07:00Z,card,MREF_14857
PAY_14858,ORDER_14858,6145.75,INR,captured,2026-04-20T08:07:00Z,card,MREF_14858
PAY_14859,ORDER_14859,8125.56,INR,captured,2026-04-05T10:44:00Z,wallet,MREF_14859
PAY_14860,ORDER_14860,1088.36,INR,captured,2026-05-19T06:55:00Z,card,MREF_14860
PAY_14861,ORDER_14861,6351.45,INR,captured,2026-05-12T19:20:00Z,upi,MREF_14861
PAY_14862,ORDER_14862,270.35,INR,captured,2026-05-15T18:00:00Z,card,MREF_14862
PAY_14863,ORDER_14863,5570.42,INR,captured,2026-04-23T09:05:00Z,card,MREF_14863
PAY_14864,ORDER_14864,4684.40,INR,captured,2026-06-05T14:14:00Z,card,MREF_14864
PAY_14865,ORDER_14865,3567.21,INR,captured,2026-03-26T12:49:00Z,netbanking,MREF_14865
PAY_14866,ORDER_14866,7985.17,INR,captured,2026-05-16T08:23:00Z,upi,MREF_14866
PAY_14867,ORDER_14867,9382.90,INR,captured,2026-05-19T13:49:00Z,card,MREF_14867
PAY_14868,ORDER_14868,7442.63,INR,captured,2026-04-19T15:53:00Z,wallet,MREF_14868
PAY_14869,ORDER_14869,3405.76,INR,captured,2026-04-24T10:11:00Z,upi,MREF_14869
PAY_14870,ORDER_14870,8588.59,INR,captured,2026-06-19T12:59:00Z,wallet,MREF_14870
PAY_14871,ORDER_14871,1465.48,INR,captured,2026-06-17T06:14:00Z,card,MREF_14871
PAY_14872,ORDER_14872,8895.88,INR,captured,2026-05-21T12:34:00Z,netbanking,MREF_14872
PAY_14873,ORDER_14873,7516.00,INR,captured,2026-04-10T06:27:00Z,wallet,MREF_14873
PAY_14874,ORDER_14874,5833.34,INR,captured,2026-06-17T12:28:00Z,wallet,MREF_14874
PAY_14875,ORDER_14875,3322.10,INR,captured,2026-05-30T15:51:00Z,netbanking,MREF_14875
PAY_14876,ORDER_14876,1781.25,INR,captured,2026-04-15T11:49:00Z,wallet,MREF_14876
PAY_14877,ORDER_14877,8387.72,INR,captured,2026-06-26T21:05:00Z,card,MREF_14877
PAY_14878,ORDER_14878,398.93,INR,captured,2026-03-27T20:23:00Z,upi,MREF_14878
PAY_14879,ORDER_14879,2533.17,INR,captured,2026-03-03T14:30:00Z,card,MREF_14879
PAY_14880,ORDER_14880,3572.17,INR,captured,2026-04-15T13:22:00Z,netbanking,MREF_14880
PAY_14881,ORDER_14881,2023.45,INR,captured,2026-05-11T10:55:00Z,netbanking,MREF_14881
PAY_14882,ORDER_14882,7933.68,INR,captured,2026-04-22T17:14:00Z,upi,MREF_14882
PAY_14883,ORDER_14883,311.08,INR,captured,2026-03-01T21:25:00Z,wallet,MREF_14883
PAY_14884,ORDER_14884,5385.73,INR,captured,2026-03-06T13:50:00Z,wallet,MREF_14884
PAY_14885,ORDER_14885,8199.75,INR,captured,2026-04-26T07:08:00Z,upi,MREF_14885
PAY_14886,ORDER_14886,3791.38,INR,captured,2026-05-25T19:11:00Z,wallet,MREF_14886
PAY_14887,ORDER_14887,440.90,INR,captured,2026-04-30T17:40:00Z,wallet,MREF_14887
PAY_14888,ORDER_14888,7129.88,INR,captured,2026-06-24T14:03:00Z,wallet,MREF_14888
PAY_14889,ORDER_14889,1207.84,INR,captured,2026-03-04T18:04:00Z,card,MREF_14889
PAY_14890,ORDER_14890,4421.44,INR,captured,2026-03-05T14:17:00Z,upi,MREF_14890
PAY_14891,ORDER_14891,5808.06,INR,captured,2026-06-20T12:49:00Z,upi,MREF_14891
PAY_14892,ORDER_14892,8144.63,INR,captured,2026-05-05T19:16:00Z,wallet,MREF_14892
PAY_14893,ORDER_14893,8414.49,INR,captured,2026-05-21T20:30:00Z,upi,MREF_14893
PAY_14894,ORDER_14894,2913.54,INR,captured,2026-05-17T21:47:00Z,netbanking,MREF_14894
PAY_14895,ORDER_14895,5105.18,INR,captured,2026-05-09T18:12:00Z,wallet,MREF_14895
PAY_14896,ORDER_14896,1627.09,INR,captured,2026-06-16T14:38:00Z,netbanking,MREF_14896
PAY_14897,ORDER_14897,5993.86,INR,captured,2026-05-18T17:17:00Z,card,MREF_14897
PAY_14898,ORDER_14898,9266.87,INR,captured,2026-05-03T12:23:00Z,wallet,MREF_14898
PAY_14899,ORDER_14899,8985.99,INR,captured,2026-06-03T21:14:00Z,netbanking,MREF_14899
PAY_14900,ORDER_14900,4497.02,INR,captured,2026-03-23T15:36:00Z,netbanking,MREF_14900
PAY_14901,ORDER_14901,1048.46,INR,captured,2026-03-17T14:06:00Z,upi,MREF_14901
PAY_14902,ORDER_14902,7656.91,INR,captured,2026-03-01T18:22:00Z,upi,MREF_14902
PAY_14903,ORDER_14903,5784.72,INR,captured,2026-06-27T17:25:00Z,card,MREF_14903
PAY_14904,ORDER_14904,6625.46,INR,captured,2026-04-03T21:08:00Z,card,MREF_14904
PAY_14905,ORDER_14905,7256.89,INR,captured,2026-03-20T06:03:00Z,upi,MREF_14905
PAY_14906,ORDER_14906,2572.32,INR,captured,2026-06-27T19:49:00Z,netbanking,MREF_14906
PAY_14907,ORDER_14907,7714.87,INR,captured,2026-03-23T12:07:00Z,card,MREF_14907
PAY_14908,ORDER_14908,4211.29,INR,captured,2026-04-01T16:10:00Z,card,MREF_14908
PAY_14909,ORDER_14909,193.29,INR,captured,2026-03-07T10:08:00Z,wallet,MREF_14909
PAY_14910,ORDER_14910,2909.37,INR,captured,2026-05-28T08:06:00Z,wallet,MREF_14910
PAY_14911,ORDER_14911,696.46,INR,captured,2026-05-25T20:36:00Z,netbanking,MREF_14911
PAY_14912,ORDER_14912,5851.72,INR,captured,2026-03-10T06:11:00Z,wallet,MREF_14912
PAY_14913,ORDER_14913,5685.82,INR,captured,2026-03-11T06:54:00Z,netbanking,MREF_14913
PAY_14914,ORDER_14914,9192.60,INR,captured,2026-06-17T20:51:00Z,card,MREF_14914
PAY_14915,ORDER_14915,859.91,INR,captured,2026-05-08T09:36:00Z,card,MREF_14915
PAY_14916,ORDER_14916,6308.26,INR,captured,2026-03-11T15:37:00Z,wallet,MREF_14916
PAY_14917,ORDER_14917,4024.49,INR,captured,2026-04-02T08:40:00Z,upi,MREF_14917
PAY_14918,ORDER_14918,6897.84,INR,captured,2026-04-19T10:24:00Z,netbanking,MREF_14918
PAY_14919,ORDER_14919,8052.43,INR,captured,2026-03-31T09:24:00Z,card,MREF_14919
PAY_14920,ORDER_14920,1067.46,INR,captured,2026-05-09T14:54:00Z,card,MREF_14920
PAY_14921,ORDER_14921,7292.50,INR,captured,2026-05-12T10:36:00Z,wallet,MREF_14921
PAY_14922,ORDER_14922,2050.89,INR,captured,2026-04-27T15:48:00Z,card,MREF_14922
PAY_14923,ORDER_14923,1170.22,INR,captured,2026-04-06T16:06:00Z,upi,MREF_14923
PAY_14924,ORDER_14924,1522.99,INR,captured,2026-06-10T07:44:00Z,card,MREF_14924
PAY_14925,ORDER_14925,7820.71,INR,captured,2026-05-22T16:14:00Z,wallet,MREF_14925
PAY_14926,ORDER_14926,7442.58,INR,captured,2026-06-09T16:32:00Z,card,MREF_14926
PAY_14927,ORDER_14927,7331.90,INR,captured,2026-04-25T08:09:00Z,wallet,MREF_14927
PAY_14928,ORDER_14928,2401.29,INR,captured,2026-06-20T19:47:00Z,card,MREF_14928
PAY_14929,ORDER_14929,5899.61,INR,captured,2026-03-13T07:44:00Z,wallet,MREF_14929
PAY_14930,ORDER_14930,6697.92,INR,captured,2026-05-30T08:58:00Z,upi,MREF_14930
PAY_14931,ORDER_14931,5068.21,INR,captured,2026-05-29T16:55:00Z,card,MREF_14931
PAY_14932,ORDER_14932,6398.34,INR,captured,2026-05-10T08:24:00Z,wallet,MREF_14932
PAY_14933,ORDER_14933,3200.98,INR,captured,2026-03-24T08:19:00Z,upi,MREF_14933
PAY_14934,ORDER_14934,2829.26,INR,captured,2026-03-22T13:44:00Z,card,MREF_14934
PAY_14935,ORDER_14935,8244.10,INR,captured,2026-05-21T17:56:00Z,card,MREF_14935
PAY_14936,ORDER_14936,3509.33,INR,captured,2026-06-10T06:47:00Z,wallet,MREF_14936
PAY_14937,ORDER_14937,410.97,INR,captured,2026-06-22T06:33:00Z,upi,MREF_14937
PAY_14938,ORDER_14938,7340.33,INR,captured,2026-04-17T10:07:00Z,card,MREF_14938
PAY_14939,ORDER_14939,9215.06,INR,captured,2026-06-06T21:09:00Z,netbanking,MREF_14939
PAY_14940,ORDER_14940,5128.92,INR,captured,2026-03-31T14:15:00Z,card,MREF_14940
PAY_14941,ORDER_14941,2692.72,INR,captured,2026-04-26T09:57:00Z,card,MREF_14941
PAY_14942,ORDER_14942,5778.49,INR,captured,2026-05-29T08:34:00Z,upi,MREF_14942
PAY_14943,ORDER_14943,5932.31,INR,captured,2026-06-08T09:15:00Z,wallet,MREF_14943
PAY_14944,ORDER_14944,2210.13,INR,captured,2026-03-08T09:12:00Z,netbanking,MREF_14944
PAY_14945,ORDER_14945,4684.85,INR,captured,2026-05-16T21:39:00Z,wallet,MREF_14945
PAY_14946,ORDER_14946,5677.74,INR,captured,2026-04-26T08:29:00Z,card,MREF_14946
PAY_14947,ORDER_14947,5551.84,INR,captured,2026-03-02T20:29:00Z,wallet,MREF_14947
PAY_14948,ORDER_14948,7836.06,INR,captured,2026-06-07T19:43:00Z,wallet,MREF_14948
PAY_14949,ORDER_14949,3393.65,INR,captured,2026-04-11T17:38:00Z,wallet,MREF_14949
PAY_14950,ORDER_14950,503.14,INR,captured,2026-03-19T18:44:00Z,wallet,MREF_14950
PAY_14951,ORDER_14951,5562.11,INR,captured,2026-05-23T16:51:00Z,netbanking,MREF_14951
PAY_14952,ORDER_14952,6436.53,INR,captured,2026-06-04T13:01:00Z,card,MREF_14952
PAY_14953,ORDER_14953,4272.09,INR,captured,2026-03-24T17:07:00Z,card,MREF_14953
PAY_14954,ORDER_14954,696.08,INR,captured,2026-04-09T12:15:00Z,upi,MREF_14954
PAY_14955,ORDER_14955,2207.66,INR,captured,2026-05-08T11:40:00Z,netbanking,MREF_14955
PAY_14956,ORDER_14956,7760.08,INR,captured,2026-04-08T14:10:00Z,card,MREF_14956
PAY_14957,ORDER_14957,5800.18,INR,captured,2026-04-22T08:12:00Z,netbanking,MREF_14957
PAY_14958,ORDER_14958,8927.20,INR,captured,2026-04-26T10:43:00Z,upi,MREF_14958
PAY_14959,ORDER_14959,6034.68,INR,captured,2026-05-18T07:33:00Z,card,MREF_14959
PAY_14960,ORDER_14960,1454.90,INR,captured,2026-03-04T15:59:00Z,card,MREF_14960
PAY_14961,ORDER_14961,733.62,INR,captured,2026-05-07T13:43:00Z,upi,MREF_14961
PAY_14962,ORDER_14962,5044.68,INR,captured,2026-03-07T21:49:00Z,wallet,MREF_14962
PAY_14963,ORDER_14963,5672.40,INR,captured,2026-03-11T11:17:00Z,card,MREF_14963
PAY_14964,ORDER_14964,6725.49,INR,captured,2026-06-18T10:01:00Z,netbanking,MREF_14964
PAY_14965,ORDER_14965,830.42,INR,captured,2026-05-16T21:06:00Z,upi,MREF_14965
PAY_14966,ORDER_14966,6467.00,INR,captured,2026-03-29T13:35:00Z,card,MREF_14966
PAY_14967,ORDER_14967,8886.29,INR,captured,2026-03-28T18:30:00Z,upi,MREF_14967
PAY_14968,ORDER_14968,4840.52,INR,captured,2026-04-03T10:29:00Z,wallet,MREF_14968
PAY_14969,ORDER_14969,1272.81,INR,captured,2026-06-28T09:44:00Z,card,MREF_14969
PAY_14970,ORDER_14970,719.92,INR,captured,2026-04-02T10:52:00Z,upi,MREF_14970
PAY_14971,ORDER_14971,1515.47,INR,captured,2026-03-29T15:28:00Z,upi,MREF_14971
PAY_14972,ORDER_14972,1665.08,INR,captured,2026-04-26T17:20:00Z,card,MREF_14972
PAY_14973,ORDER_14973,7513.22,INR,captured,2026-03-28T17:54:00Z,wallet,MREF_14973
PAY_14974,ORDER_14974,8955.62,INR,captured,2026-03-05T21:00:00Z,wallet,MREF_14974
PAY_14975,ORDER_14975,6769.45,INR,captured,2026-05-13T15:35:00Z,card,MREF_14975
PAY_14976,ORDER_14976,3603.63,INR,captured,2026-06-27T10:40:00Z,upi,MREF_14976
PAY_14977,ORDER_14977,2147.64,INR,captured,2026-03-28T14:08:00Z,upi,MREF_14977
PAY_14978,ORDER_14978,3938.17,INR,captured,2026-05-20T16:27:00Z,wallet,MREF_14978
PAY_14979,ORDER_14979,321.62,INR,captured,2026-04-06T20:10:00Z,netbanking,MREF_14979
PAY_14980,ORDER_14980,1029.58,INR,captured,2026-03-17T19:03:00Z,netbanking,MREF_14980
PAY_14981,ORDER_14981,6889.06,INR,captured,2026-06-15T20:01:00Z,netbanking,MREF_14981
PAY_14982,ORDER_14982,2575.31,INR,captured,2026-06-06T17:44:00Z,netbanking,MREF_14982
PAY_14983,ORDER_14983,5698.45,INR,captured,2026-06-05T10:13:00Z,upi,MREF_14983
PAY_14984,ORDER_14984,8191.76,INR,captured,2026-05-18T09:15:00Z,upi,MREF_14984
PAY_14985,ORDER_14985,2575.71,INR,captured,2026-04-14T19:41:00Z,wallet,MREF_14985
PAY_14986,ORDER_14986,5525.00,INR,captured,2026-03-03T12:47:00Z,upi,MREF_14986
PAY_14987,ORDER_14987,850.74,INR,captured,2026-05-22T08:05:00Z,netbanking,MREF_14987
PAY_14988,ORDER_14988,8369.01,INR,captured,2026-06-02T11:25:00Z,card,MREF_14988
PAY_14989,ORDER_14989,5846.65,INR,captured,2026-05-01T09:47:00Z,card,MREF_14989
PAY_14990,ORDER_14990,3409.98,INR,captured,2026-05-16T21:03:00Z,wallet,MREF_14990
PAY_14991,ORDER_14991,3038.84,INR,captured,2026-05-02T14:56:00Z,card,MREF_14991
PAY_14992,ORDER_14992,6670.62,INR,captured,2026-06-24T14:41:00Z,card,MREF_14992
PAY_14993,ORDER_14993,8891.57,INR,captured,2026-05-21T07:58:00Z,card,MREF_14993
PAY_14994,ORDER_14994,8222.09,INR,captured,2026-05-12T14:34:00Z,wallet,MREF_14994
PAY_14995,ORDER_14995,6811.60,INR,captured,2026-03-03T17:36:00Z,wallet,MREF_14995
PAY_14996,ORDER_14996,9431.14,INR,captured,2026-04-01T06:50:00Z,card,MREF_14996
PAY_14997,ORDER_14997,6784.37,INR,captured,2026-06-08T19:25:00Z,card,MREF_14997
PAY_14998,ORDER_14998,731.91,INR,captured,2026-04-02T17:25:00Z,netbanking,MREF_14998
PAY_14999,ORDER_14999,8080.33,INR,captured,2026-05-21T13:37:00Z,wallet,MREF_14999
PAY_15000,ORDER_15000,4227.94,INR,captured,2026-03-04T08:52:00Z,card,MREF_15000
